t,a,H,psi0,psi1,psi2,psi3,psi4,psi5,psi6,psi7,psi8,psi9,psi10,psi11,psi12,psi13,psi14,psi15,S,rho,pressure,w,dust_like_fraction,negative_pressure_fraction,acceleration,Hdot,torsion_trace_time,torsion_scalar,levi_civita_ricci_scalar,boundary_term,boundary_identity_residual,dirac_equivalence_residual,S_relative_error,density_relative_error,friedmann_relative_error
-2.00000000000000011e-01,8.01869547355276713e-01,1.23640044807987826e+00,2.16476542258953009e+00,0.00000000000000000e+00,0.00000000000000000e+00,0.00000000000000000e+00,0.00000000000000000e+00,0.00000000000000000e+00,0.00000000000000000e+00,3.49382646679448974e-02,-6.98765293358897949e-02,0.00000000000000000e+00,0.00000000000000000e+00,0.00000000000000000e+00,0.00000000000000000e+00,0.00000000000000000e+00,0.00000000000000000e+00,1.08238271129476504e+00,4.69109206419125613e+00,1.52868606800184148e+00,-1.03530517183382287e+00,-6.77251656507263822e-01,1.53435429365920195e-01,8.46564570634079749e-01,-1.98147068575941443e-01,-1.72683313658806514e+00,8.65480313655914735e+00,6.42048148565092021e+01,6.14307558964460085e+01,1.25635570752955203e+02,0.00000000000000000e+00,0.00000000000000000e+00,3.32209129894023001e-10,1.07220037709185955e-10,6.72618121894929077e-12
-1.90000000000000002e-01,8.11776464901734052e-01,1.21955340548644364e+00,2.07377213882929956e+00,0.00000000000000000e+00,0.00000000000000000e+00,0.00000000000000000e+00,0.00000000000000000e+00,0.00000000000000000e+00,0.00000000000000000e+00,3.23578488284844770e-02,-6.47156976569689540e-02,0.00000000000000000e+00,0.00000000000000000e+00,0.00000000000000000e+00,0.00000000000000000e+00,0.00000000000000000e+00,0.00000000000000000e+00,1.03688606941464978e+00,4.30471900530787543e+00,1.48731050882664206e+00,-1.01765964684899868e+00,-6.84228102208356725e-01,1.44714872239554149e-01,8.55285127760445851e-01,-1.56467508088169671e-01,-1.64377801692175174e+00,8.53687383840510527e+00,6.24670413710104455e+01,6.02764962577760741e+01,1.22743537628786498e+02,2.84217094304040074e-14,0.00000000000000000e+00,2.97685052164482430e-10,9.40005077512899712e-11,4.66614340835049258e-12
-1.79999999999999993e-01,8.21670657925193892e-01,1.20350213285536389e+00,1.98774744264306324e+00,0.00000000000000000e+00,0.00000000000000000e+00,0.00000000000000000e+00,0.00000000000000000e+00,0.00000000000000000e+00,0.00000000000000000e+00,2.99097761277546045e-02,-5.98195522555092091e-02,0.00000000000000000e+00,0.00000000000000000e+00,0.00000000000000000e+00,0.00000000000000000e+00,0.00000000000000000e+00,0.00000000000000000e+00,9.93873721321531622e-01,3.95471827456608782e+00,1.44841738378313911e+00,-1.00054517604386795e+00,-6.90785119846139772e-01,1.36518600192325479e-01,8.63481399807674577e-01,-1.19135343300039054e-01,-1.56755272708744897e+00,8.42451492998754681e+00,6.08335301190712201e+01,5.91656353128706698e+01,1.19999165431941890e+02,0.00000000000000000e+00,0.00000000000000000e+00,2.67158059444453897e-10,8.26091370289269703e-11,2.94860167997506480e-12
-1.70000000000000012e-01,8.31555041325797606e-01,1.18818196349378780e+00,1.90633719153392178e+00,0.00000000000000000e+00,0.00000000000000000e+00,0.00000000000000000e+00,0.00000000000000000e+00,0.00000000000000000e+00,0.00000000000000000e+00,2.75836790381197572e-02,-5.51673580762395144e-02,0.00000000000000000e+00,0.00000000000000000e+00,0.00000000000000000e+00,0.00000000000000000e+00,0.00000000000000000e+00,0.00000000000000000e+00,9.53168595766960891e-01,3.63716492522255264e+00,1.41177637836978787e+00,-9.83934505686928307e-01,-6.96947845821801582e-01,1.28815192722748162e-01,8.71184807277251894e-01,-8.56701760180555993e-02,-1.49744655439000840e+00,8.31727374445651435e+00,5.92946078916220216e+01,5.80952254273692432e+01,1.17389833318991251e+02,1.42108547152020037e-14,0.00000000000000000e+00,2.40658331880917133e-10,7.29321309278319517e-11,1.53348287390879679e-12
-1.60000000000000003e-01,8.41432282140342158e-01,1.17353489250156051e+00,1.82921977546810210e+00,0.00000000000000000e+00,0.00000000000000000e+00,0.00000000000000000e+00,0.00000000000000000e+00,0.00000000000000000e+00,0.00000000000000000e+00,2.53701362152527927e-02,-5.07402724305055855e-02,0.00000000000000000e+00,0.00000000000000000e+00,0.00000000000000000e+00,0.00000000000000000e+00,0.00000000000000000e+00,0.00000000000000000e+00,9.14609887734051052e-01,3.34861956220989576e+00,1.37718414391813915e+00,-9.67802532646115488e-01,-7.02740106993014035e-01,1.21574866258732511e-01,8.78425133741267516e-01,-5.56514955334335149e-02,-1.43283563945208270e+00,8.21474424751092336e+00,5.78417340445832693e+01,5.70626131071151974e+01,1.14904347151698474e+02,-1.42108547152020037e-14,0.00000000000000000e+00,2.17404839959208153e-10,6.46258492749046510e-11,3.70347320483755064e-13
-1.49999999999999994e-01,8.51304823379076536e-01,1.15950877094913496e+00,1.75610239325737649e+00,0.00000000000000000e+00,0.00000000000000000e+00,0.00000000000000000e+00,0.00000000000000000e+00,0.00000000000000000e+00,0.00000000000000000e+00,2.32605647973595960e-02,-4.65211295947191919e-02,0.00000000000000000e+00,0.00000000000000000e+00,0.00000000000000000e+00,0.00000000000000000e+00,0.00000000000000000e+00,0.00000000000000000e+00,8.78051196628688246e-01,3.08605983110305404e+00,1.34446058990875761e+00,-9.52126078682883903e-01,-7.08184446483106189e-01,1.14769441896117264e-01,8.85230558103882625e-01,-2.87101993825844559e-02,-1.37317078929055802e+00,8.11656139664394516e+00,5.64673447761348939e+01,5.60654019847787168e+01,1.12532746760913611e+02,0.00000000000000000e+00,0.00000000000000000e+00,1.96831458977368263e-10,5.74386527597163836e-11,5.83162872809454945e-13
-1.40000000000000013e-01,8.61174905192413132e-01,1.14605661193110397e+00,1.68671783652736762e+00,0.00000000000000000e+00,0.00000000000000000e+00,0.00000000000000000e+00,0.00000000000000000e+00,0.00000000000000000e+00,0.00000000000000000e+00,2.12471273176875163e-02,-4.24942546353750325e-02,0.00000000000000000e+00,0.00000000000000000e+00,0.00000000000000000e+00,0.00000000000000000e+00,0.00000000000000000e+00,0.00000000000000000e+00,8.43358918263683810e-01,2.84682282173657963e+00,1.31344575775278649e+00,-9.36883693332766110e-01,-7.13302157932816594e-01,1.08372302583979327e-01,8.91627697416020659e-01,-4.52146771907036005e-03,-1.31796722547007139e+00,8.02239628351772716e+00,5.51647218255420455e+01,5.51014212774750547e+01,1.10266143103017114e+02,-1.42108547152020037e-14,0.00000000000000000e+00,1.78571163981149443e-10,5.11957783859778484e-11,1.35937145303737139e-12
-1.30000000000000004e-01,8.71044583714563836e-01,1.13313599092151418e+00,1.62082170178864460e+00,0.00000000000000000e+00,0.00000000000000000e+00,0.00000000000000000e+00,0.00000000000000000e+00,0.00000000000000000e+00,0.00000000000000000e+00,1.93226509478285936e-02,-3.86453018956571873e-02,0.00000000000000000e+00,0.00000000000000000e+00,0.00000000000000000e+00,0.00000000000000000e+00,0.00000000000000000e+00,0.00000000000000000e+00,8.10410850894322299e-01,2.62855644834764446e+00,1.28399717392423685e+00,-9.22055481205483751e-01,-7.18113326049960810e-01,1.02358342437549030e-01,8.97641657562451067e-01,1.72012494060460597e-02,-1.26679592451563572e+00,7.93195193645059948e+00,5.39278813047106453e+01,5.41686987963952760e+01,1.08096580101105914e+02,1.42108547152020037e-14,0.00000000000000000e+00,1.62309980115700203e-10,4.57530486904168372e-11,1.98993215932350550e-12
-1.20000000000000023e-01,8.80915747879494893e-01,1.12070852593747339e+00,1.55818996506004215e+00,0.00000000000000000e+00,0.00000000000000000e+00,0.00000000000000000e+00,0.00000000000000000e+00,0.00000000000000000e+00,0.00000000000000000e+00,1.74805571893240745e-02,-3.49611143786481490e-02,0.00000000000000000e+00,0.00000000000000000e+00,0.00000000000000000e+00,0.00000000000000000e+00,0.00000000000000000e+00,0.00000000000000000e+00,7.79094982530021074e-01,2.42917824673241256e+00,1.25598760011208044e+00,-9.07622950220367986e-01,-7.22636871685177873e-01,9.67039103935277838e-02,9.03296089606472341e-01,3.67113254879509743e-02,-1.21927627462099353e+00,7.84495968156231349e+00,5.27514792045756664e+01,5.32654377614069787e+01,1.06016916965982631e+02,1.42108547152020037e-14,0.00000000000000000e+00,1.47784932875558616e-10,4.09900862483267705e-11,2.49678894527014098e-12
-1.10000000000000014e-01,8.90790134461599714e-01,1.10873942550341797e+00,1.49861686473840905e+00,0.00000000000000000e+00,0.00000000000000000e+00,0.00000000000000000e+00,0.00000000000000000e+00,0.00000000000000000e+00,0.00000000000000000e+00,1.57148004539093937e-02,-3.14296009078187874e-02,0.00000000000000000e+00,0.00000000000000000e+00,0.00000000000000000e+00,0.00000000000000000e+00,0.00000000000000000e+00,0.00000000000000000e+00,7.49308432369204525e-01,2.24684032709160375e+00,1.22930311366921696e+00,-8.93568877851709353e-01,-7.26890599979520102e-01,9.13867500255997611e-02,9.08613249974400183e-01,5.42332883043727954e-02,-1.17506982536127658e+00,7.76117597852392560e+00,5.16307307739572678e+01,5.23899968102184914e+01,1.04020727584175759e+02,0.00000000000000000e+00,0.00000000000000000e+00,1.34773754375388959e-10,3.68080492843068280e-11,2.90212448635386081e-12
-1.00000000000000006e-01,9.00669341557556180e-01,1.09719709442473556e+00,1.44191304752989269e+00,0.00000000000000000e+00,0.00000000000000000e+00,0.00000000000000000e+00,0.00000000000000000e+00,0.00000000000000000e+00,0.00000000000000000e+00,1.40198142346050613e-02,-2.80396284692101226e-02,0.00000000000000000e+00,0.00000000000000000e+00,0.00000000000000000e+00,0.00000000000000000e+00,0.00000000000000000e+00,0.00000000000000000e+00,7.20956523764946344e-01,2.07989945740163362e+00,1.20384146401795755e+00,-8.79877192918300688e-01,-7.30891250399044012e-01,8.63859370011950400e-02,9.13614062998804877e-01,6.99665151652828499e-02,-1.13387494884879914e+00,7.68037966097314850e+00,5.05613414885914452e+01,5.15408727009054104e+01,1.02102214189496863e+02,0.00000000000000000e+00,0.00000000000000000e+00,1.23084206621200712e-10,3.31231257521862715e-11,3.21933298544673242e-12
-8.99999999999999967e-02,9.10554840695660395e-01,1.08605278902259750e+00,1.38790393969084769e+00,0.00000000000000000e+00,0.00000000000000000e+00,0.00000000000000000e+00,0.00000000000000000e+00,0.00000000000000000e+00,0.00000000000000000e+00,1.23904637832706280e-02,-2.47809275665412561e-02,0.00000000000000000e+00,0.00000000000000000e+00,0.00000000000000000e+00,0.00000000000000000e+00,0.00000000000000000e+00,0.00000000000000000e+00,6.93951969845423844e-01,1.92689144018043446e+00,1.17951066054784914e+00,-8.66532870831062008e-01,-7.34654547699112870e-01,8.16818153761089544e-02,9.18318184623891032e-01,8.40883965350076590e-02,-1.09542226400875498e+00,7.60236952315818293e+00,4.95394477428380284e+01,5.07166852943281441e+01,1.00256133037166165e+02,0.00000000000000000e+00,0.00000000000000000e+00,1.12555761832872933e-10,2.98662825146921870e-11,3.46457988530786929e-12
-8.00000000000000017e-02,9.20447987733488238e-01,1.07528031482720854e+00,1.33642831191152323e+00,0.00000000000000000e+00,0.00000000000000000e+00,0.00000000000000000e+00,0.00000000000000000e+00,0.00000000000000000e+00,0.00000000000000000e+00,1.08220043849608510e-02,-2.16440087699217021e-02,0.00000000000000000e+00,0.00000000000000000e+00,0.00000000000000000e+00,0.00000000000000000e+00,0.00000000000000000e+00,0.00000000000000000e+00,6.68214155955761613e-01,1.78650909599431595e+00,1.15622775545911938e+00,-8.53521840527522890e-01,-7.38195253052546851e-01,7.72559336843164635e-02,9.22744066315683620e-01,9.67570531943131584e-02,-1.05947070226058759e+00,7.52696220379045933e+00,4.85615657291058298e+01,4.99161644738262069e+01,9.84777302029320509e+01,-1.42108547152020037e-14,0.00000000000000000e+00,1.03046442705946137e-10,2.69780983490780775e-11,3.64861112272427789e-12
-7.00000000000000067e-02,9.30350032683216921e-01,1.06485576083292277e+00,1.28733701117891597e+00,0.00000000000000000e+00,0.00000000000000000e+00,0.00000000000000000e+00,0.00000000000000000e+00,0.00000000000000000e+00,0.00000000000000000e+00,9.31004446309605799e-03,-1.86200889261921160e-02,0.00000000000000000e+00,0.00000000000000000e+00,0.00000000000000000e+00,0.00000000000000000e+00,0.00000000000000000e+00,0.00000000000000000e+00,6.43668505589457984e-01,1.65758328806268374e+00,1.13391779138335136e+00,-8.40830901584173840e-01,-7.41527214736071083e-01,7.30909815799112711e-02,9.26909018420088771e-01,1.08113677081941528e-01,-1.02580411429712126e+00,7.45399032583045962e+00,4.76245472379206376e+01,4.91381387170678252e+01,9.67626859549884557e+01,0.00000000000000000e+00,0.00000000000000000e+00,9.44371548696029685e-11,2.44092492943594352e-11,3.78208149842159806e-12
-6.00000000000000117e-02,9.40262128585655388e-01,1.05475726533223768e+00,1.24049183708599986e+00,0.00000000000000000e+00,0.00000000000000000e+00,0.00000000000000000e+00,0.00000000000000000e+00,0.00000000000000000e+00,0.00000000000000000e+00,7.85051286809672517e-03,-1.57010257361934503e-02,0.00000000000000000e+00,0.00000000000000000e+00,0.00000000000000000e+00,0.00000000000000000e+00,0.00000000000000000e+00,0.00000000000000000e+00,6.20245918542999930e-01,1.53906652008616729e+00,1.11251288877544985e+00,-8.28447650216913134e-01,-7.44663417903221658e-01,6.91707276209729133e-02,9.30829272379027017e-01,1.18284553816261906e-01,-9.94228334954878501e-01,7.38330085732566399e+00,4.67255413283878980e+01,4.83815250818155675e+01,9.51070664102034584e+01,0.00000000000000000e+00,0.00000000000000000e+00,8.66236617270850318e-11,2.21183802602244926e-11,3.87361057643874862e-12
-5.00000000000000028e-02,9.50185339538459073e-01,1.04496480910308942e+00,1.19576454347870698e+00,0.00000000000000000e+00,0.00000000000000000e+00,0.00000000000000000e+00,0.00000000000000000e+00,0.00000000000000000e+00,0.00000000000000000e+00,6.43962980049902958e-03,-1.28792596009980592e-02,0.00000000000000000e+00,0.00000000000000000e+00,0.00000000000000000e+00,0.00000000000000000e+00,0.00000000000000000e+00,0.00000000000000000e+00,5.97882271739353488e-01,1.43001871876871034e+00,1.09195145226814838e+00,-8.16360413063770274e-01,-7.47616033082850184e-01,6.54799586464373112e-02,9.34520041353562703e-01,1.27382815048532660e-01,-9.64568637215323377e-01,7.31475366372162572e+00,4.58619609950819580e+01,4.76453204057614101e+01,9.35072814008433681e+01,0.00000000000000000e+00,0.00000000000000000e+00,7.95444975300814109e-11,2.00757988510741682e-11,3.93089294298746701e-12
-4.00000000000000008e-02,9.60120647970680086e-01,1.03546003235427819e+00,1.15303594918114594e+00,0.00000000000000000e+00,0.00000000000000000e+00,0.00000000000000000e+00,0.00000000000000000e+00,0.00000000000000000e+00,0.00000000000000000e+00,5.07388090140662579e-03,-1.01477618028132516e-02,0.00000000000000000e+00,0.00000000000000000e+00,0.00000000000000000e+00,0.00000000000000000e+00,0.00000000000000000e+00,0.00000000000000000e+00,5.76517974590572968e-01,1.32959487717367275e+00,1.07217747860736790e+00,-8.04558187798947388e-01,-7.50396463134045288e-01,6.20044210824433617e-02,9.37995578917556583e-01,1.35509960773651073e-01,-9.36667517829471774e-01,7.24822022647994757e+00,4.50314541013311640e+01,4.69285935521622761e+01,9.19600476534934330e+01,0.00000000000000000e+00,0.00000000000000000e+00,7.30979801503363624e-11,1.82456488536501595e-11,3.95927805018863692e-12
-3.00000000000000058e-02,9.70068961244392236e-01,1.02622607236052565e+00,1.11219514391922547e+00,0.00000000000000000e+00,0.00000000000000000e+00,0.00000000000000000e+00,0.00000000000000000e+00,0.00000000000000000e+00,0.00000000000000000e+00,3.74999411159870856e-03,-7.49998822319741711e-03,0.00000000000000000e+00,0.00000000000000000e+00,0.00000000000000000e+00,0.00000000000000000e+00,0.00000000000000000e+00,0.00000000000000000e+00,5.56097571959612735e-01,1.23703428798085469e+00,1.05313995159668616e+00,-7.93030589758114801e-01,-7.53015388463599278e-01,5.87307644205009374e-02,9.41269235579499153e-01,1.42757185157511124e-01,-9.10382766434999713e-01,7.18358250652367936e+00,4.42318779668854560e+01,4.62304785590906064e+01,9.04623565259760767e+01,-1.42108547152020037e-14,0.00000000000000000e+00,6.72133903331772858e-11,1.66003197371366742e-11,3.96464567190713211e-12
-2.00000000000000004e-02,9.80031117654273753e-01,1.01724741916033334e+00,1.07313877755776343e+00,0.00000000000000000e+00,0.00000000000000000e+00,0.00000000000000000e+00,0.00000000000000000e+00,0.00000000000000000e+00,0.00000000000000000e+00,2.46491895790671225e-03,-4.92983791581342451e-03,0.00000000000000000e+00,0.00000000000000000e+00,0.00000000000000000e+00,0.00000000000000000e+00,0.00000000000000000e+00,0.00000000000000000e+00,5.36569388778881717e-01,1.15165113920004702e+00,1.03479231179252906e+00,-7.81767803866021405e-01,-7.55482810373606761e-01,5.56464870329915900e-02,9.44353512967008424e-01,1.49206534045582040e-01,-8.85585777742776803e-01,7.12073193412233341e+00,4.34612770951110789e+01,4.55501685717492251e+01,8.90114456668602969e+01,1.42108547152020037e-14,0.00000000000000000e+00,6.34688516630675564e-11,1.55192049881280664e-11,4.03000648301407403e-12
-1.00000000000000002e-02,9.90007891887630276e-01,1.00850978706008143e+00,1.03577042243694173e+00,0.00000000000000000e+00,0.00000000000000000e+00,0.00000000000000000e+00,0.00000000000000000e+00,0.00000000000000000e+00,0.00000000000000000e+00,1.21580797360569233e-03,-2.43161594721138467e-03,0.00000000000000000e+00,0.00000000000000000e+00,0.00000000000000000e+00,0.00000000000000000e+00,0.00000000000000000e+00,0.00000000000000000e+00,5.17885211218470864e-01,1.07282628075131536e+00,1.01709199060000177e+00,-7.70760541249948861e-01,-7.57808092457067373e-01,5.27398844286658328e-02,9.47260115571334160e-01,1.54931917870785529e-01,-8.62160072725185245e-01,7.05956850942057024e+00,4.27178636050307716e+01,4.48869104552217735e+01,8.76047740602525380e+01,0.00000000000000000e+00,0.00000000000000000e+00,5.86503789184314788e-11,1.42045482150829101e-11,3.96325779286793583e-12
0.00000000000000000e+00,1.00000000000000000e+00,1.00000000000000000e+00,1.00000000000000000e+00,0.00000000000000000e+00,0.00000000000000000e+00,0.00000000000000000e+00,0.00000000000000000e+00,0.00000000000000000e+00,0.00000000000000000e+00,0.00000000000000000e+00,0.00000000000000000e+00,0.00000000000000000e+00,0.00000000000000000e+00,0.00000000000000000e+00,0.00000000000000000e+00,0.00000000000000000e+00,0.00000000000000000e+00,5.00000000000000000e-01,1.00000000000000000e+00,1.00000000000000000e+00,-7.60000000000000009e-01,-7.60000000000000009e-01,5.00000000000000028e-02,9.49999999999999956e-01,1.60000000000000031e-01,-8.39999999999999969e-01,7.00000000000000000e+00,4.20000000000000000e+01,4.42400000000000020e+01,8.62399999999999949e+01,1.42108547152020037e-14,0.00000000000000000e+00,0.00000000000000000e+00,0.00000000000000000e+00,0.00000000000000000e+00
1.00000000000000002e-02,1.01000810395385154e+00,9.91705889132648899e-01,9.65743264274026014e-01,0.00000000000000000e+00,0.00000000000000000e+00,0.00000000000000000e+00,0.00000000000000000e+00,0.00000000000000000e+00,0.00000000000000000e+00,-1.18499484405916477e-03,2.36998968811832954e-03,0.00000000000000000e+00,0.00000000000000000e+00,0.00000000000000000e+00,0.00000000000000000e+00,0.00000000000000000e+00,0.00000000000000000e+00,4.82871632137013007e-01,9.32665669341772974e-01,9.83480570540550936e-01,-7.49477829658769856e-01,-7.62066737370148517e-01,4.74165782873143815e-02,9.52583421712685618e-01,1.64470977454143963e-01,-8.19009593086233778e-01,6.94194122392854229e+00,4.13061839626958687e+01,4.36087776470538842e+01,8.49149616097497386e+01,1.42108547152020037e-14,0.00000000000000000e+00,1.20580348564941995e-11,2.86891361080948820e-12,1.76103928261980077e-13
2.00000000000000004e-02,1.02003281576751070e+00,9.83616201076463414e-01,9.32921335137280816e-01,0.00000000000000000e+00,0.00000000000000000e+00,0.00000000000000000e+00,0.00000000000000000e+00,0.00000000000000000e+00,0.00000000000000000e+00,-2.34150872719475229e-03,4.68301745438950458e-03,0.00000000000000000e+00,0.00000000000000000e+00,0.00000000000000000e+00,0.00000000000000000e+00,0.00000000000000000e+00,0.00000000000000000e+00,4.66460667568640408e-01,8.70364148206804744e-01,9.67500831017479523e-01,-7.39186098885711518e-01,-7.64015983436769686e-01,4.49800207040380387e-02,9.55019979295962052e-01,1.68399268558905635e-01,-7.99101562461188020e-01,6.88531340753524379e+00,4.06350349028439339e+01,4.29926246626686179e+01,8.36276595655125448e+01,0.00000000000000000e+00,0.00000000000000000e+00,5.02923428746187968e-11,1.18681878753259238e-11,2.70194200353628925e-12
2.99999999999999989e-02,1.03007470130567458e+00,9.75720515736156369e-01,9.01460276482707656e-01,0.00000000000000000e+00,0.00000000000000000e+00,0.00000000000000000e+00,0.00000000000000000e+00,0.00000000000000000e+00,0.00000000000000000e+00,-3.47172834507891671e-03,6.94345669015783342e-03,0.00000000000000000e+00,0.00000000000000000e+00,0.00000000000000000e+00,0.00000000000000000e+00,0.00000000000000000e+00,0.00000000000000000e+00,4.50730138241353828e-01,8.12678841667087926e-01,9.52030524821989022e-01,-7.29117266190907776e-01,-7.65854925005937548e-01,4.26813437425781553e-02,9.57318656257421852e-01,1.71834119619646564e-01,-7.80196405208784416e-01,6.83004361015309414e+00,3.99852820427940969e+01,4.23909597174691513e+01,8.23762417602632411e+01,0.00000000000000000e+00,0.00000000000000000e+00,1.20194505025075732e-10,2.81429014424008682e-11,6.76654572529544407e-12
4.00000000000000008e-02,1.04013428375289907e+00,9.68009172436377185e-01,8.71290713472137712e-01,0.00000000000000000e+00,0.00000000000000000e+00,0.00000000000000000e+00,0.00000000000000000e+00,0.00000000000000000e+00,0.00000000000000000e+00,-4.57770600018020217e-03,9.15541200036040434e-03,0.00000000000000000e+00,0.00000000000000000e+00,0.00000000000000000e+00,0.00000000000000000e+00,0.00000000000000000e+00,0.00000000000000000e+00,4.35645356736068856e-01,7.59231328951683104e-01,9.37041757914682250e-01,-7.19264153173678533e-01,-7.67590288371297502e-01,4.05121395358781500e-02,9.59487860464121822e-01,1.74820141327446832e-01,-7.62221616593512952e-01,6.77606420705463997e+00,3.93557538326803140e+01,4.18032358112645710e+01,8.11589896439448779e+01,1.42108547152020037e-14,0.00000000000000000e+00,1.16160041010777072e-10,2.69966482424541671e-11,6.69931088461651317e-12
5.00000000000000028e-02,1.05021204679690205e+00,9.60473203492195560e-01,8.42347484923923084e-01,0.00000000000000000e+00,0.00000000000000000e+00,0.00000000000000000e+00,0.00000000000000000e+00,0.00000000000000000e+00,0.00000000000000000e+00,-5.66136963478959965e-03,1.13227392695791993e-02,0.00000000000000000e+00,0.00000000000000000e+00,0.00000000000000000e+00,0.00000000000000000e+00,0.00000000000000000e+00,0.00000000000000000e+00,4.21173742461961542e-01,7.09677489782225668e-01,9.22508774620433347e-01,-7.09619920105057700e-01,-7.69228369016902946e-01,3.84645387288713239e-02,9.61535461271128655e-01,1.77397783822745736e-01,-7.45110990803814710e-01,6.72331242444536858e+00,3.87453685343155385e+01,4.12289375078339759e+01,7.99743060421495215e+01,0.00000000000000000e+00,0.00000000000000000e+00,1.12687534967373456e-10,2.60049668878755212e-11,6.64177837313505413e-12
5.99999999999999978e-02,1.06030843754763615e+00,9.53104274406990082e-01,8.14569327184591740e-01,0.00000000000000000e+00,0.00000000000000000e+00,0.00000000000000000e+00,0.00000000000000000e+00,0.00000000000000000e+00,0.00000000000000000e+00,-6.72453192041781896e-03,1.34490638408356379e-02,0.00000000000000000e+00,0.00000000000000000e+00,0.00000000000000000e+00,0.00000000000000000e+00,0.00000000000000000e+00,0.00000000000000000e+00,4.07284663592295870e-01,6.63704066108153246e-01,9.08407757886890876e-01,-7.00178043665186656e-01,-7.70775059532646911e-01,3.65311755841914235e-02,9.63468824415808611e-01,1.79603758116910317e-01,-7.28803999775964773e-01,6.67172992084893046e+00,3.81531258315007520e+01,4.06675784451374938e+01,7.88207042766382528e+01,0.00000000000000000e+00,0.00000000000000000e+00,1.09582372566273395e-10,2.51191313883394504e-11,6.58758478566094771e-12
7.00000000000000067e-02,1.07042386921936505e+00,9.45894629906084305e-01,7.87898585825338893e-01,0.00000000000000000e+00,0.00000000000000000e+00,0.00000000000000000e+00,0.00000000000000000e+00,0.00000000000000000e+00,0.00000000000000000e+00,-7.76889850759022484e-03,1.55377970151804497e-02,0.00000000000000000e+00,0.00000000000000000e+00,0.00000000000000000e+00,0.00000000000000000e+00,0.00000000000000000e+00,0.00000000000000000e+00,3.93949292912669446e-01,6.21025604681653909e-01,8.94716650879325504e-01,-6.90932296516194366e-01,-7.72235875835268870e-01,3.47051552059141552e-02,9.65294844794085893e-01,1.81471410614209128e-01,-7.13245240270959036e-01,6.62126240934258981e+00,3.75780993371770649e+01,4.01186990857759938e+01,7.76967984229530657e+01,0.00000000000000000e+00,0.00000000000000000e+00,1.06703050651489952e-10,2.43030953421954066e-11,6.53017878190843521e-12
8.00000000000000017e-02,1.08055872359584249e+00,9.38837045199769071e-01,7.62280952414703505e-01,0.00000000000000000e+00,0.00000000000000000e+00,0.00000000000000000e+00,0.00000000000000000e+00,0.00000000000000000e+00,0.00000000000000000e+00,-8.79607551311913788e-03,1.75921510262382758e-02,0.00000000000000000e+00,0.00000000000000000e+00,0.00000000000000000e+00,0.00000000000000000e+00,0.00000000000000000e+00,0.00000000000000000e+00,3.81140476207351753e-01,5.81381734191997457e-01,8.81414997433729308e-01,-6.81876728579303593e-01,-7.73615981761839322e-01,3.29800227977009031e-02,9.67019977202299152e-01,1.83031056448943241e-01,-6.98383940990489949e-01,6.57185931639838383e+00,3.70194298924561949e+01,3.95818646827414042e+01,7.66012945751975991e+01,0.00000000000000000e+00,0.00000000000000000e+00,1.04029485264361995e-10,2.35505862180299536e-11,6.47127837388886797e-12
8.99999999999999967e-02,1.09071335329847607e+00,9.31924781905541955e-01,7.37665223751454158e-01,0.00000000000000000e+00,0.00000000000000000e+00,0.00000000000000000e+00,0.00000000000000000e+00,0.00000000000000000e+00,0.00000000000000000e+00,-9.80757631803253101e-03,1.96151526360650620e-02,0.00000000000000000e+00,0.00000000000000000e+00,0.00000000000000000e+00,0.00000000000000000e+00,0.00000000000000000e+00,0.00000000000000000e+00,3.68832611875727079e-01,5.44534736545219111e-01,8.68483799124123990e-01,-6.73005649837490449e-01,-7.74920212117053309e-01,3.13497348536834405e-02,9.68650265146316580e-01,1.84310276626474590e-01,-6.84173522503217391e-01,6.52347347333879402e+00,3.64763195634470563e+01,3.90566634362177112e+01,7.55329829996647675e+01,0.00000000000000000e+00,0.00000000000000000e+00,1.01541717525880574e-10,2.28547859419170648e-11,6.41116221018223708e-12
1.00000000000000006e-01,1.10088808387504478e+00,9.25151548133445689e-01,7.14003081279871887e-01,0.00000000000000000e+00,0.00000000000000000e+00,0.00000000000000000e+00,0.00000000000000000e+00,0.00000000000000000e+00,0.00000000000000000e+00,-1.08048277392828983e-02,2.16096554785657965e-02,0.00000000000000000e+00,0.00000000000000000e+00,0.00000000000000000e+00,0.00000000000000000e+00,0.00000000000000000e+00,0.00000000000000000e+00,3.57001540639935944e-01,5.10267377287053625e-01,8.55905387008275564e-01,-6.64313614515138262e-01,-7.76153094253997478e-01,2.98086321825031322e-02,9.70191367817496819e-01,1.85334183287730769e-01,-6.70571203725980558e-01,6.47606083693411971e+00,3.59480262545758720e+01,3.85427048206041007e+01,7.44907310751799798e+01,0.00000000000000000e+00,0.00000000000000000e+00,9.92225996646214649e-11,2.22105469765498747e-11,6.35089232218452190e-12
1.10000000000000001e-01,1.11108321572478630e+00,9.18511462296796810e-01,6.91248888672598372e-01,0.00000000000000000e+00,0.00000000000000000e+00,0.00000000000000000e+00,0.00000000000000000e+00,0.00000000000000000e+00,0.00000000000000000e+00,-1.17891756304896872e-02,2.35783512609793744e-02,0.00000000000000000e+00,0.00000000000000000e+00,0.00000000000000000e+00,0.00000000000000000e+00,0.00000000000000000e+00,0.00000000000000000e+00,3.45624444336299186e-01,4.78380964739288428e-01,8.43663306365292520e-01,-6.55795406502662548e-01,-7.77318868267471874e-01,2.83514146656603100e-02,9.71648585334339621e-01,1.86125656851395038e-01,-6.57537649519204903e-01,6.42958023607757756e+00,3.54338588675651991e+01,3.80396180634847312e+01,7.34734769310499303e+01,0.00000000000000000e+00,0.00000000000000000e+00,9.70612343595916201e-11,2.16136412303103520e-11,6.29092332116022347e-12
1.19999999999999996e-01,1.12129902587411645e+00,9.11999020261411553e-01,6.69359505795062759e-01,0.00000000000000000e+00,0.00000000000000000e+00,0.00000000000000000e+00,0.00000000000000000e+00,0.00000000000000000e+00,0.00000000000000000e+00,-1.27618899600376503e-02,2.55237799200753006e-02,0.00000000000000000e+00,0.00000000000000000e+00,0.00000000000000000e+00,0.00000000000000000e+00,0.00000000000000000e+00,0.00000000000000000e+00,3.34679752897531380e-01,4.48693611339619103e-01,8.31742212952591098e-01,-6.47446025908488210e-01,-7.78421505877557651e-01,2.69731176530530643e-02,9.73026882346946898e-01,1.86705558303414398e-01,-6.45036654654360109e-01,6.38399314182988054e+00,3.49331729442265342e+01,3.75470507604743347e+01,7.24802237047008759e+01,0.00000000000000000e+00,0.00000000000000000e+00,9.50403535084639990e-11,2.10588621055485193e-11,6.23199012464380348e-12
1.30000000000000004e-01,1.13153576961584457e+00,9.05609065490780907e-01,6.48294117465294750e-01,0.00000000000000000e+00,0.00000000000000000e+00,0.00000000000000000e+00,0.00000000000000000e+00,0.00000000000000000e+00,0.00000000000000000e+00,-1.37241694087322768e-02,2.74483388174645536e-02,0.00000000000000000e+00,0.00000000000000000e+00,0.00000000000000000e+00,0.00000000000000000e+00,0.00000000000000000e+00,0.00000000000000000e+00,3.24147058732647375e-01,4.21038674043943739e-01,8.20127779494022491e-01,-6.39260676633460312e-01,-7.79464728079143909e-01,2.56690899010702557e-02,9.74330910098929803e-01,1.87092919487117926e-01,-6.33034860011967626e-01,6.33926345843546635e+00,3.44453667389615887e+01,3.70646676117812390e+01,7.15100343507428278e+01,0.00000000000000000e+00,0.00000000000000000e+00,9.31526037990180139e-11,2.05433713271454200e-11,6.17350272493417760e-12
1.40000000000000013e-01,1.14179368202353348e+00,8.99336761883409719e-01,6.28014075597710608e-01,0.00000000000000000e+00,0.00000000000000000e+00,0.00000000000000000e+00,0.00000000000000000e+00,0.00000000000000000e+00,0.00000000000000000e+00,-1.46771455237807071e-02,2.93542910475614142e-02,0.00000000000000000e+00,0.00000000000000000e+00,0.00000000000000000e+00,0.00000000000000000e+00,0.00000000000000000e+00,0.00000000000000000e+00,3.14007037798855304e-01,3.95263353551751961e-01,8.08806611269989650e-01,-6.31234754873921666e-01,-7.80452021630678394e-01,2.44349729616520281e-02,9.75565027038348020e-01,1.87305113888698860e-01,-6.21501497386237944e-01,6.29535733318386814e+00,3.39698776735473444e+01,3.65921492679891287e+01,7.05620269415364874e+01,-1.42108547152020037e-14,0.00000000000000000e+00,9.13822419064107181e-11,2.00626422396714367e-11,6.11660899997054578e-12
1.49999999999999994e-01,1.15207297935152386e+00,8.93177569032481133e-01,6.08482753472688764e-01,0.00000000000000000e+00,0.00000000000000000e+00,0.00000000000000000e+00,0.00000000000000000e+00,0.00000000000000000e+00,0.00000000000000000e+00,-1.56218864610208792e-02,3.12437729220417584e-02,0.00000000000000000e+00,0.00000000000000000e+00,0.00000000000000000e+00,0.00000000000000000e+00,0.00000000000000000e+00,0.00000000000000000e+00,3.04241376736344382e-01,3.71227434620109042e-01,7.97766169817936799e-01,-6.23363838469545128e-01,-7.81386654452653540e-01,2.32666819341831206e-02,9.76733318065816869e-01,1.87358010103401695e-01,-6.10408159719370902e-01,6.25224298322736782e+00,3.35061791325564471e+01,3.61291912740040715e+01,6.96353704065605257e+01,0.00000000000000000e+00,0.00000000000000000e+00,8.97244827040730447e-11,1.96149574080660187e-11,6.06167397329395678e-12
1.60000000000000003e-01,1.16237386033018053e+00,8.87127219667803502e-01,5.89665411008367890e-01,0.00000000000000000e+00,0.00000000000000000e+00,0.00000000000000000e+00,0.00000000000000000e+00,0.00000000000000000e+00,0.00000000000000000e+00,-1.65594003429760661e-02,3.31188006859521322e-02,0.00000000000000000e+00,0.00000000000000000e+00,0.00000000000000000e+00,0.00000000000000000e+00,0.00000000000000000e+00,0.00000000000000000e+00,2.94832705504183945e-01,3.48802151898543300e-01,7.86994703870798507e-01,-6.15643677020697111e-01,-7.82271690003352060e-01,2.21603874958100390e-02,9.77839612504189937e-01,1.87266109900172339e-01,-5.99728593975354940e-01,6.20989053767462451e+00,3.30537775627721473e+01,3.56755031013745594e+01,6.87292806641467138e+01,-1.42108547152020037e-14,0.00000000000000000e+00,8.81716307324534155e-11,1.91973947364667524e-11,6.00864644390574625e-12
1.70000000000000012e-01,1.17269650736501396e+00,8.81181699066178048e-01,5.71529070029623498e-01,0.00000000000000000e+00,0.00000000000000000e+00,0.00000000000000000e+00,0.00000000000000000e+00,0.00000000000000000e+00,0.00000000000000000e+00,-1.74906382563929617e-02,3.49812765127859235e-02,0.00000000000000000e+00,0.00000000000000000e+00,0.00000000000000000e+00,0.00000000000000000e+00,0.00000000000000000e+00,0.00000000000000000e+00,2.85764535014811749e-01,3.27869167595390254e-01,7.76481186764530373e-01,-6.08070182707808771e-01,-7.83110000696265907e-01,2.11124991296677313e-02,9.78887500870332383e-01,1.87042672570630675e-01,-5.89438514198525665e-01,6.16827189346324634e+00,3.26122098443045658e+01,3.52308072602933962e+01,6.78430171045979620e+01,0.00000000000000000e+00,0.00000000000000000e+00,8.67093257477050815e-11,1.88064755641669805e-11,5.95760252219539508e-12
1.79999999999999993e-01,1.18304108764754279e+00,8.75337226239381039e-01,5.54042398633746824e-01,0.00000000000000000e+00,0.00000000000000000e+00,0.00000000000000000e+00,0.00000000000000000e+00,0.00000000000000000e+00,0.00000000000000000e+00,-1.84164969093646436e-02,3.68329938187292871e-02,0.00000000000000000e+00,0.00000000000000000e+00,0.00000000000000000e+00,0.00000000000000000e+00,0.00000000000000000e+00,0.00000000000000000e+00,2.77021199316873412e-01,3.08319648917486144e-01,7.66215259635926405e-01,-6.00639421752041769e-01,-7.83904280420414268e-01,2.01196494744823283e-02,9.79880350525517696e-01,1.86699827046857059e-01,-5.79515432593596280e-01,6.12736058367566727e+00,3.21810409048990422e+01,3.47948384835550399e+01,6.69758793884540751e+01,0.00000000000000000e+00,0.00000000000000000e+00,8.53337285758360426e-11,1.84403183634650409e-11,5.90817570647194665e-12
1.90000000000000002e-01,1.19340775418505829e+00,8.69590236729292587e-01,5.37175603844818883e-01,0.00000000000000000e+00,0.00000000000000000e+00,0.00000000000000000e+00,0.00000000000000000e+00,0.00000000000000000e+00,0.00000000000000000e+00,-1.93378209648898854e-02,3.86756419297797707e-02,0.00000000000000000e+00,0.00000000000000000e+00,0.00000000000000000e+00,0.00000000000000000e+00,0.00000000000000000e+00,0.00000000000000000e+00,2.68587801922409442e-01,2.90053434644726327e-01,7.56187179810476007e-01,-5.93347606462591770e-01,-7.84657056221586657e-01,1.91786797230166436e-02,9.80821320276983433e-01,1.86248673097312301e-01,-5.69938506717594828e-01,6.08713165710504800e+00,3.17598615522260985e+01,3.43673429755884712e+01,6.61272045278145697e+01,0.00000000000000000e+00,0.00000000000000000e+00,8.40352898728731674e-11,1.80965603782212319e-11,5.85982181950572280e-12
2.00000000000000011e-01,1.20379664675580100e+00,8.63937366857663980e-01,5.20900331830691177e-01,0.00000000000000000e+00,0.00000000000000000e+00,0.00000000000000000e+00,0.00000000000000000e+00,0.00000000000000000e+00,0.00000000000000000e+00,-2.02554050647321439e-02,4.05108101294642878e-02,0.00000000000000000e+00,0.00000000000000000e+00,0.00000000000000000e+00,0.00000000000000000e+00,0.00000000000000000e+00,0.00000000000000000e+00,2.60450165915345588e-01,2.72978281438669645e-01,7.46387773848614211e-01,-5.86191087821344659e-01,-7.85370699199366307e-01,1.82866260007922068e-02,9.81713373999207772e-01,1.85699372757510472e-01,-5.60688401095443378e-01,6.04756156800364764e+00,3.13482865018240631e+01,3.39480777204292110e+01,6.52963642222532741e+01,0.00000000000000000e+00,0.00000000000000000e+00,8.28086883968586153e-11,1.77729328832608730e-11,5.81418923340375784e-12
2.09999999999999992e-01,1.21420789279547670e+00,8.58375439293914244e-01,5.05189575029289739e-01,0.00000000000000000e+00,0.00000000000000000e+00,0.00000000000000000e+00,0.00000000000000000e+00,0.00000000000000000e+00,0.00000000000000000e+00,-2.11699955546659421e-02,4.23399911093318843e-02,0.00000000000000000e+00,0.00000000000000000e+00,0.00000000000000000e+00,0.00000000000000000e+00,0.00000000000000000e+00,0.00000000000000000e+00,2.52594787514644870e-01,2.57009181565412692e-01,7.36808394778768583e-01,-5.79166348560398392e-01,-7.86047434671664935e-01,1.74407066604189108e-02,9.82559293339581030e-01,1.85061233018724569e-01,-5.51747161764295724e-01,6.00862807505740015e+00,3.09459525808868499e+01,3.35368098431489940e+01,6.44827624240358404e+01,0.00000000000000000e+00,0.00000000000000000e+00,8.16529063445638235e-11,1.74698413298399955e-11,5.77044198360565966e-12
2.20000000000000001e-01,1.22464160822053936e+00,8.52901449818429858e-01,4.90017585595700966e-01,0.00000000000000000e+00,0.00000000000000000e+00,0.00000000000000000e+00,0.00000000000000000e+00,0.00000000000000000e+00,0.00000000000000000e+00,-2.20822919196146140e-02,4.41645838392292281e-02,0.00000000000000000e+00,0.00000000000000000e+00,0.00000000000000000e+00,0.00000000000000000e+00,0.00000000000000000e+00,0.00000000000000000e+00,2.45008792797850483e-01,2.42067744658732431e-01,7.27440883098212199e-01,-5.72269996692220562e-01,-7.86689351655477487e-01,1.66383104306532872e-02,9.83361689569346775e-01,1.84342780681408969e-01,-5.43098102420970674e-01,5.97031014872900911e+00,3.05525170902999434e+01,3.31333160198396754e+01,6.36858331101396047e+01,1.42108547152020037e-14,0.00000000000000000e+00,8.05597981490026713e-11,1.71842914469029515e-11,5.72891112441476721e-12
2.30000000000000010e-01,1.23509789819317062e+00,8.47512555171333504e-01,4.75359794639347466e-01,0.00000000000000000e+00,0.00000000000000000e+00,0.00000000000000000e+00,0.00000000000000000e+00,0.00000000000000000e+00,0.00000000000000000e+00,-2.29929479347419884e-02,4.59858958694839767e-02,0.00000000000000000e+00,0.00000000000000000e+00,0.00000000000000000e+00,0.00000000000000000e+00,0.00000000000000000e+00,0.00000000000000000e+00,2.37679897319673733e-01,2.28081636978481606e-01,7.18277531168955430e-01,-5.65498759456025124e-01,-7.87298411709619228e-01,1.58769853629760517e-02,9.84123014637024007e-01,1.83551830177786535e-01,-5.34725700995256070e-01,5.93258788619933419e+00,3.01676563092677910e+01,3.27373819317568007e+01,6.29050382410245987e+01,-7.10542735760100186e-15,0.00000000000000000e+00,7.95310548263740823e-11,1.69164763524308073e-11,5.69024487819270732e-12
2.39999999999999991e-01,1.24557685783248506e+00,8.42206061887804225e-01,4.61192736772290224e-01,0.00000000000000000e+00,0.00000000000000000e+00,0.00000000000000000e+00,0.00000000000000000e+00,0.00000000000000000e+00,0.00000000000000000e+00,-2.39025725362480915e-02,4.78051450724961829e-02,0.00000000000000000e+00,0.00000000000000000e+00,0.00000000000000000e+00,0.00000000000000000e+00,0.00000000000000000e+00,0.00000000000000000e+00,2.30596368386145112e-01,2.14984072346917382e-01,7.09311050676553756e-01,-5.58849477647366366e-01,-7.87876457182396295e-01,1.51544285220046749e-02,9.84845571477995341e-01,1.82695545078408017e-01,-5.26615505602155864e-01,5.89544243321462957e+00,2.97910641285836846e+01,3.23488017596814004e+01,6.21398658882650921e+01,-7.10542735760100186e-15,0.00000000000000000e+00,7.85590044392802532e-11,1.66641989328983278e-11,5.65355010488153968e-12
2.50000000000000000e-01,1.25607857287608393e+00,8.36979416030909418e-01,4.47493979536121911e-01,0.00000000000000000e+00,0.00000000000000000e+00,0.00000000000000000e+00,0.00000000000000000e+00,0.00000000000000000e+00,0.00000000000000000e+00,-2.48117304134058414e-02,4.96234608268116828e-02,0.00000000000000000e+00,0.00000000000000000e+00,0.00000000000000000e+00,0.00000000000000000e+00,0.00000000000000000e+00,0.00000000000000000e+00,2.23746989768060955e-01,2.02713349585505215e-01,7.00534542855505316e-01,-5.52319100300984078e-01,-7.88425218904454939e-01,1.44684763694313337e-02,9.85531523630568618e-01,1.81780493918617836e-01,-5.18754048940824330e-01,5.85885591221636570e+00,2.94224508000965663e+01,3.19673777149572231e+01,6.13898285150538001e+01,-7.10542735760100186e-15,0.00000000000000000e+00,7.76366937456644061e-11,1.64257360805252918e-11,5.61978118776768662e-12
2.60000000000000009e-01,1.26660312029574573e+00,8.31830193741714852e-01,4.34242057316719998e-01,0.00000000000000000e+00,0.00000000000000000e+00,0.00000000000000000e+00,0.00000000000000000e+00,0.00000000000000000e+00,0.00000000000000000e+00,-2.57209423212426264e-02,5.14418846424852527e-02,0.00000000000000000e+00,0.00000000000000000e+00,0.00000000000000000e+00,0.00000000000000000e+00,0.00000000000000000e+00,0.00000000000000000e+00,2.17121028658359999e-01,1.91212431838228308e-01,6.91941471216511950e-01,-5.45904679699680484e-01,-7.88946323364486113e-01,1.38170957943924855e-02,9.86182904205607502e-01,1.80812700911468727e-01,-5.11128770308910130e-01,5.82281135619200363e+00,2.90615417912559124e+01,3.15929196040164726e+01,6.06544613952723992e+01,-1.42108547152020037e-14,0.00000000000000000e+00,7.67644340772359756e-11,1.62016420168657611e-11,5.58848826905974780e-12
2.70000000000000018e-01,1.27715056887072320e+00,8.26756092534302489e-01,4.21416409393888358e-01,0.00000000000000000e+00,0.00000000000000000e+00,0.00000000000000000e+00,0.00000000000000000e+00,0.00000000000000000e+00,0.00000000000000000e+00,-2.66306851112006956e-02,5.32613702224013913e-02,0.00000000000000000e+00,0.00000000000000000e+00,0.00000000000000000e+00,0.00000000000000000e+00,0.00000000000000000e+00,0.00000000000000000e+00,2.10708204696944179e-01,1.80428563664405017e-01,6.83525636538788173e-01,-5.39603366684454300e-01,-7.89441299403015662e-01,1.31983757462304195e-02,9.86801624253769605e-01,1.79797692052419578e-01,-5.03727944490168555e-01,5.78729264774011742e+00,2.87080767347887047e+01,3.12252444235225752e+01,5.99333211583112728e+01,7.10542735760100186e-15,0.00000000000000000e+00,7.59382472544468191e-11,1.59892107479352792e-11,5.55935307068601268e-12
2.80000000000000027e-01,1.28772097972182076e+00,8.21754923270338500e-01,4.08997321807164693e-01,0.00000000000000000e+00,0.00000000000000000e+00,0.00000000000000000e+00,0.00000000000000000e+00,0.00000000000000000e+00,0.00000000000000000e+00,-2.75413914750876794e-02,5.50827829501753588e-02,0.00000000000000000e+00,0.00000000000000000e+00,0.00000000000000000e+00,0.00000000000000000e+00,0.00000000000000000e+00,0.00000000000000000e+00,2.04498660903582347e-01,1.70312922222969565e-01,6.75281153915304411e-01,-5.33412406243324755e-01,-7.89911584457200444e-01,1.26105194284994587e-02,9.87389480571500444e-01,1.78740537067111072e-01,-4.96540616851928795e-01,5.75228446289236928e+00,2.83618084645996760e+01,3.08641759835392335e+01,5.92259844481389024e+01,7.10542735760100186e-15,0.00000000000000000e+00,7.51525825025361696e-11,1.57886899558752727e-11,5.53170537485829586e-12
2.89999999999999980e-01,1.29831440680917276e+00,8.16824602754120832e-01,3.96965872750266568e-01,0.00000000000000000e+00,0.00000000000000000e+00,0.00000000000000000e+00,0.00000000000000000e+00,0.00000000000000000e+00,0.00000000000000000e+00,-2.84534493956426215e-02,5.69068987912852431e-02,0.00000000000000000e+00,0.00000000000000000e+00,0.00000000000000000e+00,0.00000000000000000e+00,0.00000000000000000e+00,0.00000000000000000e+00,1.98482936375133284e-01,1.60820299258422422e-01,6.67202431660753326e-01,-5.27329133358265811e-01,-7.90358530387359703e-01,1.20518370158004279e-02,9.87948162984199629e-01,1.77645887605720976e-01,-4.89556544058706300e-01,5.71777221927884582e+00,2.80225021299059449e+01,3.05095445563860395e+01,5.85320466862919986e+01,-1.42108547152020037e-14,0.00000000000000000e+00,7.44066192887360892e-11,1.55984768057141501e-11,5.50649976491337121e-12
2.99999999999999989e-01,1.30893089739640645e+00,8.11963146894646659e-01,3.85303881235211199e-01,0.00000000000000000e+00,0.00000000000000000e+00,0.00000000000000000e+00,0.00000000000000000e+00,0.00000000000000000e+00,0.00000000000000000e+00,-2.93672012950822632e-02,5.87344025901645264e-02,0.00000000000000000e+00,0.00000000000000000e+00,0.00000000000000000e+00,0.00000000000000000e+00,0.00000000000000000e+00,0.00000000000000000e+00,1.92651940617605599e-01,1.51908810942541272e-01,6.59284151911442740e-01,-5.21350969091452621e-01,-7.90783408913918850e-01,1.15207388576015844e-02,9.88479261142398480e-01,1.76518012045092099e-01,-4.82766139869965416e-01,5.68374202826252706e+00,2.76899343804324154e+01,3.01611865490637072e+01,5.78511209294961262e+01,-7.10542735760100186e-15,0.00000000000000000e+00,7.36969195814020398e-11,1.54185444680257147e-11,5.48287887005449504e-12
3.09999999999999998e-01,1.31957049248364799e+00,8.07168664386294310e-01,3.73993858793437939e-01,0.00000000000000000e+00,0.00000000000000000e+00,0.00000000000000000e+00,0.00000000000000000e+00,0.00000000000000000e+00,0.00000000000000000e+00,-3.02829428710513597e-02,6.05658857421027194e-02,0.00000000000000000e+00,0.00000000000000000e+00,0.00000000000000000e+00,0.00000000000000000e+00,0.00000000000000000e+00,0.00000000000000000e+00,1.86996929396718969e-01,1.43539632930931416e-01,6.51521252763596515e-01,-5.15475416893639959e-01,-7.91187416691500389e-01,1.10157291356245725e-02,9.88984270864375459e-01,1.75360827222306281e-01,-4.76160425544847943e-01,5.65018065070406017e+00,2.73638926162204790e+01,2.98189441973327618e+01,5.71828368135532443e+01,-7.10542735760100186e-15,0.00000000000000000e+00,7.30145213703008760e-11,1.52464519056588098e-11,5.46061953822744067e-12
3.20000000000000007e-01,1.33023322721164128e+00,8.02439350864224910e-01,3.63018964005615230e-01,0.00000000000000000e+00,0.00000000000000000e+00,0.00000000000000000e+00,0.00000000000000000e+00,0.00000000000000000e+00,0.00000000000000000e+00,-3.12009216074755624e-02,6.24018432149511248e-02,0.00000000000000000e+00,0.00000000000000000e+00,0.00000000000000000e+00,0.00000000000000000e+00,0.00000000000000000e+00,0.00000000000000000e+00,1.81509482002807615e-01,1.35676758264333508e-01,6.43908911811896356e-01,-5.09700059118943782e-01,-7.91571680045082715e-01,1.05353999436467241e-02,9.89464600056353283e-01,1.74177927390064657e-01,-4.69730984425334008e-01,5.61707545604957481e+00,2.70441742962467409e+01,2.94826652797076534e+01,5.65268395759543907e+01,7.10542735760100186e-15,0.00000000000000000e+00,7.23619955954445721e-11,1.50822029440969142e-11,5.43913819056699179e-12
3.30000000000000016e-01,1.34091913123906892e+00,7.97773483494684132e-01,3.52362959674560994e-01,0.00000000000000000e+00,0.00000000000000000e+00,0.00000000000000000e+00,0.00000000000000000e+00,0.00000000000000000e+00,0.00000000000000000e+00,-3.21213349459000819e-02,6.42426698918001637e-02,0.00000000000000000e+00,0.00000000000000000e+00,0.00000000000000000e+00,0.00000000000000000e+00,0.00000000000000000e+00,0.00000000000000000e+00,1.76181479837280497e-01,1.28286775985443108e-01,6.36442530963793773e-01,-5.04022553731617307e-01,-7.91937259391438109e-01,1.00784257607024336e-02,9.89921574239297608e-01,1.72972610654625381e-01,-4.63469920312617634e-01,5.58441438446278937e+00,2.67305863006242106e+01,2.91522028497889671e+01,5.58827891504131742e+01,0.00000000000000000e+00,0.00000000000000000e+00,7.17385749587117327e-11,1.49263034291249218e-11,5.41956378635176158e-12
3.40000000000000024e-01,1.35162822909499236e+00,7.93169415964031455e-01,3.42010172477069885e-01,0.00000000000000000e+00,0.00000000000000000e+00,0.00000000000000000e+00,0.00000000000000000e+00,0.00000000000000000e+00,0.00000000000000000e+00,-3.30443281010026346e-02,6.60886562020052692e-02,0.00000000000000000e+00,0.00000000000000000e+00,0.00000000000000000e+00,0.00000000000000000e+00,0.00000000000000000e+00,0.00000000000000000e+00,1.71005086238534942e-01,1.21338668556381937e-01,6.29117722417325109e-01,-4.98440631191604866e-01,-7.92285153367471628e-01,9.64355829066058066e-03,9.90356441709339452e-01,1.71747903130701873e-01,-4.57369819290020851e-01,5.55218591174821974e+00,2.64229443416703553e+01,2.88274149855001767e+01,5.52503593271705356e+01,-7.10542735760100186e-15,0.00000000000000000e+00,7.11377673246079638e-11,1.47766151241719499e-11,5.40060373630129449e-12
3.49999999999999978e-01,1.36236054050818423e+00,7.88625573833624416e-01,3.31945454950736019e-01,0.00000000000000000e+00,0.00000000000000000e+00,0.00000000000000000e+00,0.00000000000000000e+00,0.00000000000000000e+00,0.00000000000000000e+00,-3.39699915020889170e-02,6.79399830041778341e-02,0.00000000000000000e+00,0.00000000000000000e+00,0.00000000000000000e+00,0.00000000000000000e+00,0.00000000000000000e+00,0.00000000000000000e+00,1.65972727475368009e-01,1.14803626353059088e-01,6.21930295701065505e-01,-4.92952091506730028e-01,-7.92616302685583252e-01,9.22962164302091985e-03,9.90770378356979009e-01,1.70506581024239212e-01,-4.51423714680174171e-01,5.52037901683537058e+00,2.61210724195853601e+01,2.85081645539247077e+01,5.46292369735100678e+01,0.00000000000000000e+00,0.00000000000000000e+00,7.05600360102276565e-11,1.46328442559035017e-11,5.38304300964032290e-12
3.59999999999999987e-01,1.37311608071499447e+00,7.84140450230641606e-01,3.22154149691292802e-01,0.00000000000000000e+00,0.00000000000000000e+00,0.00000000000000000e+00,0.00000000000000000e+00,0.00000000000000000e+00,0.00000000000000000e+00,-3.48983578405312259e-02,6.97967156810624517e-02,0.00000000000000000e+00,0.00000000000000000e+00,0.00000000000000000e+00,0.00000000000000000e+00,0.00000000000000000e+00,0.00000000000000000e+00,1.61077074845646401e-01,1.08654877683182965e-01,6.14876245684614520e-01,-4.87554801440364338e-01,-7.92931593734787832e-01,8.83550783151531953e-03,9.91164492168484679e-01,1.69251190833037690e-01,-4.45625054854875635e-01,5.48898315161449091e+00,2.58248023188923597e+01,2.81943189905548870e+01,5.40191213094472431e+01,0.00000000000000000e+00,0.00000000000000000e+00,6.99982585298925272e-11,1.44944863175290314e-11,5.36499124209258840e-12
3.69999999999999996e-01,1.38389486074724477e+00,7.79712601847617814e-01,3.12622055654796227e-01,0.00000000000000000e+00,0.00000000000000000e+00,0.00000000000000000e+00,0.00000000000000000e+00,0.00000000000000000e+00,0.00000000000000000e+00,-3.58293987013043602e-02,7.16587974026087204e-02,0.00000000000000000e+00,0.00000000000000000e+00,0.00000000000000000e+00,0.00000000000000000e+00,0.00000000000000000e+00,0.00000000000000000e+00,1.56311027827398114e-01,1.02867532927018640e-01,6.07951741476731256e-01,-4.82246691864304300e-01,-7.93231861945018935e-01,8.46017256872647755e-03,9.91539827431273557e-01,1.67984067836487450e-01,-4.39967673643494317e-01,5.45798821293332459e+00,2.55339731421592369e+01,2.78857500918700616e+01,5.34197232340292913e+01,7.10542735760100186e-15,0.00000000000000000e+00,6.94522567441183150e-11,1.43604503499125508e-11,5.34665952860329678e-12
3.80000000000000004e-01,1.39469688770156153e+00,7.75340645225863989e-01,3.03335396477367014e-01,0.00000000000000000e+00,0.00000000000000000e+00,0.00000000000000000e+00,0.00000000000000000e+00,0.00000000000000000e+00,0.00000000000000000e+00,-3.67630207550279919e-02,7.35260415100559839e-02,0.00000000000000000e+00,0.00000000000000000e+00,0.00000000000000000e+00,0.00000000000000000e+00,0.00000000000000000e+00,0.00000000000000000e+00,1.51667698238683507e-01,9.74184415362199102e-02,6.01153116136056376e-01,-4.77025755247396377e-01,-7.93517894930836909e-01,8.10263133645402339e-03,9.91897368663546053e-01,1.66707353028949012e-01,-4.34445763110310024e-01,5.42738451658104815e+00,2.52484308778488789e+01,2.75823338202541706e+01,5.28307646981030459e+01,7.10542735760100186e-15,0.00000000000000000e+00,6.89169545472333467e-11,1.42301357501138259e-11,5.32752850009571381e-12
3.90000000000000013e-01,1.40552216499142157e+00,7.71023253300145872e-01,2.94280790743396581e-01,0.00000000000000000e+00,0.00000000000000000e+00,0.00000000000000000e+00,0.00000000000000000e+00,0.00000000000000000e+00,0.00000000000000000e+00,-3.76990614852655698e-02,7.53981229705311395e-02,0.00000000000000000e+00,0.00000000000000000e+00,0.00000000000000000e+00,0.00000000000000000e+00,0.00000000000000000e+00,0.00000000000000000e+00,1.47140395371698290e-01,9.22860607480381068e-02,5.94476857126385871e-01,-4.71890043271187165e-01,-7.93790435429622243e-01,7.76195571297219351e-03,9.92238044287027665e-01,1.65423008636345403e-01,-4.29053848493195500e-01,5.39716277310102122e+00,2.49680279994407144e+01,2.72839501203495516e+01,5.22519781197902660e+01,0.00000000000000000e+00,0.00000000000000000e+00,6.83872258928826024e-11,1.41021555013141287e-11,5.30724073369438064e-12
4.00000000000000022e-01,1.41637069258310855e+00,7.66759152183957626e-01,2.85445224151292531e-01,0.00000000000000000e+00,0.00000000000000000e+00,0.00000000000000000e+00,0.00000000000000000e+00,0.00000000000000000e+00,0.00000000000000000e+00,-3.86372844242872104e-02,7.72745688485744209e-02,0.00000000000000000e+00,0.00000000000000000e+00,0.00000000000000000e+00,0.00000000000000000e+00,0.00000000000000000e+00,0.00000000000000000e+00,1.42722612075646266e-01,8.74503349815146935e-02,5.87919597454754528e-01,-4.66837664564543120e-01,-7.94050184048287866e-01,7.43726993964040697e-03,9.92562730060359666e-01,1.64132832342121560e-01,-4.23786765115739927e-01,5.36731406528770361e+00,2.46926230932301820e+01,2.69904827460198860e+01,5.16831058392500609e+01,7.10542735760100186e-15,0.00000000000000000e+00,6.78596626792828492e-11,1.39756160469941815e-11,5.28466672630794144e-12
4.09999999999999976e-01,1.42724246721667947e+00,7.62547118176524763e-01,2.76816023544205037e-01,0.00000000000000000e+00,0.00000000000000000e+00,0.00000000000000000e+00,0.00000000000000000e+00,0.00000000000000000e+00,0.00000000000000000e+00,-3.95773738691181445e-02,7.91547477382362891e-02,0.00000000000000000e+00,0.00000000000000000e+00,0.00000000000000000e+00,0.00000000000000000e+00,0.00000000000000000e+00,0.00000000000000000e+00,1.38408011772102518e-01,8.28925849803297116e-02,5.81478107436264713e-01,-4.61866782549798627e-01,-7.94297801831556405e-01,7.12774771055464836e-03,9.92872252289445312e-01,1.62838470336691521e-01,-4.18639637102631301e-01,5.33782982723567301e+00,2.44220805124515579e+01,2.67018190971652380e+01,5.11238996096167995e+01,0.00000000000000000e+00,0.00000000000000000e+00,6.73307032930576320e-11,1.38501479548859644e-11,5.25919941304959701e-12
4.19999999999999984e-01,1.43813748261296381e+00,7.58385974974284283e-01,2.68380832791909996e-01,0.00000000000000000e+00,0.00000000000000000e+00,0.00000000000000000e+00,0.00000000000000000e+00,0.00000000000000000e+00,0.00000000000000000e+00,-4.05189290485125780e-02,8.10378580970251561e-02,0.00000000000000000e+00,0.00000000000000000e+00,0.00000000000000000e+00,0.00000000000000000e+00,0.00000000000000000e+00,0.00000000000000000e+00,1.34190416395954998e-01,7.85954058550327461e-02,5.75149287034688039e-01,-4.56975613393549140e-01,-7.94533912663945130e-01,6.83260917006861795e-03,9.93167390829931329e-01,1.61541429293709626e-01,-4.13607857743986118e-01,5.30870182481999020e+00,2.41562700555832208e+01,2.64178500656951556e+01,5.05741201212783764e+01,0.00000000000000000e+00,0.00000000000000000e+00,6.67936711655194503e-11,1.37238136144827304e-11,5.22943392926541631e-12
4.29999999999999993e-01,1.44905572966753460e+00,7.54274591071067424e-01,2.60127590529327435e-01,0.00000000000000000e+00,0.00000000000000000e+00,0.00000000000000000e+00,0.00000000000000000e+00,0.00000000000000000e+00,0.00000000000000000e+00,-4.14614577105744050e-02,8.29229154211488101e-02,0.00000000000000000e+00,0.00000000000000000e+00,0.00000000000000000e+00,0.00000000000000000e+00,0.00000000000000000e+00,0.00000000000000000e+00,1.30063795264663717e-01,7.45425732565364457e-02,5.68930158732471769e-01,-4.52162424055715939e-01,-7.94759105516739561e-01,6.55111810407546253e-03,9.93448881895924396e-01,1.60243087366780557e-01,-4.08687071368645405e-01,5.27992213749747208e+00,2.38950666668878924e+01,2.61384698900228187e+01,5.00335365569107111e+01,0.00000000000000000e+00,0.00000000000000000e+00,6.62340823371398099e-11,1.35939983411485966e-11,5.19253971841951514e-12
4.40000000000000002e-01,1.45999719663253291e+00,7.50211877332538579e-01,2.52044509777192116e-01,0.00000000000000000e+00,0.00000000000000000e+00,0.00000000000000000e+00,0.00000000000000000e+00,0.00000000000000000e+00,0.00000000000000000e+00,-4.24043691001622161e-02,8.48087382003244322e-02,0.00000000000000000e+00,0.00000000000000000e+00,0.00000000000000000e+00,0.00000000000000000e+00,0.00000000000000000e+00,0.00000000000000000e+00,1.26022254888596058e-01,7.07189569839562632e-02,5.62817860887913524e-01,-4.47425530430972551e-01,-7.94973936550457783e-01,6.28257931192771017e-03,9.93717420688072228e-01,1.58944704291518468e-01,-4.03873156599293404e-01,5.25148314132777028e+00,2.36383501574140986e+01,2.58635760174953617e+01,4.95019261749094497e+01,7.10542735760100186e-15,0.00000000000000000e+00,6.56527948875104341e-11,1.34605338236439682e-11,5.14970904355085216e-12
4.50000000000000011e-01,1.47096186928715644e+00,7.46196784731658180e-01,2.44120059491384461e-01,0.00000000000000000e+00,0.00000000000000000e+00,0.00000000000000000e+00,0.00000000000000000e+00,0.00000000000000000e+00,0.00000000000000000e+00,-4.33469662950511717e-02,8.66939325901023294e-02,0.00000000000000000e+00,0.00000000000000000e+00,0.00000000000000000e+00,0.00000000000000000e+00,0.00000000000000000e+00,0.00000000000000000e+00,1.22060029745692231e-01,6.71104413940143002e-02,5.56809641541025968e-01,-4.42763295577060234e-01,-7.95178931082566876e-01,6.02633614679152271e-03,9.93973663853208511e-01,1.57647430669984545e-01,-3.99162210873880041e-01,5.22337749312160682e+00,2.33860049448423162e+01,2.55930689742220956e+01,4.89790739190644189e+01,-7.10542735760100186e-15,0.00000000000000000e+00,6.50398895932016643e-11,1.33216480438409347e-11,5.09800480736188870e-12
4.60000000000000020e-01,1.48194973109756134e+00,7.42228302233045367e-01,2.36342948109490164e-01,0.00000000000000000e+00,0.00000000000000000e+00,0.00000000000000000e+00,0.00000000000000000e+00,0.00000000000000000e+00,0.00000000000000000e+00,-4.42884378701800599e-02,8.85768757403601059e-02,0.00000000000000000e+00,0.00000000000000000e+00,0.00000000000000000e+00,0.00000000000000000e+00,0.00000000000000000e+00,0.00000000000000000e+00,1.18171474054745082e-01,6.37038520370083600e-02,5.50902852632974782e-01,-4.38174128024899467e-01,-7.95374585429533099e-01,5.78176821308361115e-03,9.94218231786916262e-01,1.56352316507485267e-01,-3.94550536128263629e-01,5.19559811563131735e+00,2.31379198107014545e+01,2.53268522418062467e+01,4.84647720525077119e+01,-1.42108547152020037e-14,0.00000000000000000e+00,6.43888238712042076e-11,1.31756934601262388e-11,5.03557797599400481e-12
4.69999999999999973e-01,1.49296076336688310e+00,7.38305454815107232e-01,2.28702109186528169e-01,0.00000000000000000e+00,0.00000000000000000e+00,0.00000000000000000e+00,0.00000000000000000e+00,0.00000000000000000e+00,0.00000000000000000e+00,-4.52278488603064660e-02,9.04556977206129181e-02,0.00000000000000000e+00,0.00000000000000000e+00,0.00000000000000000e+00,0.00000000000000000e+00,0.00000000000000000e+00,0.00000000000000000e+00,1.14351054593264084e-01,6.04868879964895537e-02,5.45094944607037779e-01,-4.33656480165770686e-01,-7.95561368631654164e-01,5.54828921043240639e-03,9.94451710789567622e-01,1.55060319065307595e-01,-3.90034625544434799e-01,5.16813818370575095e+00,2.28939876736091783e+01,2.50648321405234853e+01,4.79588198141326671e+01,0.00000000000000000e+00,0.00000000000000000e+00,6.36869282355373522e-11,1.30201385599765412e-11,4.96173068021960225e-12
4.79999999999999982e-01,1.50399494537601974e+00,7.34427301619724693e-01,2.21186689236581246e-01,0.00000000000000000e+00,0.00000000000000000e+00,0.00000000000000000e+00,0.00000000000000000e+00,0.00000000000000000e+00,0.00000000000000000e+00,-4.61641309931681842e-02,9.23282619863363546e-02,0.00000000000000000e+00,0.00000000000000000e+00,0.00000000000000000e+00,0.00000000000000000e+00,0.00000000000000000e+00,0.00000000000000000e+00,1.10593344618290623e-01,5.74480594568575337e-02,5.39383461361801486e-01,-4.29208846711166936e-01,-7.95739724068526999e-01,5.32534491434130067e-03,9.94674655085658777e-01,1.53772310087209152e-01,-3.85611151277220898e-01,5.14099111133807263e+00,2.26541053773060632e+01,2.48069177185269893e+01,4.74610230958330490e+01,7.10542735760100186e-15,0.00000000000000000e+00,6.29220103211422725e-11,1.28525531590692018e-11,4.87327517693272815e-12
4.89999999999999991e-01,1.51505225451578451e+00,7.30592934220113843e-01,2.13786037923462069e-01,0.00000000000000000e+00,0.00000000000000000e+00,0.00000000000000000e+00,0.00000000000000000e+00,0.00000000000000000e+00,0.00000000000000000e+00,-4.70960721679676980e-02,9.41921443359353822e-02,0.00000000000000000e+00,0.00000000000000000e+00,0.00000000000000000e+00,0.00000000000000000e+00,0.00000000000000000e+00,0.00000000000000000e+00,1.06893018961731034e-01,5.45766300656136405e-02,5.33766035529811500e-01,-4.24829763221224732e-01,-7.95910070972467243e-01,5.11241128441615369e-03,9.94887588715583915e-01,1.52489082452301861e-01,-3.81276953080053715e-01,5.11415053954079646e+00,2.24181734923589353e+01,2.45530206466911594e+01,4.69711941390500911e+01,7.10542735760100186e-15,0.00000000000000000e+00,6.20809984671726250e-11,1.26702021189970141e-11,4.76627565559378191e-12
5.00000000000000000e-01,1.52613266641098799e+00,7.26801474998238883e-01,2.06489700771675583e-01,0.00000000000000000e+00,0.00000000000000000e+00,0.00000000000000000e+00,0.00000000000000000e+00,0.00000000000000000e+00,0.00000000000000000e+00,-4.80223051578501231e-02,9.60446103157002323e-02,0.00000000000000000e+00,0.00000000000000000e+00,0.00000000000000000e+00,0.00000000000000000e+00,0.00000000000000000e+00,0.00000000000000000e+00,1.03244850385837805e-01,5.18625636954708341e-02,5.28240384057165557e-01,-4.20517804697913666e-01,-7.96072805846676279e-01,4.90899269165478384e-03,9.95091007308345210e-01,1.51211356302234090e-01,-3.77029027757381618e-01,5.08761032498767207e+00,2.21860961305038558e+01,2.43030551187351342e+01,4.64891512492389865e+01,0.00000000000000000e+00,0.00000000000000000e+00,6.11470166798239180e-11,1.24694029110876091e-11,4.63832616171221295e-12
5.10000000000000009e-01,1.53723615503696909e+00,7.23052075623843771e-01,1.99287414598922547e-01,0.00000000000000000e+00,0.00000000000000000e+00,0.00000000000000000e+00,0.00000000000000000e+00,0.00000000000000000e+00,0.00000000000000000e+00,-4.89412955202538427e-02,9.78825910405076716e-02,0.00000000000000000e+00,0.00000000000000000e+00,0.00000000000000000e+00,0.00000000000000000e+00,0.00000000000000000e+00,0.00000000000000000e+00,9.96437072994612871e-02,4.92964752463261255e-02,5.22804304061603720e-01,-4.16271584239430004e-01,-7.96228303794490944e-01,4.71462025688653905e-03,9.95285379743113485e-01,1.49939784686340727e-01,-3.72864519377608006e-01,5.06136452936690606e+00,2.19577807706858437e+01,2.40569377562946123e+01,4.60147185269804595e+01,0.00000000000000000e+00,0.00000000000000000e+00,6.01072229898384926e-11,1.22484537935249939e-11,4.48545096969388254e-12
5.20000000000000018e-01,1.54836269282906680e+00,7.19343915627808084e-01,1.92169105903307463e-01,0.00000000000000000e+00,0.00000000000000000e+00,0.00000000000000000e+00,0.00000000000000000e+00,0.00000000000000000e+00,0.00000000000000000e+00,-4.98513287058331214e-02,9.97026574116662151e-02,0.00000000000000000e+00,0.00000000000000000e+00,0.00000000000000000e+00,0.00000000000000000e+00,0.00000000000000000e+00,0.00000000000000000e+00,9.60845529516537455e-02,4.68695851586246881e-02,5.17455668948520353e-01,-4.12089751752471312e-01,-7.96376919765601210e-01,4.52885029299848665e-03,9.95471149707001568e-01,1.48674958764575482e-01,-3.68780710186171645e-01,5.03540740939465614e+00,2.17331380959313769e+01,2.38145875186354310e+01,4.55477256145668150e+01,-7.10542735760100186e-15,0.00000000000000000e+00,5.89359659296093628e-11,1.20008762846921802e-11,4.30331418537847617e-12
5.30000000000000027e-01,1.55951225078547306e+00,7.15676201063101591e-01,1.85124892472324998e-01,0.00000000000000000e+00,0.00000000000000000e+00,0.00000000000000000e+00,0.00000000000000000e+00,0.00000000000000000e+00,0.00000000000000000e+00,-5.07504963653734736e-02,1.01500992730746920e-01,0.00000000000000000e+00,0.00000000000000000e+00,0.00000000000000000e+00,0.00000000000000000e+00,0.00000000000000000e+00,0.00000000000000000e+00,9.25624462361625128e-02,4.45736773382170368e-02,5.12192424766019783e-01,-4.07970992719287162e-01,-7.96518989724724791e-01,4.35126284409411476e-03,9.95648737155905850e-01,1.47417412604548825e-01,-3.64775012163564172e-01,5.00973340744171125e+00,2.15120818402607483e+01,2.35759256167244295e+01,4.50880074569851743e+01,7.10542735760100186e-15,0.00000000000000000e+00,5.76106404851798962e-11,1.17227586184045542e-11,4.08677362142654586e-12
5.40000000000000036e-01,1.57068479856389831e+00,7.12048163247146926e-01,1.78145088516592914e-01,0.00000000000000000e+00,0.00000000000000000e+00,0.00000000000000000e+00,0.00000000000000000e+00,0.00000000000000000e+00,0.00000000000000000e+00,-5.16366818650797824e-02,1.03273363730159537e-01,0.00000000000000000e+00,0.00000000000000000e+00,0.00000000000000000e+00,0.00000000000000000e+00,0.00000000000000000e+00,0.00000000000000000e+00,8.90725442582964710e-02,4.24010602187265620e-02,5.07012586781693697e-01,-4.03914027016605948e-01,-7.96654831747837244e-01,4.18146031520351055e-03,9.95818539684796500e-01,1.46167627605828465e-01,-3.60844959177807123e-01,4.98433714273002870e+00,2.12945286449126954e+01,2.33408754313942950e+01,4.46354040763069975e+01,-7.10542735760100186e-15,0.00000000000000000e+00,5.61046275527308815e-11,1.14082985052580536e-11,3.83006486031872182e-12
5.50000000000000044e-01,1.58188030457243811e+00,7.08459057579879814e-01,1.71220213669121601e-01,0.00000000000000000e+00,0.00000000000000000e+00,0.00000000000000000e+00,0.00000000000000000e+00,0.00000000000000000e+00,0.00000000000000000e+00,-5.25075450341897579e-02,1.05015090068379474e-01,0.00000000000000000e+00,0.00000000000000000e+00,0.00000000000000000e+00,0.00000000000000000e+00,0.00000000000000000e+00,0.00000000000000000e+00,8.56101068345608146e-02,4.03445307109695159e-02,5.01914236265204594e-01,-3.99917607783724982e-01,-7.96784747050717224e-01,4.01906618660364309e-03,9.95980933813396474e-01,1.44926036581792872e-01,-3.56988199685178642e-01,4.95921340305915859e+00,2.10803979232128036e+01,2.31093624353579017e+01,4.41897603585706946e+01,1.42108547152020037e-14,0.00000000000000000e+00,5.43477622300888361e-11,1.10444039267361147e-11,3.52036227710688098e-12
5.60000000000000053e-01,1.59309873605499908e+00,7.04908162432237750e-01,1.64341006230479425e-01,0.00000000000000000e+00,0.00000000000000000e+00,0.00000000000000000e+00,0.00000000000000000e+00,0.00000000000000000e+00,0.00000000000000000e+00,-5.33605061854783083e-02,1.06721012370956589e-01,0.00000000000000000e+00,0.00000000000000000e+00,0.00000000000000000e+00,0.00000000000000000e+00,0.00000000000000000e+00,0.00000000000000000e+00,8.21705031152397264e-02,3.83973408103283551e-02,4.96895517462026759e-01,-3.95980520337208264e-01,-7.96909020954227998e-01,3.86372380721493628e-03,9.96136276192784997e-01,1.43693027526729300e-01,-3.53202489936864761e-01,4.93435713702566403e+00,2.08696117334709506e+01,2.28813141188451610e+01,4.37509258523161080e+01,7.10542735760100186e-15,0.00000000000000000e+00,5.23324611607719426e-11,1.06280962229311504e-11,3.15418793042967688e-12
5.69999999999999951e-01,1.60434005917163858e+00,7.01394778100215666e-01,1.57498441081365209e-01,0.00000000000000000e+00,0.00000000000000000e+00,0.00000000000000000e+00,0.00000000000000000e+00,0.00000000000000000e+00,0.00000000000000000e+00,-5.41927294693640635e-02,1.08385458938728099e-01,0.00000000000000000e+00,0.00000000000000000e+00,0.00000000000000000e+00,0.00000000000000000e+00,0.00000000000000000e+00,0.00000000000000000e+00,7.87492205406826185e-02,3.65531666524189919e-02,4.91954634744910746e-01,-3.92101581129831844e-01,-7.97027923790463166e-01,3.71509526192111313e-03,9.96284904738078958e-01,1.42468947093474629e-01,-3.49485687652776156e-01,4.90976344670150944e+00,2.06620946593425323e+01,2.26566599186511759e+01,4.33187545779937082e+01,0.00000000000000000e+00,0.00000000000000000e+00,5.00236671986761712e-11,1.01536098647243415e-11,2.72390805184182016e-12
5.79999999999999960e-01,1.61560423907412498e+00,6.97918225819997962e-01,1.50683752726286702e-01,0.00000000000000000e+00,0.00000000000000000e+00,0.00000000000000000e+00,0.00000000000000000e+00,0.00000000000000000e+00,0.00000000000000000e+00,-5.50011056465146905e-02,1.10002211293029353e-01,0.00000000000000000e+00,0.00000000000000000e+00,0.00000000000000000e+00,0.00000000000000000e+00,0.00000000000000000e+00,0.00000000000000000e+00,7.53418763631433647e-02,3.48060798250329970e-02,4.87089849930652463e-01,-3.88279636751520663e-01,-7.97141711753592275e-01,3.57286030800974203e-03,9.96427139691990260e-01,1.41254103804772324e-01,-3.45835746126961330e-01,4.88542758073998584e+00,2.04577736971328150e+01,2.24353311503996267e+01,4.28931048475324417e+01,0.00000000000000000e+00,0.00000000000000000e+00,4.73743990179856659e-11,9.61031902122317615e-12,2.21969456494554132e-12
5.89999999999999969e-01,1.62689123997701679e+00,6.94477846840013902e-01,1.43888463974916309e-01,0.00000000000000000e+00,0.00000000000000000e+00,0.00000000000000000e+00,0.00000000000000000e+00,0.00000000000000000e+00,0.00000000000000000e+00,-5.57822343926993661e-02,1.11564468785398704e-01,0.00000000000000000e+00,0.00000000000000000e+00,0.00000000000000000e+00,0.00000000000000000e+00,0.00000000000000000e+00,0.00000000000000000e+00,7.19442319874581682e-02,3.31505207604290003e-02,4.82299479750756210e-01,-3.84513562970187850e-01,-7.97250627698992353e-01,3.43671537625964271e-03,9.96563284623740331e-01,1.40048771019552543e-01,-3.42250708731989262e-01,4.86134492788009709e+00,2.02565781495647563e+01,2.22172609438384896e+01,4.24738390934032495e+01,-7.10542735760100186e-15,0.00000000000000000e+00,4.43303582672448953e-11,8.98802817079836453e-12,1.62885063162568967e-12
5.99999999999999978e-01,1.63820102522454070e+00,6.91073001546081978e-01,1.37104420810363031e-01,0.00000000000000000e+00,0.00000000000000000e+00,0.00000000000000000e+00,0.00000000000000000e+00,0.00000000000000000e+00,0.00000000000000000e+00,-5.65324062837806313e-02,1.13064812567561235e-01,0.00000000000000000e+00,0.00000000000000000e+00,0.00000000000000000e+00,0.00000000000000000e+00,0.00000000000000000e+00,0.00000000000000000e+00,6.85522104051815295e-02,3.15812740466828654e-02,4.77581893465462648e-01,-3.80802263810502861e-01,-7.97354901893996049e-01,3.30637263250504023e-03,9.96693627367495005e-01,1.38853189673551758e-01,-3.38728703792359254e-01,4.83751101082257406e+00,2.00584395255682644e+01,2.20023841809979892e+01,4.20608237065662536e+01,0.00000000000000000e+00,0.00000000000000000e+00,4.08295027398353413e-11,8.27410200100091964e-12,9.38820283242781284e-13
6.09999999999999987e-01,1.64953355735352369e+00,6.87703068636089321e-01,1.30323834035159736e-01,0.00000000000000000e+00,0.00000000000000000e+00,0.00000000000000000e+00,0.00000000000000000e+00,0.00000000000000000e+00,0.00000000000000000e+00,-5.72475846488886206e-02,1.14495169297777200e-01,0.00000000000000000e+00,0.00000000000000000e+00,0.00000000000000000e+00,0.00000000000000000e+00,0.00000000000000000e+00,0.00000000000000000e+00,6.51619170175798679e-02,3.00934455101505294e-02,4.72935510611430243e-01,-3.77144670668738191e-01,-7.97454752723368632e-01,3.18155909578924419e-03,9.96818440904210679e-01,1.37667570812071649e-01,-3.35267939799422154e-01,4.81392148045262491e+00,1.98632914456827372e+01,2.17906374370517426e+01,4.16539288827344834e+01,-7.10542735760100186e-15,0.00000000000000000e+00,3.68019022250743689e-11,7.45394579137689148e-12,1.34395211891822019e-13
6.19999999999999996e-01,1.66088879815262236e+00,6.84367444340921005e-01,1.23539328324918180e-01,0.00000000000000000e+00,0.00000000000000000e+00,0.00000000000000000e+00,0.00000000000000000e+00,0.00000000000000000e+00,0.00000000000000000e+00,-5.79233875267385623e-02,1.15846775053477083e-01,0.00000000000000000e+00,0.00000000000000000e+00,0.00000000000000000e+00,0.00000000000000000e+00,0.00000000000000000e+00,0.00000000000000000e+00,6.17696641624590898e-02,2.86824409332628524e-02,4.68358798874098703e-01,-3.73539741461948460e-01,-7.97550387352413348e-01,3.06201580948339217e-03,9.96937984190516602e-01,1.36492097931197764e-01,-3.31866700942525850e-01,4.79057211038644670e+00,1.96710695526963910e+01,2.15819589237331577e+01,4.12530284764295558e+01,-7.10542735760100186e-15,0.00000000000000000e+00,3.21694872130750938e-11,6.51282257848159712e-12,8.00857910156265007e-13
6.30000000000000004e-01,1.67226670871807692e+00,6.81065541688594345e-01,1.16743999354754199e-01,0.00000000000000000e+00,0.00000000000000000e+00,0.00000000000000000e+00,0.00000000000000000e+00,0.00000000000000000e+00,0.00000000000000000e+00,-5.85550700145399672e-02,1.17110140029079893e-01,0.00000000000000000e+00,0.00000000000000000e+00,0.00000000000000000e+00,0.00000000000000000e+00,0.00000000000000000e+00,0.00000000000000000e+00,5.83719996773770997e-02,2.73439462829735552e-02,4.63850272076453851e-01,-3.69986459809844126e-01,-7.97642002350407830e-01,2.94749706199014683e-03,9.97052502938009844e-01,1.35326929142444430e-01,-3.28523342933134010e-01,4.76745879182016008e+00,1.94817114271742930e+01,2.13762884351685116e+01,4.08579998623428082e+01,0.00000000000000000e+00,0.00000000000000000e+00,2.68372602469880395e-11,5.43071909914578899e-12,1.88727032755226425e-12
6.40000000000000013e-01,1.68366724950619329e+00,6.77796789808777334e-01,1.09931479692703282e-01,0.00000000000000000e+00,0.00000000000000000e+00,0.00000000000000000e+00,0.00000000000000000e+00,0.00000000000000000e+00,0.00000000000000000e+00,-5.91375073618419997e-02,1.18275014723683958e-01,0.00000000000000000e+00,0.00000000000000000e+00,0.00000000000000000e+00,0.00000000000000000e+00,0.00000000000000000e+00,0.00000000000000000e+00,5.49657398463516411e-02,2.60739093353149001e-02,4.59408488276529248e-01,-3.66483834247810836e-01,-7.97729784276896559e-01,2.83776965387940068e-03,9.97162230346120615e-01,1.34172199174569462e-01,-3.25236289100514442e-01,4.74457752866144133e+00,1.92951565075535214e+01,2.11735672959974934e+01,4.04687238035510291e+01,-1.42108547152020037e-14,0.00000000000000000e+00,2.07051150636765119e-11,4.18827159939548243e-12,3.14609738716510636e-12
6.50000000000000022e-01,1.69509038038276216e+00,6.74560633275074539e-01,1.03096014174937037e-01,0.00000000000000000e+00,0.00000000000000000e+00,0.00000000000000000e+00,0.00000000000000000e+00,0.00000000000000000e+00,0.00000000000000000e+00,-5.96651792338197123e-02,1.19330358467639383e-01,0.00000000000000000e+00,0.00000000000000000e+00,0.00000000000000000e+00,0.00000000000000000e+00,0.00000000000000000e+00,0.00000000000000000e+00,5.15480070874685184e-02,2.48685225907741385e-02,4.55032047966564435e-01,-3.63030897469620584e-01,-7.97813910233188595e-01,2.73261220851431837e-03,9.97267387791485715e-01,1.33028021225166104e-01,-3.22004026739303506e-01,4.72192443292552166e+00,1.91113460145077241e+01,2.09737383116600462e+01,4.00850843261677738e+01,0.00000000000000000e+00,0.00000000000000000e+00,1.36538591103148478e-11,2.76072280617079279e-12,4.60368522036035466e-12
6.60000000000000031e-01,1.70653606066958896e+00,6.71356531482655283e-01,9.62325454865871482e-02,0.00000000000000000e+00,0.00000000000000000e+00,0.00000000000000000e+00,0.00000000000000000e+00,0.00000000000000000e+00,0.00000000000000000e+00,-6.01321556507750446e-02,1.20264311301550048e-01,0.00000000000000000e+00,0.00000000000000000e+00,0.00000000000000000e+00,0.00000000000000000e+00,0.00000000000000000e+00,0.00000000000000000e+00,4.81162727432935741e-02,2.37242073836642087e-02,4.50719592367255617e-01,-3.59626705598457941e-01,-7.97894548381262059e-01,2.63181452342249600e-03,9.97368185476577462e-01,1.31894488673629628e-01,-3.18825103690791867e-01,4.69949572037858676e+00,1.89302228793057026e+01,2.07767457207365176e+01,3.97069686000422237e+01,-7.10542735760100186e-15,0.00000000000000000e+00,5.54808328615093325e-12,1.12125926932640594e-12,6.28799340899866533e-12
6.70000000000000040e-01,1.71800424918831363e+00,6.68183958058968464e-01,8.93368106656940442e-02,0.00000000000000000e+00,0.00000000000000000e+00,0.00000000000000000e+00,0.00000000000000000e+00,0.00000000000000000e+00,0.00000000000000000e+00,-6.05320852038135487e-02,1.21064170407627056e-01,0.00000000000000000e+00,0.00000000000000000e+00,0.00000000000000000e+00,0.00000000000000000e+00,0.00000000000000000e+00,0.00000000000000000e+00,4.46684053328470221e-02,2.26375990964050311e-02,4.46469801811043898e-01,-3.56270337484978938e-01,-7.97971858432119818e-01,2.53517695985021807e-03,9.97464823040149828e-01,1.30771676666121994e-01,-3.15698125141227359e-01,4.67728770641277958e+00,1.87517316759086725e+01,2.05825351492343813e+01,3.93342668251430467e+01,7.10542735760100186e-15,0.00000000000000000e+00,3.96883070000189161e-12,8.01702380961756504e-13,8.27501581340988335e-12
6.80000000000000049e-01,1.72949490430167985e+00,6.65042400305457471e-01,8.24054492216481638e-02,0.00000000000000000e+00,0.00000000000000000e+00,0.00000000000000000e+00,0.00000000000000000e+00,0.00000000000000000e+00,0.00000000000000000e+00,-6.08581862514466360e-02,1.21716372502893230e-01,0.00000000000000000e+00,0.00000000000000000e+00,0.00000000000000000e+00,0.00000000000000000e+00,0.00000000000000000e+00,0.00000000000000000e+00,4.12027246108240819e-02,2.16055333966847021e-02,4.42281394208719647e-01,-3.52960894031108363e-01,-7.98045992105515745e-01,2.44250986810545193e-03,9.97557490131894542e-01,1.29659643582404838e-01,-3.12621750621639494e-01,4.65529680213820196e+00,1.85758185565698604e+01,2.03910535667235280e+01,3.89668721232933919e+01,-7.10542735760100186e-15,0.00000000000000000e+00,1.49167280598189684e-11,3.01251345705013632e-12,1.05709074615602570e-11
6.89999999999999947e-01,1.74100798395240508e+00,6.61931358668325753e-01,7.54361235085647119e-02,0.00000000000000000e+00,0.00000000000000000e+00,0.00000000000000000e+00,0.00000000000000000e+00,0.00000000000000000e+00,0.00000000000000000e+00,-6.11032419189390524e-02,1.22206483837878063e-01,0.00000000000000000e+00,0.00000000000000000e+00,0.00000000000000000e+00,0.00000000000000000e+00,0.00000000000000000e+00,0.00000000000000000e+00,3.77180617542823560e-02,2.06250334220169883e-02,4.38153123594282878e-01,-3.49697497538545621e-01,-7.98117093562832558e-01,2.35363304645925305e-03,9.97646366953540698e-01,1.28558432393415301e-01,-3.09594691195080429e-01,4.63351951067827983e+00,1.84024311907168219e+01,2.02022492442246318e+01,3.86046804349414572e+01,0.00000000000000000e+00,0.00000000000000000e+00,2.74463508498321516e-11,5.54094006952822131e-12,1.32080503972849067e-11
6.99999999999999956e-01,1.75254344569979614e+00,6.58850346236549589e-01,6.84276519113630605e-02,0.00000000000000000e+00,0.00000000000000000e+00,0.00000000000000000e+00,0.00000000000000000e+00,0.00000000000000000e+00,0.00000000000000000e+00,-6.12595998517060716e-02,1.22519199703412102e-01,0.00000000000000000e+00,0.00000000000000000e+00,0.00000000000000000e+00,0.00000000000000000e+00,0.00000000000000000e+00,0.00000000000000000e+00,3.42138259556815302e-02,1.96932978420672478e-02,4.34083778743067805e-01,-3.46479291080771579e-01,-7.98185299814787808e-01,2.26837523151534552e-03,9.97731624768484648e-01,1.27468071917984482e-01,-3.06615706818036793e-01,4.61195242365584690e+00,1.82315187069128939e+01,2.00160717137646778e+01,3.82475904206775681e+01,0.00000000000000000e+00,0.00000000000000000e+00,4.17793105245547041e-11,8.43171854039492768e-12,1.62331106832615521e-11
7.09999999999999964e-01,1.76410124675423652e+00,6.55798888265456070e-01,6.13801552814326398e-02,0.00000000000000000e+00,0.00000000000000000e+00,0.00000000000000000e+00,0.00000000000000000e+00,0.00000000000000000e+00,0.00000000000000000e+00,-6.13191778162450740e-02,1.22638355632490106e-01,0.00000000000000000e+00,0.00000000000000000e+00,0.00000000000000000e+00,0.00000000000000000e+00,0.00000000000000000e+00,0.00000000000000000e+00,3.06900776407163234e-02,1.88076897346139034e-02,4.30072181858680180e-01,-3.43305437897559629e-01,-7.98250741105520523e-01,2.18657361809953404e-03,9.97813426381900515e-01,1.26388577986286221e-01,-3.03683603863921903e-01,4.59059221785819283e+00,1.80630316377087397e+01,1.98324717295167510e+01,3.78955033672254871e+01,0.00000000000000000e+00,0.00000000000000000e+00,5.81586522999522595e-11,1.17333459462012461e-11,1.96991499267609416e-11
7.19999999999999973e-01,1.77568134400967770e+00,6.52776521724304337e-01,5.42952168906390975e-02,0.00000000000000000e+00,0.00000000000000000e+00,0.00000000000000000e+00,0.00000000000000000e+00,0.00000000000000000e+00,0.00000000000000000e+00,-6.12734763963671408e-02,1.22546952792734240e-01,0.00000000000000000e+00,0.00000000000000000e+00,0.00000000000000000e+00,0.00000000000000000e+00,0.00000000000000000e+00,0.00000000000000000e+00,2.71476084453195522e-02,1.79657262159861816e-02,4.26117187324565327e-01,-3.40175120811012865e-01,-7.98313541274522587e-01,2.10807340684688585e-03,9.97891926593153178e-01,1.25319954517047527e-01,-3.00797232797433645e-01,4.56943565207013069e+00,1.78969218672082100e+01,1.96514012304468757e+01,3.75483230976550857e+01,0.00000000000000000e+00,0.00000000000000000e+00,7.68587099206838468e-11,1.55014597276317332e-11,2.36652170638434919e-11
7.29999999999999982e-01,1.78728369407425003e+00,6.49782794866410440e-01,4.71760559476272420e-02,0.00000000000000000e+00,0.00000000000000000e+00,0.00000000000000000e+00,0.00000000000000000e+00,0.00000000000000000e+00,0.00000000000000000e+00,-6.11136001979545526e-02,1.22227200395909077e-01,0.00000000000000000e+00,0.00000000000000000e+00,0.00000000000000000e+00,0.00000000000000000e+00,0.00000000000000000e+00,0.00000000000000000e+00,2.35880279738136280e-02,1.71650687713953767e-02,4.22217680516309590e-01,-3.37087541662191903e-01,-7.98373818097773302e-01,2.03272737778354556e-03,9.97967272622216406e-01,1.24262194514991708e-01,-2.97955485989411906e-01,4.54847956406487341e+00,1.77331425811849499e+01,1.94728133043948368e+01,3.72059558855797903e+01,-7.10542735760100186e-15,0.00000000000000000e+00,9.82036517059986674e-11,1.98002956117827854e-11,2.81986680197042083e-11
7.39999999999999991e-01,1.79890825329909232e+00,6.46817266820463366e-01,4.00277144279428537e-02,0.00000000000000000e+00,0.00000000000000000e+00,0.00000000000000000e+00,0.00000000000000000e+00,0.00000000000000000e+00,0.00000000000000000e+00,-6.08302891503357118e-02,1.21660578300671396e-01,0.00000000000000000e+00,0.00000000000000000e+00,0.00000000000000000e+00,0.00000000000000000e+00,0.00000000000000000e+00,0.00000000000000000e+00,2.00138572139714338e-02,1.64035142347787460e-02,4.18372576671057650e-01,-3.34041920767454981e-01,-7.98431683609351350e-01,1.96039548831087587e-03,9.98039604511689160e-01,1.23215280994485143e-01,-2.95157295662609342e-01,4.52772086774324389e+00,1.75716482195979680e+01,1.92966621535207636e+01,3.68683103731187316e+01,0.00000000000000000e+00,0.00000000000000000e+00,1.22539782859275648e-10,2.47001009803007481e-11,3.33749503122585532e-11
7.50000000000000000e-01,1.81055497780552344e+00,6.43879507201763790e-01,3.28572565972035380e-02,0.00000000000000000e+00,0.00000000000000000e+00,0.00000000000000000e+00,0.00000000000000000e+00,0.00000000000000000e+00,0.00000000000000000e+00,-6.04139616738921803e-02,1.20827923347784333e-01,0.00000000000000000e+00,0.00000000000000000e+00,0.00000000000000000e+00,0.00000000000000000e+00,0.00000000000000000e+00,0.00000000000000000e+00,1.64286282986017759e-02,1.56789863716325258e-02,4.14580819810671242e-01,-3.31037496393671749e-01,-7.98487244404717855e-01,1.89094449410283014e-03,9.98109055505897236e-01,1.22179187834888014e-01,-2.92401631959498198e-01,4.50715655041234697e+00,1.74123944313642198e+01,1.91229030610526536e+01,3.65352974924168734e+01,0.00000000000000000e+00,0.00000000000000000e+00,1.50274161376850310e-10,3.02822920745006707e-11,3.92807098225019703e-11
7.60000000000000009e-01,1.82222382351063206e+00,6.40969095742211614e-01,2.56739801409586500e-02,0.00000000000000000e+00,0.00000000000000000e+00,0.00000000000000000e+00,0.00000000000000000e+00,0.00000000000000000e+00,0.00000000000000000e+00,-5.98547716677135730e-02,1.19709543335427118e-01,0.00000000000000000e+00,0.00000000000000000e+00,0.00000000000000000e+00,0.00000000000000000e+00,0.00000000000000000e+00,0.00000000000000000e+00,1.28369900704793320e-02,1.49895280218548445e-02,4.10841381715492449e-01,-3.28073524251519810e-01,-7.98540601926781224e-01,1.82424759152366618e-03,9.98175752408476336e-01,1.21153880572684225e-01,-2.89687501123904234e-01,4.48678367019548130e+00,1.72553380312567128e+01,1.89514923592742939e+01,3.62068303905310103e+01,0.00000000000000000e+00,0.00000000000000000e+00,1.81864692291473322e-10,3.66382634774256900e-11,4.60128660992296830e-11
7.70000000000000018e-01,1.83391474615138694e+00,6.38085621937938052e-01,1.84896372414472543e-02,0.00000000000000000e+00,0.00000000000000000e+00,0.00000000000000000e+00,0.00000000000000000e+00,0.00000000000000000e+00,0.00000000000000000e+00,-5.91426814524761216e-02,1.18285362904952215e-01,0.00000000000000000e+00,0.00000000000000000e+00,0.00000000000000000e+00,0.00000000000000000e+00,0.00000000000000000e+00,0.00000000000000000e+00,9.24481862072363582e-03,1.43332937628765627e-02,4.07153260945782192e-01,-3.25149277006110682e-01,-7.98591852735789809e-01,1.76018408026274277e-03,9.98239815919737206e-01,1.20139317135074974e-01,-2.87013943788850256e-01,4.46659935356556659e+00,1.71004369588048597e+01,1.87823873986959100e+01,3.58828243575007733e+01,-7.10542735760100186e-15,0.00000000000000000e+00,2.17830836858044767e-10,4.38731593293626281e-11,5.36823913310275542e-11
7.80000000000000027e-01,1.84562770130735054e+00,6.35228684713558311e-01,1.13186632448036631e-02,0.00000000000000000e+00,0.00000000000000000e+00,0.00000000000000000e+00,0.00000000000000000e+00,0.00000000000000000e+00,0.00000000000000000e+00,-5.82675529748429635e-02,1.16535105949685899e-01,0.00000000000000000e+00,0.00000000000000000e+00,0.00000000000000000e+00,0.00000000000000000e+00,0.00000000000000000e+00,0.00000000000000000e+00,5.65933162240184022e-03,1.37085430563537915e-02,4.03515481908102602e-01,-3.22264043804227962e-01,-7.98641088764026619e-01,1.69863904496678057e-03,9.98301360955033301e-01,1.19135448519356035e-01,-2.84380033363561213e-01,4.44660079299490807e+00,1.69476502390825274e+01,1.86155465183535114e+01,3.55631967574360317e+01,7.10542735760100186e-15,0.00000000000000000e+00,2.58771185311242869e-10,5.21058437815717341e-11,6.24148389136806553e-11
7.90000000000000036e-01,1.85736264442207166e+00,6.32397892102076198e-01,4.17840972663328838e-03,0.00000000000000000e+00,0.00000000000000000e+00,0.00000000000000000e+00,0.00000000000000000e+00,0.00000000000000000e+00,0.00000000000000000e+00,-5.72192597309278128e-02,1.14438519461855598e-01,0.00000000000000000e+00,0.00000000000000000e+00,0.00000000000000000e+00,0.00000000000000000e+00,0.00000000000000000e+00,0.00000000000000000e+00,2.08920486331665026e-03,1.31136338444651293e-02,3.99927093964181968e-01,-3.19417129817566980e-01,-7.98688397556216678e-01,1.63950305472922099e-03,9.98360496945270848e-01,1.18142219421996708e-01,-2.81784874513152483e-01,4.42678524471453372e+00,1.67969379452762659e+01,1.84509290171842224e+01,3.52478669624604848e+01,7.10542735760100186e-15,0.00000000000000000e+00,3.06395457607430781e-10,6.16812170188348754e-11,7.25951720234236271e-11
8.00000000000000044e-01,1.86911953082324023e+00,6.29592860939590215e-01,-2.91062222719243313e-03,0.00000000000000000e+00,0.00000000000000000e+00,0.00000000000000000e+00,0.00000000000000000e+00,0.00000000000000000e+00,0.00000000000000000e+00,-5.59878219851452849e-02,1.11975643970290542e-01,0.00000000000000000e+00,0.00000000000000000e+00,0.00000000000000000e+00,0.00000000000000000e+00,0.00000000000000000e+00,0.00000000000000000e+00,-1.45531111359621136e-03,1.25470165643106948e-02,3.96387170579459158e-01,-3.16607855800994931e-01,-7.98733862496511349e-01,1.58267187936088111e-03,9.98417328120639103e-01,1.17159568821473381e-01,-2.79227601724624797e-01,4.40715002657713129e+00,1.66482611629361230e+01,1.82884951264367501e+01,3.49367562893728731e+01,0.00000000000000000e+00,0.00000000000000000e+00,3.60448019311029947e-10,7.25456479245310322e-11,8.41626145364141485e-11
8.10000000000000053e-01,1.88089831574166721e+00,6.26813216573884446e-01,-9.92455386632797032e-03,0.00000000000000000e+00,0.00000000000000000e+00,0.00000000000000000e+00,0.00000000000000000e+00,0.00000000000000000e+00,0.00000000000000000e+00,-5.45635679322827721e-02,1.09127135864565517e-01,0.00000000000000000e+00,0.00000000000000000e+00,0.00000000000000000e+00,0.00000000000000000e+00,0.00000000000000000e+00,0.00000000000000000e+00,-4.96227693316398169e-03,1.20072285514489906e-02,3.92894808509889171e-01,-3.13835557665853360e-01,-7.98777563022836756e-01,1.52804622145405228e-03,9.98471953778545918e-01,1.16187430517574020e-01,-2.76707377954125366e-01,4.38769251601719112e+00,1.65015819558113748e+01,1.81282059830574092e+01,3.46297879388687875e+01,0.00000000000000000e+00,0.00000000000000000e+00,4.21327662990066267e-10,8.47805930639078352e-11,9.72010417058037720e-11
8.19999999999999951e-01,1.89269895432916169e+00,6.24058592586185568e-01,-1.68359124337294497e-02,0.00000000000000000e+00,0.00000000000000000e+00,0.00000000000000000e+00,0.00000000000000000e+00,0.00000000000000000e+00,0.00000000000000000e+00,-5.29373234543189519e-02,1.05874646908637876e-01,0.00000000000000000e+00,0.00000000000000000e+00,0.00000000000000000e+00,0.00000000000000000e+00,0.00000000000000000e+00,0.00000000000000000e+00,-8.41795621686472310e-03,1.14928888055049524e-02,3.89449127024230068e-01,-3.11099586067163869e-01,-7.98819574829367718e-01,1.47553146329044245e-03,9.98524468536709509e-01,1.15225733630919092e-01,-2.74223393349731670e-01,4.36841014810329931e+00,1.63568633331873308e+01,1.79700236040201986e+01,3.43268869372075329e+01,0.00000000000000000e+00,0.00000000000000000e+00,4.89927146551096496e-10,9.85637656847318802e-11,1.11899870370344346e-10
8.29999999999999960e-01,1.90452140167536221e+00,6.21328630525333492e-01,-2.36134348529117785e-02,0.00000000000000000e+00,0.00000000000000000e+00,0.00000000000000000e+00,0.00000000000000000e+00,0.00000000000000000e+00,0.00000000000000000e+00,-5.11006330376028023e-02,1.02201266075205577e-01,0.00000000000000000e+00,0.00000000000000000e+00,0.00000000000000000e+00,0.00000000000000000e+00,0.00000000000000000e+00,0.00000000000000000e+00,-1.18067174264558893e-02,1.10026930929276769e-02,3.86049267160106291e-01,-3.08399306004367935e-01,-7.98859970057825386e-01,1.42503742771832895e-03,9.98574962572281732e-01,1.14274403065402153e-01,-2.71774864045084219e-01,4.34930041367733455e+00,1.62140692186404287e+01,1.78139108615560602e+01,3.40279800801964853e+01,0.00000000000000000e+00,0.00000000000000000e+00,5.67526760766234508e-10,1.14152309917759109e-10,1.28532608414353614e-10
8.39999999999999969e-01,1.91636561282358620e+00,6.18622979653686178e-01,-3.02219013897892796e-02,0.00000000000000000e+00,0.00000000000000000e+00,0.00000000000000000e+00,0.00000000000000000e+00,0.00000000000000000e+00,0.00000000000000000e+00,-4.90460142114925654e-02,9.80920284229851031e-02,0.00000000000000000e+00,0.00000000000000000e+00,0.00000000000000000e+00,0.00000000000000000e+00,0.00000000000000000e+00,0.00000000000000000e+00,-1.51109506948946416e-02,1.05354093637498678e-02,3.82694391011935142e-01,-3.05734096434998159e-01,-7.98898817478260859e-01,1.37647815217408018e-03,9.98623521847825879e-01,1.13333359936325595e-01,-2.69361031019279440e-01,4.33036085757580302e+00,1.60731644201354094e+01,1.76598314592439678e+01,3.37329958793793807e+01,-7.10542735760100186e-15,0.00000000000000000e+00,6.54591528027585971e-10,1.31639219642375428e-10,1.47193448789312941e-10
8.49999999999999978e-01,1.92823154278574971e+00,6.15941296704094587e-01,-3.66220111507129034e-02,0.00000000000000000e+00,0.00000000000000000e+00,0.00000000000000000e+00,0.00000000000000000e+00,0.00000000000000000e+00,0.00000000000000000e+00,-4.67672475142133295e-02,9.35344950284266313e-02,0.00000000000000000e+00,0.00000000000000000e+00,0.00000000000000000e+00,0.00000000000000000e+00,0.00000000000000000e+00,0.00000000000000000e+00,-1.83110055753564517e-02,1.00898734609457096e-02,3.79383681049339394e-01,-3.03103349901033714e-01,-7.98936182659935490e-01,1.32977167508076168e-03,9.98670228324919251e-01,1.12402521966451618e-01,-2.66981159019069880e-01,4.31158907692866222e+00,1.59341146013919026e+01,1.75077499089222250e+01,3.34418645103141330e+01,-7.10542735760100186e-15,0.00000000000000000e+00,7.52694953166028872e-10,1.51339652224988006e-10,1.68214656034071394e-10
8.59999999999999987e-01,1.94011914655641182e+00,6.13283245647377906e-01,-4.27703133688061010e-02,0.00000000000000000e+00,0.00000000000000000e+00,0.00000000000000000e+00,0.00000000000000000e+00,0.00000000000000000e+00,0.00000000000000000e+00,-4.42597034466969269e-02,8.85194068933938122e-02,0.00000000000000000e+00,0.00000000000000000e+00,0.00000000000000000e+00,0.00000000000000000e+00,0.00000000000000000e+00,0.00000000000000000e+00,-2.13851566844030505e-02,9.66498510242409445e-03,3.76116339463962557e-01,-3.00506472167073102e-01,-7.98972128132885873e-01,1.28483983389269130e-03,9.98715160166107285e-01,1.11481803852668981e-01,-2.64634535539113092e-01,4.29298271953164523e+00,1.57968862544548472e+01,1.73576315083922097e+01,3.31545177628470569e+01,0.00000000000000000e+00,0.00000000000000000e+00,8.63331116217084146e-10,1.73553587151553906e-10,1.91909992304670195e-10
8.69999999999999996e-01,1.95202837912598826e+00,6.10648497469705509e-01,-4.86192106622627199e-02,0.00000000000000000e+00,0.00000000000000000e+00,0.00000000000000000e+00,0.00000000000000000e+00,0.00000000000000000e+00,0.00000000000000000e+00,-4.15207070984964302e-02,8.30414141969928188e-02,0.00000000000000000e+00,0.00000000000000000e+00,0.00000000000000000e+00,0.00000000000000000e+00,0.00000000000000000e+00,0.00000000000000000e+00,-2.43096053311313599e-02,9.25970411725800593e-03,3.72891587543588310e-01,-2.97942881870180309e-01,-7.99006713540709623e-01,1.24160807411291020e-03,9.98758391925887112e-01,1.10571117605080926e-01,-2.62320469856928029e-01,4.27453948228793834e+00,1.56614466734043738e+01,1.72094423198755067e+01,3.28708889932798840e+01,-7.10542735760100186e-15,0.00000000000000000e+00,9.88783137592024607e-10,1.98738870808152599e-10,2.18774992807726356e-10
8.80000000000000004e-01,1.96395919549318654e+00,6.08036729959395172e-01,-5.41170527721292483e-02,0.00000000000000000e+00,0.00000000000000000e+00,0.00000000000000000e+00,0.00000000000000000e+00,0.00000000000000000e+00,0.00000000000000000e+00,-3.85499400720425572e-02,7.70998801440850867e-02,0.00000000000000000e+00,0.00000000000000000e+00,0.00000000000000000e+00,0.00000000000000000e+00,0.00000000000000000e+00,0.00000000000000000e+00,-2.70585263860646241e-02,8.87304691897371038e-03,3.69708665071812714e-01,-2.95412010180691242e-01,-7.99039995785086665e-01,1.20000526864175584e-03,9.98799994731358276e-01,1.09670372860789289e-01,-2.60038292118925152e-01,4.25625710971576598e+00,1.55277639291480067e+01,1.70631491491990559e+01,3.25909130783470573e+01,7.10542735760100186e-15,0.00000000000000000e+00,1.13049491559856006e-09,2.27184234484983088e-10,2.49110400033860178e-10
8.90000000000000013e-01,1.97591155067670066e+00,6.05447627502601615e-01,-5.92083416251009340e-02,0.00000000000000000e+00,0.00000000000000000e+00,0.00000000000000000e+00,0.00000000000000000e+00,0.00000000000000000e+00,0.00000000000000000e+00,-3.53498779419877673e-02,7.06997558839755069e-02,0.00000000000000000e+00,0.00000000000000000e+00,0.00000000000000000e+00,0.00000000000000000e+00,0.00000000000000000e+00,0.00000000000000000e+00,-2.96041708125504739e-02,8.50408320004839187e-03,3.66566829752361045e-01,-2.92913300473886917e-01,-7.99072029162508413e-01,1.15996354686448790e-03,9.98840036453135571e-01,1.08779477173869599e-01,-2.57787352474659448e-01,4.23813339251821120e+00,1.53958068452382193e+01,1.69187195256723939e+01,3.23145263709106132e+01,0.00000000000000000e+00,0.00000000000000000e+00,1.29040541446671112e-09,2.59278403771382625e-10,2.83255303336712446e-10
9.00000000000000022e-01,1.98788539972620959e+00,6.02880880887371684e-01,-6.38340708136297258e-02,0.00000000000000000e+00,0.00000000000000000e+00,0.00000000000000000e+00,0.00000000000000000e+00,0.00000000000000000e+00,0.00000000000000000e+00,-3.19262597095627196e-02,6.38525194191254114e-02,0.00000000000000000e+00,0.00000000000000000e+00,0.00000000000000000e+00,0.00000000000000000e+00,0.00000000000000000e+00,0.00000000000000000e+00,-3.19170354068148768e-02,8.15193283280928570e-03,3.63465356656551053e-01,-2.90446208011928497e-01,-7.99102865493669379e-01,1.12141813291332239e-03,9.98878581867086668e-01,1.07898336283354324e-01,-2.55567020256178945e-01,4.22016616621160168e+00,1.52655449746603953e+01,1.67761216826273554e+01,3.20416666572877489e+01,0.00000000000000000e+00,0.00000000000000000e+00,1.47187350187214308e-09,2.95695080473843668e-10,3.21950310279010032e-10
9.10000000000000031e-01,1.99988069773271460e+00,6.00336187115692699e-01,-6.79322245974159633e-02,0.00000000000000000e+00,0.00000000000000000e+00,0.00000000000000000e+00,0.00000000000000000e+00,0.00000000000000000e+00,0.00000000000000000e+00,-2.82885834931575625e-02,5.65771669863150903e-02,0.00000000000000000e+00,0.00000000000000000e+00,0.00000000000000000e+00,0.00000000000000000e+00,0.00000000000000000e+00,0.00000000000000000e+00,-3.39661122987079955e-02,7.81576296295115325e-03,3.60403537692182585e-01,-2.88010199635228004e-01,-7.99132554245943427e-01,1.08430719257069643e-03,9.98915692807429201e-01,1.07026854361266965e-01,-2.53376683199341035e-01,4.20235330980984934e+00,1.51369485775455352e+01,1.66353245386032746e+01,3.17722731161488134e+01,-3.55271367880050093e-15,0.00000000000000000e+00,1.67250149004550960e-09,3.35951144626921532e-10,3.65075729842861635e-10
9.20000000000000040e-01,2.01189739983825788e+00,5.97813249223436149e-01,-7.14384631170847662e-02,0.00000000000000000e+00,0.00000000000000000e+00,0.00000000000000000e+00,0.00000000000000000e+00,0.00000000000000000e+00,0.00000000000000000e+00,-2.44506199848986000e-02,4.89012399697971722e-02,0.00000000000000000e+00,0.00000000000000000e+00,0.00000000000000000e+00,0.00000000000000000e+00,0.00000000000000000e+00,0.00000000000000000e+00,-3.57192315585423970e-02,7.49478528311477241e-03,3.57380681094516928e-01,-2.85604753464288930e-01,-7.99161142649327139e-01,1.04857168834101276e-03,9.98951428311658951e-01,1.06164934241284203e-01,-2.51215746705797993e-01,4.18469274456405316e+00,1.50099885997774525e+01,1.64962976791554290e+01,3.15062862789328832e+01,0.00000000000000000e+00,0.00000000000000000e+00,1.89287570584454807e-09,3.80163056523914915e-10,4.12542532066428386e-10
9.30000000000000049e-01,2.02393546124505219e+00,5.95311776107015245e-01,-7.42870214198659146e-02,0.00000000000000000e+00,0.00000000000000000e+00,0.00000000000000000e+00,0.00000000000000000e+00,0.00000000000000000e+00,0.00000000000000000e+00,-2.04309319599850457e-02,4.08618639199700706e-02,0.00000000000000000e+00,0.00000000000000000e+00,0.00000000000000000e+00,0.00000000000000000e+00,0.00000000000000000e+00,0.00000000000000000e+00,-3.71435107099329781e-02,7.18825347444977322e-03,3.54396110936455289e-01,-2.83229358610186277e-01,-7.99188675806237869e-01,1.01415524220279285e-03,9.98985844757797281e-01,1.05312477629747492e-01,-2.49083633141941541e-01,4.16718243274910627e+00,1.48846366524109399e+01,1.63590113392274041e+01,3.12436479916383405e+01,3.55271367880050093e-15,0.00000000000000000e+00,2.13606130947287585e-09,4.28945199636082533e-10,4.64921174667940074e-10
9.39999999999999947e-01,2.03599483722404972e+00,5.92831482357128681e-01,-7.64118498592988304e-02,0.00000000000000000e+00,0.00000000000000000e+00,0.00000000000000000e+00,0.00000000000000000e+00,0.00000000000000000e+00,0.00000000000000000e+00,-1.62533843113126415e-02,3.25067686226252622e-02,0.00000000000000000e+00,0.00000000000000000e+00,0.00000000000000000e+00,0.00000000000000000e+00,0.00000000000000000e+00,0.00000000000000000e+00,-3.82059249296494430e-02,6.89546080520492613e-03,3.51449166657513135e-01,-2.80883514893802311e-01,-7.99215196795509897e-01,9.81004005612644845e-04,9.99018995994387371e-01,1.04469385300762690e-01,-2.46979781172987883e-01,4.14982037649990065e+00,1.47608649918975257e+01,1.62234363861082045e+01,3.09843013780057248e+01,7.10542735760100186e-15,0.00000000000000000e+00,2.40527010432944879e-09,4.82941685168747377e-10,5.22870953063883263e-10
9.49999999999999956e-01,2.04807548312299481e+00,5.90372088098940262e-01,-7.77480220417100104e-02,0.00000000000000000e+00,0.00000000000000000e+00,0.00000000000000000e+00,0.00000000000000000e+00,0.00000000000000000e+00,0.00000000000000000e+00,-1.19476247088587395e-02,2.38952494177174651e-02,0.00000000000000000e+00,0.00000000000000000e+00,0.00000000000000000e+00,0.00000000000000000e+00,0.00000000000000000e+00,0.00000000000000000e+00,-3.88740110208550330e-02,6.61573787613315648e-03,3.48539202611164944e-01,-2.78566732573886644e-01,-7.99240746770914834e-01,9.49066536356566403e-04,9.99050933463643376e-01,1.03635557275828821e-01,-2.44903645130474051e-01,4.13260461669258206e+00,1.46386465010647218e+01,1.60895443029263276e+01,3.07281908039910512e+01,-3.55271367880050093e-15,0.00000000000000000e+00,2.70666602257876345e-09,5.43388266764754317e-10,5.87773398849234372e-10
9.59999999999999964e-01,2.06017735437396787e+00,5.87933318838548713e-01,-7.82334333394754250e-02,0.00000000000000000e+00,0.00000000000000000e+00,0.00000000000000000e+00,0.00000000000000000e+00,0.00000000000000000e+00,0.00000000000000000e+00,-7.54951007277706969e-03,1.50990201455541307e-02,0.00000000000000000e+00,0.00000000000000000e+00,0.00000000000000000e+00,0.00000000000000000e+00,0.00000000000000000e+00,0.00000000000000000e+00,-3.91167166697377403e-02,6.34845050143799904e-03,3.45665587610958391e-01,-2.76278532068709226e-01,-7.99265365054668719e-01,9.18293681664240176e-04,9.99081706318335816e-01,1.02810893002638487e-01,-2.42854694397872078e-01,4.11553323186984077e+00,1.45179546708214442e+01,1.59573071728583802e+01,3.04752618436798279e+01,-3.55271367880050093e-15,0.00000000000000000e+00,2.78740608064693662e-09,5.59528938510510412e-10,6.08819140160739564e-10
9.69999999999999973e-01,2.07230040650047220e+00,5.85514905315229206e-01,-7.78108076653384884e-02,0.00000000000000000e+00,0.00000000000000000e+00,0.00000000000000000e+00,0.00000000000000000e+00,0.00000000000000000e+00,0.00000000000000000e+00,-3.10144865213017335e-03,6.20289730426034323e-03,0.00000000000000000e+00,0.00000000000000000e+00,0.00000000000000000e+00,0.00000000000000000e+00,0.00000000000000000e+00,0.00000000000000000e+00,-3.89054038326692719e-02,6.09299772449950396e-03,3.42827704562100211e-01,-2.74018443740700224e-01,-7.99289089225471816e-01,8.88638468160295983e-04,9.99111361531839659e-01,1.01995291471401878e-01,-2.40832412874899954e-01,4.09860433720660478e+00,1.43987635825446763e+01,1.58266976631443050e+01,3.02254612456889831e+01,0.00000000000000000e+00,0.00000000000000000e+00,2.86531641553622856e-09,5.75100219688811817e-10,6.29465986250529997e-10
9.79999999999999982e-01,2.08444459512406910e+00,5.83116583359124641e-01,-7.64300218052045566e-02,0.00000000000000000e+00,0.00000000000000000e+00,0.00000000000000000e+00,0.00000000000000000e+00,0.00000000000000000e+00,0.00000000000000000e+00,1.34737812051242164e-03,-2.69475624102483982e-03,0.00000000000000000e+00,0.00000000000000000e+00,0.00000000000000000e+00,0.00000000000000000e+00,0.00000000000000000e+00,0.00000000000000000e+00,-3.82150109026023060e-02,5.84880994434259106e-03,3.40024950010406557e-01,-2.71786007610551550e-01,-7.99311955202797519e-01,8.60055996503136929e-04,9.99139944003496927e-01,1.01188651388926437e-01,-2.38836298399492525e-01,4.08181608351387215e+00,1.42810478911135963e+01,1.56976890105585660e+01,2.99787369016721641e+01,0.00000000000000000e+00,0.00000000000000000e+00,2.95643679449875385e-09,5.93321523970913848e-10,6.52856782909380108e-10
9.89999999999999991e-01,2.09660987597059290e+00,5.80738093754386453e-01,-7.40507452470307581e-02,0.00000000000000000e+00,0.00000000000000000e+00,0.00000000000000000e+00,0.00000000000000000e+00,0.00000000000000000e+00,0.00000000000000000e+00,5.74095568321100584e-03,-1.14819113664220030e-02,0.00000000000000000e+00,0.00000000000000000e+00,0.00000000000000000e+00,0.00000000000000000e+00,0.00000000000000000e+00,0.00000000000000000e+00,-3.70253726235153999e-02,5.61534716026702244e-03,3.37256733766247929e-01,-2.69580773126587681e-01,-7.99333997326302947e-01,8.32503342121407438e-04,9.99167496657878629e-01,1.00390871298667667e-01,-2.36865862238810870e-01,4.06516665628070495e+00,1.41647828085740990e+01,1.55702550067554437e+01,2.97350378153295480e+01,-7.10542735760100186e-15,0.00000000000000000e+00,3.05702293206900399e-09,6.13440537809201528e-10,6.78324164988205267e-10
1.00000000000000000e+00,2.10879620487597252e+00,5.78379182107461309e-01,-7.06453776439009695e-02,0.00000000000000000e+00,0.00000000000000000e+00,0.00000000000000000e+00,0.00000000000000000e+00,0.00000000000000000e+00,0.00000000000000000e+00,1.00165854720950555e-02,-2.00331709441900936e-02,0.00000000000000000e+00,0.00000000000000000e+00,0.00000000000000000e+00,0.00000000000000000e+00,0.00000000000000000e+00,0.00000000000000000e+00,-3.53226888219505056e-02,5.39209732052852841e-03,3.34522478531727063e-01,-2.67402298932560512e-01,-7.99355248431233067e-01,8.05939460958694049e-04,9.99194060539041251e-01,9.96018496982129797e-02,-2.34920628597082931e-01,4.04865427475222894e+00,1.40499440884024267e+01,1.54443699841774098e+01,2.94943140725798401e+01,-3.55271367880050093e-15,0.00000000000000000e+00,3.17206881870775808e-09,6.36459208938737809e-10,7.06772093378043220e-10
1.01000000000000001e+00,2.12100353779167428e+00,5.76039598719993551e-01,-6.62022459232241428e-02,0.00000000000000000e+00,0.00000000000000000e+00,0.00000000000000000e+00,0.00000000000000000e+00,0.00000000000000000e+00,0.00000000000000000e+00,1.41052951399505098e-02,-2.82105902799009954e-02,0.00000000000000000e+00,0.00000000000000000e+00,0.00000000000000000e+00,0.00000000000000000e+00,0.00000000000000000e+00,0.00000000000000000e+00,-3.31011229616120783e-02,5.17857476921949368e-03,3.31821619538484491e-01,-2.65250152640018833e-01,-7.99375739919970019e-01,7.80325100037504546e-04,9.99219674899962551e-01,9.88214851488613821e-02,-2.33000134144629806e-01,4.03227719103995508e+00,1.39365080103266301e+01,1.53200088024106922e+01,2.92565168127373170e+01,7.10542735760100186e-15,0.00000000000000000e+00,3.30187963740868946e-09,6.62437087954437252e-10,7.38328333647584204e-10
1.02000000000000002e+00,2.13323183078978973e+00,5.73719098466380362e-01,-6.07289978021212026e-02,0.00000000000000000e+00,0.00000000000000000e+00,0.00000000000000000e+00,0.00000000000000000e+00,0.00000000000000000e+00,0.00000000000000000e+00,1.79325654276495626e-02,-3.58651308552991044e-02,0.00000000000000000e+00,0.00000000000000000e+00,0.00000000000000000e+00,0.00000000000000000e+00,0.00000000000000000e+00,0.00000000000000000e+00,-3.03644989010606013e-02,4.97431878531777102e-03,3.29153604197674199e-01,-2.63123910606726630e-01,-7.99395501829920030e-01,7.55622712599924879e-04,9.99244377287400010e-01,9.80496763767597646e-02,-2.31103927568316492e-01,4.01603368926466242e+00,1.38244513656932035e+01,1.51971468349678389e+01,2.90215982006610389e+01,3.55271367880050093e-15,0.00000000000000000e+00,3.41675713123408516e-09,6.85417004164575595e-10,7.67416608359594778e-10
1.03000000000000003e+00,2.14548104006779194e+00,5.71417440676051380e-01,-5.42560978781801220e-02,0.00000000000000000e+00,0.00000000000000000e+00,0.00000000000000000e+00,0.00000000000000000e+00,0.00000000000000000e+00,0.00000000000000000e+00,2.14194307329483025e-02,-4.28388614658965911e-02,0.00000000000000000e+00,0.00000000000000000e+00,0.00000000000000000e+00,0.00000000000000000e+00,0.00000000000000000e+00,0.00000000000000000e+00,-2.71280489390900575e-02,4.77889220866094169e-03,3.26517891769383228e-01,-2.61023157727160171e-01,-7.99414562897884262e-01,7.31796377644786480e-04,9.99268203622355133e-01,9.72863223609879979e-02,-2.29231569147780700e-01,3.99992208473235955e+00,1.37137514433682846e+01,1.50757599564221145e+01,2.87895113997904026e+01,-3.55271367880050093e-15,0.00000000000000000e+00,3.53909123354137230e-09,7.09890237222095221e-10,7.98163091597737895e-10
1.04000000000000004e+00,2.15775112195296837e+00,5.69134389019307574e-01,-4.68402965273660155e-02,0.00000000000000000e+00,0.00000000000000000e+00,0.00000000000000000e+00,0.00000000000000000e+00,0.00000000000000000e+00,0.00000000000000000e+00,2.44840089001335942e-02,-4.89680178002671745e-02,0.00000000000000000e+00,0.00000000000000000e+00,0.00000000000000000e+00,0.00000000000000000e+00,0.00000000000000000e+00,0.00000000000000000e+00,-2.34201482636830043e-02,4.59188014605885989e-03,3.23913953033487134e-01,-2.58947487220947348e-01,-7.99432950621230654e-01,7.08811723461653270e-04,9.99291188276538400e-01,9.65313224204912557e-02,-2.27382630343889253e-01,3.98394072313515313e+00,1.36043860161039820e+01,1.49558245299908599e+01,2.85602105460948437e+01,0.00000000000000000e+00,0.00000000000000000e+00,3.67012658193099781e-09,7.36106654122722376e-10,8.30796646306135880e-10
1.05000000000000004e+00,2.17004203290655751e+00,5.66869711397543607e-01,-3.85679010227623770e-02,0.00000000000000000e+00,0.00000000000000000e+00,0.00000000000000000e+00,0.00000000000000000e+00,0.00000000000000000e+00,0.00000000000000000e+00,2.70435101478990157e-02,-5.40870202957980176e-02,0.00000000000000000e+00,0.00000000000000000e+00,0.00000000000000000e+00,0.00000000000000000e+00,0.00000000000000000e+00,0.00000000000000000e+00,-1.92839505113811885e-02,4.41288875377966218e-03,3.21341269978056177e-01,-2.56896500432293784e-01,-7.99450691315923390e-01,6.86635855095893942e-04,9.99313364144904126e-01,9.57845762897659991e-02,-2.25556693410168374e-01,3.96808797978280525e+00,1.34963333273972452e+01,1.48373173954539688e+01,2.83336507228512140e+01,0.00000000000000000e+00,0.00000000000000000e+00,3.81059190275056905e-09,7.64211609119124434e-10,8.65502907187697066e-10
1.06000000000000005e+00,2.18235372952759921e+00,5.64623179837259181e-01,-2.95576336163520456e-02,0.00000000000000000e+00,0.00000000000000000e+00,0.00000000000000000e+00,0.00000000000000000e+00,0.00000000000000000e+00,0.00000000000000000e+00,2.90167640602079120e-02,-5.80335281204158102e-02,0.00000000000000000e+00,0.00000000000000000e+00,0.00000000000000000e+00,0.00000000000000000e+00,0.00000000000000000e+00,0.00000000000000000e+00,-1.47788168081760176e-02,4.24154409110159749e-03,3.18799335497743919e-01,-2.54869806634551110e-01,-7.99467810171626825e-01,6.65237285466615137e-04,9.99334762714533364e-01,9.50459841883630752e-02,-2.23753351021174829e-01,3.95236225886081449e+00,1.33895720788005939e+01,1.47202158574376760e+01,2.81097879362382699e+01,0.00000000000000000e+00,0.00000000000000000e+00,3.96985491651097026e-09,7.96083457979824055e-10,9.04035807224119446e-10
1.07000000000000006e+00,2.19468616855651311e+00,5.62394570387501180e-01,-1.99628147045858330e-02,0.00000000000000000e+00,0.00000000000000000e+00,0.00000000000000000e+00,0.00000000000000000e+00,0.00000000000000000e+00,0.00000000000000000e+00,3.03272858551032858e-02,-6.06545717102065576e-02,0.00000000000000000e+00,0.00000000000000000e+00,0.00000000000000000e+00,0.00000000000000000e+00,0.00000000000000000e+00,0.00000000000000000e+00,-9.98140735229291129e-03,4.07749104027821906e-03,3.16287653097902577e-01,-2.52867022836710920e-01,-7.99484331304071927e-01,6.44585869910022525e-04,9.99355414130089881e-01,9.43154468871712226e-02,-2.21972205914170800e-01,3.93676199271250837e+00,1.32840814176563651e+01,1.46044976740767645e+01,2.78885790917331278e+01,0.00000000000000000e+00,0.00000000000000000e+00,4.10312313619648636e-09,8.22740372234767793e-10,9.37629246627677459e-10
1.08000000000000007e+00,2.20703930687842398e+00,5.60183663021033951e-01,-9.97256347167015979e-03,0.00000000000000000e+00,0.00000000000000000e+00,0.00000000000000000e+00,0.00000000000000000e+00,0.00000000000000000e+00,0.00000000000000000e+00,3.09068773387473836e-02,-6.18137546774947533e-02,0.00000000000000000e+00,0.00000000000000000e+00,0.00000000000000000e+00,0.00000000000000000e+00,0.00000000000000000e+00,0.00000000000000000e+00,-4.98628173583507035e-03,3.92039228952599517e-03,3.13805736614823416e-01,-2.50887773600277697e-01,-7.99500277804756854e-01,6.24652744053883890e-04,9.99375347255946123e-01,9.35928657647533135e-02,-2.20212870550910017e-01,3.92128564114723765e+00,1.31798409252578601e+01,1.44901410459644051e+01,2.76699819712222670e+01,-3.55271367880050093e-15,0.00000000000000000e+00,4.14492601738023311e-09,8.31056440495412515e-10,9.53328925149737190e-10
1.09000000000000008e+00,2.21941310152625215e+00,5.57990241538857679e-01,1.88332228370505055e-04,0.00000000000000000e+00,0.00000000000000000e+00,0.00000000000000000e+00,0.00000000000000000e+00,0.00000000000000000e+00,0.00000000000000000e+00,3.06997227439230747e-02,-6.13994454878461354e-02,0.00000000000000000e+00,0.00000000000000000e+00,0.00000000000000000e+00,0.00000000000000000e+00,0.00000000000000000e+00,0.00000000000000000e+00,9.41661141852623393e-05,3.76992737524323293e-03,3.11353109954305096e-01,-2.48931690868434363e-01,-7.99515671788112670e-01,6.05410264859168471e-04,9.99394589735140837e-01,9.28781428520451535e-02,-2.18474966800547565e-01,3.90593169077200386e+00,1.30768306054088956e+01,1.43771246053375261e+01,2.74539552107464218e+01,0.00000000000000000e+00,0.00000000000000000e+00,4.18633606099755300e-09,8.39294728204679115e-10,9.69036016208162970e-10
1.10000000000000009e+00,2.23180750968356545e+00,5.55814093477488447e-01,1.02612549285106287e-02,0.00000000000000000e+00,0.00000000000000000e+00,0.00000000000000000e+00,0.00000000000000000e+00,0.00000000000000000e+00,0.00000000000000000e+00,2.96668941114037917e-02,-5.93337882228075764e-02,0.00000000000000000e+00,0.00000000000000000e+00,0.00000000000000000e+00,0.00000000000000000e+00,0.00000000000000000e+00,0.00000000000000000e+00,5.13062746425533168e-03,3.62579177757686331e-03,3.08929306811176307e-01,-2.46998413777837961e-01,-7.99530534436502238e-01,5.86831954372172768e-04,9.99413168045627742e-01,9.21711808915180453e-02,-2.16758125616684227e-01,3.89069865434241891e+00,1.29750308733444939e+01,1.42654274058257471e+01,2.72404582791702410e+01,0.00000000000000000e+00,0.00000000000000000e+00,4.20670609247491281e-09,8.43316061171835408e-10,9.80722864647184870e-10
1.11000000000000010e+00,2.24422248868722862e+00,5.53655010019778682e-01,1.99576961292759307e-02,0.00000000000000000e+00,0.00000000000000000e+00,0.00000000000000000e+00,0.00000000000000000e+00,0.00000000000000000e+00,0.00000000000000000e+00,2.77911246382940257e-02,-5.55822492765880583e-02,0.00000000000000000e+00,0.00000000000000000e+00,0.00000000000000000e+00,0.00000000000000000e+00,0.00000000000000000e+00,0.00000000000000000e+00,9.97884806463798617e-03,3.48769606943328961e-03,3.06533870424055943e-01,-2.45087588496467446e-01,-7.99544886042823588e-01,5.68892446470669884e-04,9.99431107553529374e-01,9.14718833734414760e-02,-2.15061986746559741e-01,3.87558507013845066e+00,1.28744225450400513e+01,1.41550289122682305e+01,2.70294514573082871e+01,-3.55271367880050093e-15,0.00000000000000000e+00,4.22454984699158403e-09,8.46832537858581186e-10,9.91912330669592137e-10
1.12000000000000011e+00,2.25665799602983297e+00,5.51512785908293668e-01,2.89656707425363022e-02,0.00000000000000000e+00,0.00000000000000000e+00,0.00000000000000000e+00,0.00000000000000000e+00,0.00000000000000000e+00,0.00000000000000000e+00,2.50816418505973027e-02,-5.01632837011946123e-02,0.00000000000000000e+00,0.00000000000000000e+00,0.00000000000000000e+00,0.00000000000000000e+00,0.00000000000000000e+00,0.00000000000000000e+00,1.44828353712681789e-02,3.35536511325156168e-03,3.04166353325288963e-01,-2.43198868055701123e-01,-7.99558746051091007e-01,5.51567436136367458e-04,9.99448432563863731e-01,9.07801545767699114e-02,-2.13386198443557440e-01,3.86058950135805556e+00,1.27749868268537501e+01,1.40459089909285293e+01,2.68208958177822794e+01,0.00000000000000000e+00,0.00000000000000000e+00,4.23986668311143352e-09,8.49843994452850781e-10,1.00261455018011705e-09
1.12999999999999989e+00,2.26911398936194830e+00,5.49387219361690327e-01,3.69589332985861344e-02,0.00000000000000000e+00,0.00000000000000000e+00,0.00000000000000000e+00,0.00000000000000000e+00,0.00000000000000000e+00,0.00000000000000000e+00,2.15787774975934148e-02,-4.31575549951868573e-02,0.00000000000000000e+00,0.00000000000000000e+00,0.00000000000000000e+00,0.00000000000000000e+00,0.00000000000000000e+00,0.00000000000000000e+00,1.84794666492931019e-02,3.22853730373191816e-03,3.01826317104029906e-01,-2.41331912191074638e-01,-7.99572133094991977e-01,5.34833631260050926e-04,9.99465166368739943e-01,9.00958996026266223e-02,-2.11730417195343440e-01,3.84571053553183217e+00,1.26767053055147407e+01,1.39380478999515134e+01,2.66147532054662541e+01,0.00000000000000000e+00,0.00000000000000000e+00,4.25890824143565317e-09,8.53603750104150813e-10,1.01402636811696989e-09
1.13999999999999990e+00,2.28159042649417731e+00,5.47278111993639405e-01,4.36092241091046440e-02,0.00000000000000000e+00,0.00000000000000000e+00,0.00000000000000000e+00,0.00000000000000000e+00,0.00000000000000000e+00,0.00000000000000000e+00,1.73579911415665360e-02,-3.47159822831331275e-02,0.00000000000000000e+00,0.00000000000000000e+00,0.00000000000000000e+00,0.00000000000000000e+00,0.00000000000000000e+00,0.00000000000000000e+00,2.18046120545523567e-02,3.10696385328092847e-03,2.99513332174105917e-01,-2.39486387185153499e-01,-7.99585065034570830e-01,5.18668706786458260e-04,9.99481331293213482e-01,8.94190244059890893e-02,-2.10094307461333452e-01,3.83094678395547561e+00,1.25795599384275452e+01,1.38314262801113941e+01,2.64109862185389375e+01,0.00000000000000000e+00,0.00000000000000000e+00,4.27193553018784008e-09,8.56159583808851936e-10,1.02427285708249070e-09
1.14999999999999991e+00,2.29408726539904961e+00,5.45185268734457384e-01,4.86016179197529541e-02,0.00000000000000000e+00,0.00000000000000000e+00,0.00000000000000000e+00,0.00000000000000000e+00,0.00000000000000000e+00,0.00000000000000000e+00,1.25328653304356344e-02,-2.50657306608713278e-02,0.00000000000000000e+00,0.00000000000000000e+00,0.00000000000000000e+00,0.00000000000000000e+00,0.00000000000000000e+00,0.00000000000000000e+00,2.43008089598765048e-02,2.99040811798099732e-03,2.97226977553477323e-01,-2.37661965718062640e-01,-7.99597558991098967e-01,5.03051261126349295e-04,9.99496948738873625e-01,8.87494358211111389e-02,-2.08477541423951390e-01,3.81629688114120169e+00,1.24835330442926260e+01,1.37260251457881832e+01,2.62095581900808057e+01,3.55271367880050093e-15,0.00000000000000000e+00,4.30098834089464681e-09,8.61928503778146598e-10,1.03764064837726163e-09
1.15999999999999992e+00,2.30660446421274745e+00,5.43108497754925534e-01,5.16528245641523637e-02,0.00000000000000000e+00,0.00000000000000000e+00,0.00000000000000000e+00,0.00000000000000000e+00,0.00000000000000000e+00,0.00000000000000000e+00,7.25656040178876676e-03,-1.45131208035775994e-02,0.00000000000000000e+00,0.00000000000000000e+00,0.00000000000000000e+00,0.00000000000000000e+00,0.00000000000000000e+00,0.00000000000000000e+00,2.58264122820761957e-02,2.87864496091433950e-03,2.94966840640509098e-01,-2.35858326713970723e-01,-7.99609631380305275e-01,4.87960774618508562e-04,9.99512039225381566e-01,8.80870415907276660e-02,-2.06879798742884313e-01,3.80175948428447885e+00,1.23886072940117007e+01,1.36218258762818891e+01,2.60104331702935916e+01,-3.55271367880050093e-15,0.00000000000000000e+00,4.27627578179239643e-09,8.56924302540368544e-10,1.04044616731401443e-09
1.16999999999999993e+00,2.31914198123666981e+00,5.41047610392868861e-01,5.25319948019866215e-02,0.00000000000000000e+00,0.00000000000000000e+00,0.00000000000000000e+00,0.00000000000000000e+00,0.00000000000000000e+00,0.00000000000000000e+00,1.72116778827792190e-03,-3.44233557655591361e-03,0.00000000000000000e+00,0.00000000000000000e+00,0.00000000000000000e+00,0.00000000000000000e+00,0.00000000000000000e+00,0.00000000000000000e+00,2.62659974009933246e-02,2.77146015209757315e-03,2.92732517016682348e-01,-2.34075155207261965e-01,-7.99621297943891918e-01,4.73377570135065004e-04,9.99526622429864897e-01,8.74317503788622497e-02,-2.05300766332971341e-01,3.78733327275008191e+00,1.22947657018970116e+01,1.35188102072010849e+01,2.58135759090980947e+01,3.55271367880050093e-15,0.00000000000000000e+00,4.24169196068646406e-09,8.49944782935618248e-10,1.04139014160608310e-09
1.17999999999999994e+00,2.33169977493886815e+00,5.39002421081665073e-01,5.10832147580658202e-02,0.00000000000000000e+00,0.00000000000000000e+00,0.00000000000000000e+00,0.00000000000000000e+00,0.00000000000000000e+00,0.00000000000000000e+00,-3.84561343736026205e-03,7.69122687472045298e-03,0.00000000000000000e+00,0.00000000000000000e+00,0.00000000000000000e+00,0.00000000000000000e+00,0.00000000000000000e+00,0.00000000000000000e+00,2.55416073790329136e-02,2.66864980085709672e-03,2.90523610235163932e-01,-2.32312142196096888e-01,-7.99632573779639255e-01,4.59282775451014475e-04,9.99540717224549069e-01,8.67834717951619372e-02,-2.03740138136734639e-01,3.77301694757165551e+00,1.22019916171396563e+01,1.34169602222719249e+01,2.56189518394115794e+01,0.00000000000000000e+00,0.00000000000000000e+00,4.21481365853907249e-09,8.44511267699435751e-10,1.04386474967371015e-09
1.18999999999999995e+00,2.34427780395532448e+00,5.36972747280994533e-01,4.72484383174324590e-02,0.00000000000000000e+00,0.00000000000000000e+00,0.00000000000000000e+00,0.00000000000000000e+00,0.00000000000000000e+00,0.00000000000000000e+00,-9.18701388815057994e-03,1.83740277763010940e-02,0.00000000000000000e+00,0.00000000000000000e+00,0.00000000000000000e+00,0.00000000000000000e+00,0.00000000000000000e+00,0.00000000000000000e+00,2.36242191587162191e-02,2.57001982016050439e-03,2.88339731624057016e-01,-2.30568984506439201e-01,-7.99643473370016067e-01,4.45658287480017908e-04,9.99554341712520000e-01,8.61421164108364945e-02,-2.02197614911662354e-01,3.75880923096696185e+00,1.21102687155449509e+01,1.33162583452966601e+01,2.54265270608416110e+01,0.00000000000000000e+00,0.00000000000000000e+00,4.18570327421393558e-09,8.38632889854320341e-10,1.04584326838175355e-09
1.19999999999999996e+00,2.35687602709110777e+00,5.34958409409720170e-01,4.10891302670549075e-02,0.00000000000000000e+00,0.00000000000000000e+00,0.00000000000000000e+00,0.00000000000000000e+00,0.00000000000000000e+00,0.00000000000000000e+00,-1.40273731911701848e-02,2.80547463823403107e-02,0.00000000000000000e+00,0.00000000000000000e+00,0.00000000000000000e+00,0.00000000000000000e+00,0.00000000000000000e+00,0.00000000000000000e+00,2.05445651335274433e-02,2.47538542068044543e-03,2.86180500097696966e-01,-2.28845384661330364e-01,-7.99654010609411214e-01,4.32486738236076971e-04,9.99567513261763962e-01,8.55075957708946732e-02,-2.00672904027283105e-01,3.74470886586804141e+00,1.20195809915234673e+01,1.32166873323159919e+01,2.52362683238394609e+01,0.00000000000000000e+00,0.00000000000000000e+00,4.15073265828038338e-09,8.31582671560795869e-10,1.04660935014054271e-09
1.20999999999999996e+00,2.36949440332140560e+00,5.32959230780778559e-01,3.28044119678214743e-02,0.00000000000000000e+00,0.00000000000000000e+00,0.00000000000000000e+00,0.00000000000000000e+00,0.00000000000000000e+00,0.00000000000000000e+00,-1.80861907826629156e-02,3.61723815653257827e-02,0.00000000000000000e+00,0.00000000000000000e+00,0.00000000000000000e+00,0.00000000000000000e+00,0.00000000000000000e+00,0.00000000000000000e+00,1.64022059839107233e-02,2.38457063266207022e-03,2.84045541971811311e-01,-2.27141050752142581e-01,-7.99664198830073780e-01,4.19751462407868940e-04,9.99580248537592198e-01,8.48798224055986317e-02,-1.99165719268840552e-01,3.73071461546545002e+00,1.19299127503264462e+01,1.31182302640048256e+01,2.50481430143312700e+01,3.55271367880050093e-15,0.00000000000000000e+00,4.11375742420274810e-09,8.24132795589989434e-10,1.04691707132067855e-09
1.21999999999999997e+00,2.38213289179244025e+00,5.30975037537940509e-01,2.27430737226178223e-02,0.00000000000000000e+00,0.00000000000000000e+00,0.00000000000000000e+00,0.00000000000000000e+00,0.00000000000000000e+00,0.00000000000000000e+00,-2.10959738549184490e-02,4.21919477098368703e-02,0.00000000000000000e+00,0.00000000000000000e+00,0.00000000000000000e+00,0.00000000000000000e+00,0.00000000000000000e+00,0.00000000000000000e+00,1.13715368613088990e-02,2.29740785390203850e-03,2.81934490780500591e-01,-2.25455696310244424e-01,-7.99674050826836957e-01,4.07436466453953649e-04,9.99592563533546086e-01,8.42587098425207626e-02,-1.97675780645896582e-01,3.71682526276558356e+00,1.18412486005135271e+01,1.30208705383088201e+01,2.48621191388223473e+01,0.00000000000000000e+00,0.00000000000000000e+00,4.02059868140924762e-09,8.05430485744028766e-10,1.03599685753069114e-09
1.22999999999999998e+00,2.39479145182226727e+00,5.29005658594554951e-01,1.14065226019714906e-02,0.00000000000000000e+00,0.00000000000000000e+00,0.00000000000000000e+00,0.00000000000000000e+00,0.00000000000000000e+00,0.00000000000000000e+00,-2.28233907707059876e-02,4.56467815414119404e-02,0.00000000000000000e+00,0.00000000000000000e+00,0.00000000000000000e+00,0.00000000000000000e+00,0.00000000000000000e+00,0.00000000000000000e+00,5.70326130098572533e-03,2.21373742295867320e-03,2.79846987110608070e-01,-2.23789040191568089e-01,-7.99683578880613921e-01,3.95526399232539328e-04,9.99604473600767318e-01,8.36441726084188875e-02,-1.96202814216639931e-01,3.70303961016188454e+00,1.17535734466524708e+01,1.29245918631703347e+01,2.46781653098228091e+01,-3.55271367880050093e-15,0.00000000000000000e+00,3.90470823475294757e-09,7.82177105538229373e-10,1.02037636302450512e-09
1.23999999999999999e+00,2.40747004290147970e+00,5.27050925573883888e-01,-5.60329638261903651e-04,0.00000000000000000e+00,0.00000000000000000e+00,0.00000000000000000e+00,0.00000000000000000e+00,0.00000000000000000e+00,0.00000000000000000e+00,-2.30927112187945018e-02,4.61854224375889896e-02,0.00000000000000000e+00,0.00000000000000000e+00,0.00000000000000000e+00,0.00000000000000000e+00,0.00000000000000000e+00,0.00000000000000000e+00,-2.80164819130975244e-04,2.13340721504206394e-03,2.77782678426887031e-01,-2.22140806452907930e-01,-7.99692794780851868e-01,3.84006523935145427e-04,9.99615993476064779e-01,8.30361262393608524e-02,-1.94746551908926868e-01,3.68935647901718733e+00,1.16668724822280847e+01,1.28293782495791344e+01,2.44962507318072156e+01,3.55271367880050093e-15,0.00000000000000000e+00,3.78092677468271781e-09,7.57347013617373619e-10,1.00293982283568999e-09
1.25000000000000000e+00,2.42016862469380367e+00,5.25110672751233243e-01,-1.23929527116232157e-02,0.00000000000000000e+00,0.00000000000000000e+00,0.00000000000000000e+00,0.00000000000000000e+00,0.00000000000000000e+00,0.00000000000000000e+00,-2.18099001785470314e-02,4.36198003570940490e-02,0.00000000000000000e+00,0.00000000000000000e+00,0.00000000000000000e+00,0.00000000000000000e+00,0.00000000000000000e+00,0.00000000000000000e+00,-6.19647635581163300e-03,2.05627226010527244e-03,2.75741218908011343e-01,-2.20510724236004901e-01,-7.99701709846899589e-01,3.72862691375723391e-04,9.99627137308624403e-01,8.24344872852302291e-02,-1.93306731352022532e-01,3.67577470925863281e+00,1.15811311827646168e+01,1.27352140047578413e+01,2.43163451875224581e+01,0.00000000000000000e+00,0.00000000000000000e+00,3.64027244134714800e-09,7.29140197897548615e-10,9.81930025890694794e-10
1.26000000000000001e+00,2.43288715703660730e+00,5.23184736997800548e-01,-2.32478280130319487e-02,0.00000000000000000e+00,0.00000000000000000e+00,0.00000000000000000e+00,0.00000000000000000e+00,0.00000000000000000e+00,0.00000000000000000e+00,-1.89850788407538960e-02,3.79701576815077990e-02,0.00000000000000000e+00,0.00000000000000000e+00,0.00000000000000000e+00,0.00000000000000000e+00,0.00000000000000000e+00,0.00000000000000000e+00,-1.16239140065160038e-02,1.98219438168207966e-03,2.73722269289436881e-01,-2.18898527656282232e-01,-7.99710334948365409e-01,3.62081314543334838e-04,9.99637918685456595e-01,8.18391733114164355e-02,-1.91883095716041285e-01,3.66229315898460372e+00,1.14963352991532251e+01,1.26420837255130554e+01,2.41384190246662804e+01,0.00000000000000000e+00,0.00000000000000000e+00,3.48172863161725600e-09,6.97354171793896194e-10,9.57098453360858668e-10
1.27000000000000002e+00,2.44562559994131457e+00,5.21272957725999575e-01,-3.22604828607838887e-02,0.00000000000000000e+00,0.00000000000000000e+00,0.00000000000000000e+00,0.00000000000000000e+00,0.00000000000000000e+00,0.00000000000000000e+00,-1.47504499971456045e-02,2.95008999942912228e-02,0.00000000000000000e+00,0.00000000000000000e+00,0.00000000000000000e+00,0.00000000000000000e+00,0.00000000000000000e+00,0.00000000000000000e+00,-1.61302414303919686e-02,1.91104185488410409e-03,2.71725496702058478e-01,-2.17303955687451422e-01,-7.99718680524561965e-01,3.51649344297550966e-04,9.99648350655702456e-01,8.12501029052870583e-02,-1.90475393551124694e-01,3.64891070408199703e+00,1.14124708511692923e+01,1.25499722918433125e+01,2.39624431430126030e+01,3.55271367880050093e-15,0.00000000000000000e+00,3.18298947086098159e-09,6.37493614971548308e-10,9.04025305555266805e-10
1.28000000000000003e+00,2.45838391359374508e+00,5.19375176836517127e-01,-3.86196521880846355e-02,0.00000000000000000e+00,0.00000000000000000e+00,0.00000000000000000e+00,0.00000000000000000e+00,0.00000000000000000e+00,0.00000000000000000e+00,-9.37031947905782661e-03,1.87406389581156706e-02,0.00000000000000000e+00,0.00000000000000000e+00,0.00000000000000000e+00,0.00000000000000000e+00,0.00000000000000000e+00,0.00000000000000000e+00,-1.93098260940423420e-02,1.84268908368707485e-03,2.69750574541202992e-01,-2.15726752069614891e-01,-7.99726756602936351e-01,3.41554246329439041e-04,9.99658445753670466e-01,8.06671956634050780e-02,-1.89083378650558354e-01,3.63562623785561989e+00,1.13295241211864646e+01,1.24588648604741348e+01,2.37883889816606029e+01,-3.55271367880050093e-15,0.00000000000000000e+00,2.84424977472835131e-09,5.69627159966184330e-10,8.42406215031611310e-10
1.29000000000000004e+00,2.47116205835436276e+00,5.17491238666481168e-01,-4.16537441996284313e-02,0.00000000000000000e+00,0.00000000000000000e+00,0.00000000000000000e+00,0.00000000000000000e+00,0.00000000000000000e+00,0.00000000000000000e+00,-3.23967160909002317e-03,6.47934321818007756e-03,0.00000000000000000e+00,0.00000000000000000e+00,0.00000000000000000e+00,0.00000000000000000e+00,0.00000000000000000e+00,0.00000000000000000e+00,-2.08268720998142365e-02,1.77701629438705680e-03,2.67797182308806281e-01,-2.14166665195269529e-01,-7.99734572816776179e-01,3.31783979029681752e-04,9.99668216020970224e-01,8.00903721991903517e-02,-1.87706809897378646e-01,3.62243867066536840e+00,1.12474816480558975e+01,1.23687468588445633e+01,2.36162285069004554e+01,7.10542735760100186e-15,0.00000000000000000e+00,2.56681712053885526e-09,5.14044680540799598e-10,7.92529934309813186e-10
1.30000000000000004e+00,2.48395999475846230e+00,5.15620989939236107e-01,-4.09227630103078319e-02,0.00000000000000000e+00,0.00000000000000000e+00,0.00000000000000000e+00,0.00000000000000000e+00,0.00000000000000000e+00,0.00000000000000000e+00,3.13196078712310848e-03,-6.26392157424617447e-03,0.00000000000000000e+00,0.00000000000000000e+00,0.00000000000000000e+00,0.00000000000000000e+00,0.00000000000000000e+00,0.00000000000000000e+00,-2.04613815051539333e-02,1.71390924588612722e-03,2.65865005472964877e-01,-2.12623448008536470e-01,-7.99742138422040671e-01,3.22326972449258709e-04,9.99677673027550728e-01,7.95195541404183914e-02,-1.86345451125499439e-01,3.60934692957465275e+00,1.11663302211685487e+01,1.22796039791344054e+01,2.34459342003029541e+01,0.00000000000000000e+00,0.00000000000000000e+00,2.46996193352321259e-09,4.94629371554466927e-10,7.78767577200505201e-10
1.31000000000000005e+00,2.49677768351627405e+00,5.13764279715787642e-01,-3.63056319195142960e-02,0.00000000000000000e+00,0.00000000000000000e+00,0.00000000000000000e+00,0.00000000000000000e+00,0.00000000000000000e+00,0.00000000000000000e+00,9.15368840482897253e-03,-1.83073768096578930e-02,0.00000000000000000e+00,0.00000000000000000e+00,0.00000000000000000e+00,0.00000000000000000e+00,0.00000000000000000e+00,0.00000000000000000e+00,-1.81528159597571619e-02,1.65325895472605679e-03,2.63953735310757276e-01,-2.11096857890416795e-01,-7.99749462313495307e-01,3.13172108130928110e-04,9.99686827891869134e-01,7.89546641406904115e-02,-1.84999070971191670e-01,3.59634995801051360e+00,1.10860568746990484e+01,1.21914221726687142e+01,2.32774790473677626e+01,0.00000000000000000e+00,0.00000000000000000e+00,2.31598613474599871e-09,4.63777485974688308e-10,7.53447167006505975e-10
1.32000000000000006e+00,2.50961508551300971e+00,5.11920959347167193e-01,-2.80699431491194008e-02,0.00000000000000000e+00,0.00000000000000000e+00,0.00000000000000000e+00,0.00000000000000000e+00,0.00000000000000000e+00,0.00000000000000000e+00,1.42042223300115535e-02,-2.84084446600230481e-02,0.00000000000000000e+00,0.00000000000000000e+00,0.00000000000000000e+00,0.00000000000000000e+00,0.00000000000000000e+00,0.00000000000000000e+00,-1.40349715745597004e-02,1.59496143639638885e-03,2.62063068808822963e-01,-2.09586656589602516e-01,-7.99756553039900453e-01,3.04308700124382176e-04,9.99695691299875566e-01,7.83956258516524118e-02,-1.83667442767271566e-01,3.58344671543017057e+00,1.10066488819948081e+01,1.21041876439179443e+01,2.31108365259127524e+01,0.00000000000000000e+00,0.00000000000000000e+00,2.14578382913386901e-09,4.29678943523147096e-10,7.24630854277152601e-10
1.33000000000000007e+00,2.52247216180884815e+00,5.10090882428157366e-01,-1.69092012032006564e-02,0.00000000000000000e+00,0.00000000000000000e+00,0.00000000000000000e+00,0.00000000000000000e+00,0.00000000000000000e+00,0.00000000000000000e+00,1.76988444066860581e-02,-3.53976888133720677e-02,0.00000000000000000e+00,0.00000000000000000e+00,0.00000000000000000e+00,0.00000000000000000e+00,0.00000000000000000e+00,0.00000000000000000e+00,-8.45460060160031779e-03,1.53891745865865001e-03,2.60192708516447435e-01,-2.08092610114811616e-01,-7.99763418818700500e-01,2.95726476624415344e-04,9.99704273523375542e-01,7.78423639306109194e-02,-1.82350344405725368e-01,3.57063617699710178e+00,1.09280937501261235e+01,1.20178868451546759e+01,2.29459805952808011e+01,0.00000000000000000e+00,0.00000000000000000e+00,1.95892601684536437e-09,3.92248903798804139e-10,6.92222119693436678e-10
1.34000000000000008e+00,2.53534887363885364e+00,5.08273904752318373e-01,-3.93244740346404900e-03,0.00000000000000000e+00,0.00000000000000000e+00,0.00000000000000000e+00,0.00000000000000000e+00,0.00000000000000000e+00,0.00000000000000000e+00,1.91674735282172798e-02,-3.83349470564345388e-02,0.00000000000000000e+00,0.00000000000000000e+00,0.00000000000000000e+00,0.00000000000000000e+00,0.00000000000000000e+00,0.00000000000000000e+00,-1.96622370173200672e-03,1.48503230840065100e-03,2.58342362419515970e-01,-2.06614488643276778e-01,-7.99770067549976371e-01,2.87415562529606079e-04,9.99712584437470464e-01,7.72948040353316768e-02,-1.81047558216837157e-01,3.55791733326622861e+00,1.08503792145910900e+01,1.19325064710857340e+01,2.27828856856768240e+01,0.00000000000000000e+00,0.00000000000000000e+00,1.71319899787708286e-09,3.43033387705370642e-10,6.47772725236483873e-10
1.35000000000000009e+00,2.54824518241284093e+00,5.06469884268220261e-01,9.40637661641845375e-03,0.00000000000000000e+00,0.00000000000000000e+00,0.00000000000000000e+00,0.00000000000000000e+00,0.00000000000000000e+00,0.00000000000000000e+00,1.83353187166173902e-02,-3.66706374332347734e-02,0.00000000000000000e+00,0.00000000000000000e+00,0.00000000000000000e+00,0.00000000000000000e+00,0.00000000000000000e+00,0.00000000000000000e+00,4.70318830820924683e-03,1.43321557080966391e-03,2.56511743821589644e-01,-2.05152066434439340e-01,-7.99776506829752654e-01,2.79366462809301484e-04,9.99720633537190650e-01,7.67528728156383622e-02,-1.79758870855026065e-01,3.54528918987754160e+00,1.07734932341679048e+01,1.18480334535868419e+01,2.26215266877547485e+01,-3.55271367880050093e-15,0.00000000000000000e+00,1.39480700940339927e-09,2.79273013195303297e-10,5.88375465856250584e-10
1.36000000000000010e+00,2.56116104971519620e+00,5.04678681036727195e-01,2.14461038482239331e-02,0.00000000000000000e+00,0.00000000000000000e+00,0.00000000000000000e+00,0.00000000000000000e+00,0.00000000000000000e+00,0.00000000000000000e+00,1.51941234507243159e-02,-3.03882469014486456e-02,0.00000000000000000e+00,0.00000000000000000e+00,0.00000000000000000e+00,0.00000000000000000e+00,0.00000000000000000e+00,0.00000000000000000e+00,1.07230519241119874e-02,1.38338092001220902e-03,2.54700571226395223e-01,-2.03705121744315681e-01,-7.99782743962708653e-01,2.71570046614180130e-04,9.99728429953385733e-01,7.62164979056922376e-02,-1.78484073187278380e-01,3.53275076725709036e+00,1.06974239859047664e+01,1.17644549565844567e+01,2.24618789424892213e+01,0.00000000000000000e+00,0.00000000000000000e+00,1.05327908479394524e-09,2.10885017543983640e-10,5.23848863218332179e-10
1.37000000000000011e+00,2.57409643730463422e+00,5.02900157189432373e-01,3.05202112915611522e-02,0.00000000000000000e+00,0.00000000000000000e+00,0.00000000000000000e+00,0.00000000000000000e+00,0.00000000000000000e+00,0.00000000000000000e+00,1.00494107178635099e-02,-2.00988214357270441e-02,0.00000000000000000e+00,0.00000000000000000e+00,0.00000000000000000e+00,0.00000000000000000e+00,0.00000000000000000e+00,0.00000000000000000e+00,1.52601056457805934e-02,1.33544592038677828e-03,2.52908568215358398e-01,-2.02273436735471268e-01,-7.99788785974344885e-01,2.64017532069061895e-04,9.99735982467931050e-01,7.56856079215508515e-02,-1.77222960179604955e-01,3.52030110032602650e+00,1.06221598602485425e+01,1.16817583711502540e+01,2.23039182313987965e+01,0.00000000000000000e+00,0.00000000000000000e+00,6.75470125073438732e-10,1.35236298718529003e-10,4.51556831915868878e-10
1.37999999999999989e+00,2.58705130711392028e+00,5.01134176888220373e-01,3.52069979041497103e-02,0.00000000000000000e+00,0.00000000000000000e+00,0.00000000000000000e+00,0.00000000000000000e+00,0.00000000000000000e+00,0.00000000000000000e+00,3.52842517458400954e-03,-7.05685034916805204e-03,0.00000000000000000e+00,0.00000000000000000e+00,0.00000000000000000e+00,0.00000000000000000e+00,0.00000000000000000e+00,0.00000000000000000e+00,1.76034989520748621e-02,1.28933183827335558e-03,2.51135463331152775e-01,-2.00856797391391284e-01,-7.99794639622589121e-01,2.56700471763562574e-04,9.99743299528236373e-01,7.51601324562689022e-02,-1.75975330789165219e-01,3.50793923821754250e+00,1.05476894563082340e+01,1.15999313106960003e+01,2.21476207670042307e+01,3.55271367880050093e-15,0.00000000000000000e+00,1.11123059193281117e-10,2.22470803764162911e-11,3.41324372351749024e-10
1.38999999999999990e+00,2.60002562124954562e+00,4.99380606285849904e-01,3.45970765303882100e-02,0.00000000000000000e+00,0.00000000000000000e+00,0.00000000000000000e+00,0.00000000000000000e+00,0.00000000000000000e+00,0.00000000000000000e+00,-3.46430944044143208e-03,6.92861888088282946e-03,0.00000000000000000e+00,0.00000000000000000e+00,0.00000000000000000e+00,0.00000000000000000e+00,0.00000000000000000e+00,0.00000000000000000e+00,1.72985382651941119e-02,1.24496346404606544e-03,2.49380989989273466e-01,-1.99454993452856943e-01,-7.99800311408804809e-01,2.49610738994101905e-04,9.99750389261005901e-01,7.46400020569651934e-02,-1.74740987877457843e-01,3.49566424400094933e+00,1.04740015772457671e+01,1.15189616060432805e+01,2.19929631832890493e+01,0.00000000000000000e+00,0.00000000000000000e+00,5.04393315823658513e-10,1.00979231366805435e-10,2.19946314897887939e-10
1.39999999999999991e+00,2.61301934199135699e+00,4.97639313487378054e-01,2.85326078007104890e-02,0.00000000000000000e+00,0.00000000000000000e+00,0.00000000000000000e+00,0.00000000000000000e+00,0.00000000000000000e+00,0.00000000000000000e+00,-9.85087856915604909e-03,1.97017571383120565e-02,0.00000000000000000e+00,0.00000000000000000e+00,0.00000000000000000e+00,0.00000000000000000e+00,0.00000000000000000e+00,0.00000000000000000e+00,1.42663039003552410e-02,1.20226894224619582e-03,2.47644886349631832e-01,-1.98067818322015615e-01,-7.99805807588443551e-01,2.42740514445511225e-04,9.99757259485554495e-01,7.41251482315321564e-02,-1.73519738096656773e-01,3.48347519441164621e+00,1.04010852257839339e+01,1.14388373010253837e+01,2.18399225268093211e+01,-3.55271367880050093e-15,0.00000000000000000e+00,1.17523012382207550e-09,2.35274072930518558e-10,8.65873037995536417e-11
1.40999999999999992e+00,2.62603243179215129e+00,4.95910168512768201e-01,1.77624969651734126e-02,0.00000000000000000e+00,0.00000000000000000e+00,0.00000000000000000e+00,0.00000000000000000e+00,0.00000000000000000e+00,0.00000000000000000e+00,-1.45402313649235296e-02,2.90804627298470279e-02,0.00000000000000000e+00,0.00000000000000000e+00,0.00000000000000000e+00,0.00000000000000000e+00,0.00000000000000000e+00,0.00000000000000000e+00,8.88124848258668893e-03,1.16117961101981702e-03,2.45926895213296498e-01,-1.96695068986196403e-01,-7.99811134181153682e-01,2.36082273557901545e-04,9.99763917726442020e-01,7.36155034395118146e-02,-1.72311391794850333e-01,3.47137117958937758e+00,1.03289295998432102e+01,1.13595466479963765e+01,2.16884762478395849e+01,3.55271367880050093e-15,0.00000000000000000e+00,2.03557844519365385e-09,4.07500400256471911e-10,8.56581758035179006e-11
1.41999999999999993e+00,2.63906485327723228e+00,4.94193043260440334e-01,3.95662311597455227e-03,0.00000000000000000e+00,0.00000000000000000e+00,0.00000000000000000e+00,0.00000000000000000e+00,0.00000000000000000e+00,0.00000000000000000e+00,-1.66281010926790790e-02,3.32562021853581441e-02,0.00000000000000000e+00,0.00000000000000000e+00,0.00000000000000000e+00,0.00000000000000000e+00,0.00000000000000000e+00,0.00000000000000000e+00,1.97831155798725402e-03,1.12162985027528428e-03,2.44226763944272507e-01,-1.95336545961407010e-01,-7.99816296980370156e-01,2.29628774537424788e-04,9.99770371225462529e-01,7.31110010669862309e-02,-1.71115762940029226e-01,3.45935130282308245e+00,1.02575240882946499e+01,1.12810781032324563e+01,2.15386021915271044e+01,0.00000000000000000e+00,0.00000000000000000e+00,2.88396848916221205e-09,5.77323622029223684e-10,2.56904479719321140e-10
1.42999999999999994e+00,2.65211656924393546e+00,4.92487811471225334e-01,-1.04653189852820429e-02,0.00000000000000000e+00,0.00000000000000000e+00,0.00000000000000000e+00,0.00000000000000000e+00,0.00000000000000000e+00,0.00000000000000000e+00,-1.56047591743161441e-02,3.12095183486323161e-02,0.00000000000000000e+00,0.00000000000000000e+00,0.00000000000000000e+00,0.00000000000000000e+00,0.00000000000000000e+00,0.00000000000000000e+00,-5.23265949264104229e-03,1.08355693701732143e-03,2.42544244371439066e-01,-1.93992053219670585e-01,-7.99821301562554154e-01,2.23373046807478972e-04,9.99776626953192582e-01,7.26115754165274907e-02,-1.69932669031189698e-01,3.44741468029857723e+00,1.01868582668041228e+01,1.12034203226355054e+01,2.13902785894396317e+01,-3.55271367880050093e-15,0.00000000000000000e+00,3.16164416247233467e-09,6.32893750994903299e-10,3.14491580308281657e-10
1.43999999999999995e+00,2.66518754266111779e+00,4.90794348694078730e-01,-2.27055817436777850e-02,0.00000000000000000e+00,0.00000000000000000e+00,0.00000000000000000e+00,0.00000000000000000e+00,0.00000000000000000e+00,0.00000000000000000e+00,-1.15255961239839732e-02,2.30511922479679845e-02,0.00000000000000000e+00,0.00000000000000000e+00,0.00000000000000000e+00,0.00000000000000000e+00,0.00000000000000000e+00,0.00000000000000000e+00,-1.13527908718388994e-02,1.04690090637161266e-03,2.40879092616684748e-01,-1.92661398057092925e-01,-7.99826153296245179e-01,2.17308379693534684e-04,9.99782691620306418e-01,7.21171617514735352e-02,-1.68761930958571393e-01,3.43556044085855117e+00,1.01169218938218872e+01,1.11265621583425176e+01,2.12434840521644048e+01,0.00000000000000000e+00,0.00000000000000000e+00,3.51470118179426327e-09,7.03551413702915464e-10,3.87581087603788063e-10
1.44999999999999996e+00,2.67827773666861058e+00,4.89112532252101662e-01,-3.01305283803367484e-02,0.00000000000000000e+00,0.00000000000000000e+00,0.00000000000000000e+00,0.00000000000000000e+00,0.00000000000000000e+00,0.00000000000000000e+00,-5.09302667577845713e-03,1.01860533515569576e-02,0.00000000000000000e+00,0.00000000000000000e+00,0.00000000000000000e+00,0.00000000000000000e+00,0.00000000000000000e+00,0.00000000000000000e+00,-1.50652641901683811e-02,1.01160442335904307e-03,2.39231069092579074e-01,-1.91344391097128919e-01,-7.99830857350227076e-01,2.11428312216329717e-04,9.99788571687783678e-01,7.16276962219876412e-02,-1.67603372984075544e-01,3.42378772576471180e+00,1.00477049066546531e+01,1.10504926537624826e+01,2.10981975604171339e+01,0.00000000000000000e+00,0.00000000000000000e+00,3.93333215252979497e-09,7.87331885572747332e-10,4.74370287386889126e-10
1.45999999999999996e+00,2.69138711457666879e+00,4.87442241209341653e-01,-3.08972511212812842e-02,0.00000000000000000e+00,0.00000000000000000e+00,0.00000000000000000e+00,0.00000000000000000e+00,0.00000000000000000e+00,0.00000000000000000e+00,2.39648344164669624e-03,-4.79296688329334478e-03,0.00000000000000000e+00,0.00000000000000000e+00,0.00000000000000000e+00,0.00000000000000000e+00,0.00000000000000000e+00,0.00000000000000000e+00,-1.54486255606406456e-02,9.77612658395864620e-04,2.37599938379787184e-01,-1.90040846197493923e-01,-7.99835418701694612e-01,2.05726622881782491e-04,9.99794273377118237e-01,7.11431158771596017e-02,-1.66456822638026414e-01,3.41209568846539169e+00,9.97919741763781154e+00,1.09752010399180477e+01,2.09543984575558611e+01,0.00000000000000000e+00,0.00000000000000000e+00,4.39239368142785748e-09,8.79201774200032979e-10,5.69860547773145113e-10
1.46999999999999997e+00,2.70451563986536536e+00,4.85783356338562511e-01,-2.45251041181163386e-02,0.00000000000000000e+00,0.00000000000000000e+00,0.00000000000000000e+00,0.00000000000000000e+00,0.00000000000000000e+00,0.00000000000000000e+00,9.26542548411247308e-03,-1.85308509682249045e-02,0.00000000000000000e+00,0.00000000000000000e+00,0.00000000000000000e+00,0.00000000000000000e+00,0.00000000000000000e+00,0.00000000000000000e+00,-1.22625520590581624e-02,9.44873169611009419e-04,2.35985469130913450e-01,-1.88750580377946342e-01,-7.99839842143994728e-01,2.00197320006775304e-04,9.99799802679993244e-01,7.06633586601739250e-02,-1.65322110635384878e-01,3.40048349436993735e+00,9.91138971041347006e+00,1.09006767316559028e+01,2.08120664420693764e+01,-3.55271367880050093e-15,0.00000000000000000e+00,5.00937541099174401e-09,1.00267733415163768e-09,6.97692758428305332e-10
1.47999999999999998e+00,2.71766327618397563e+00,4.84135760089725919e-01,-1.22395750283968690e-02,0.00000000000000000e+00,0.00000000000000000e+00,0.00000000000000000e+00,0.00000000000000000e+00,0.00000000000000000e+00,0.00000000000000000e+00,1.38160105917162455e-02,-2.76320211834324529e-02,0.00000000000000000e+00,0.00000000000000000e+00,0.00000000000000000e+00,0.00000000000000000e+00,0.00000000000000000e+00,0.00000000000000000e+00,-6.11978751419841888e-03,9.13335791557416763e-04,2.34387434001293832e-01,-1.87473413769372765e-01,-7.99844132293960342e-01,1.94834632549536579e-04,9.99805165367450455e-01,7.01883633859329004e-02,-1.64199070811723746e-01,3.38895032062808133e+00,9.84427223630157933e+00,1.08269093237046405e+01,2.06711815600062216e+01,-3.55271367880050093e-15,0.00000000000000000e+00,5.68293438725870055e-09,1.13747262532708997e-09,8.37770231726739202e-10
1.48999999999999999e+00,2.73082998735033566e+00,4.82499336559173264e-01,3.07565291370682625e-03,0.00000000000000000e+00,0.00000000000000000e+00,0.00000000000000000e+00,0.00000000000000000e+00,0.00000000000000000e+00,0.00000000000000000e+00,1.47774565464489239e-02,-2.95549130928978200e-02,0.00000000000000000e+00,0.00000000000000000e+00,0.00000000000000000e+00,0.00000000000000000e+00,0.00000000000000000e+00,0.00000000000000000e+00,1.53782645685343589e-03,8.82952528774337249e-04,2.32805609546668069e-01,-1.86209169536183494e-01,-7.99848293599025650e-01,1.89633001217984242e-04,9.99810366998782007e-01,6.97180697433463503e-02,-1.63087540036696010e-01,3.37749535591421290e+00,9.77783561076177854e+00,1.07538885871686283e+01,2.05317241979304050e+01,3.55271367880050093e-15,0.00000000000000000e+00,6.47466966718187373e-09,1.29591618012361361e-09,1.00244273567072662e-09
1.50000000000000000e+00,2.74401573735018234e+00,4.80873971459711336e-01,1.74160308558744988e-02,0.00000000000000000e+00,0.00000000000000000e+00,0.00000000000000000e+00,0.00000000000000000e+00,0.00000000000000000e+00,0.00000000000000000e+00,1.17298691850735454e-02,-2.34597383701470909e-02,0.00000000000000000e+00,0.00000000000000000e+00,0.00000000000000000e+00,0.00000000000000000e+00,0.00000000000000000e+00,0.00000000000000000e+00,8.70801542793727540e-03,8.53677455168525218e-04,2.31239776149128190e-01,-1.84957673821095819e-01,-7.99852330343959861e-01,1.84587070050176515e-04,9.99815412929949798e-01,6.92524182793219645e-02,-1.61987358148113297e-01,3.36611780021797946e+00,9.71207060995228133e+00,1.06816044658627884e+01,2.03936750758150716e+01,-3.55271367880050093e-15,0.00000000000000000e+00,7.44192091691309166e-09,1.48948308787786630e-09,1.20354325050525201e-09
