N,a,tau,rho,psi0,psi1,psi2,psi3,psi4,psi5,psi6,psi7,psi8,psi9,psi10,psi11,psi12,psi13,psi14,psi15,S,U,w,E,S_relative_error,rho_relative_error,potential_relative_error,friedmann_relative_error
-4.00000000000000000e+00,1.83156388887341787e-02,-9.55404300284624419e-01,1.60999181790620338e-02,4.03426051334079432e+02,0.00000000000000000e+00,0.00000000000000000e+00,0.00000000000000000e+00,0.00000000000000000e+00,0.00000000000000000e+00,0.00000000000000000e+00,0.00000000000000000e+00,1.48771086263858709e+00,0.00000000000000000e+00,0.00000000000000000e+00,0.00000000000000000e+00,0.00000000000000000e+00,0.00000000000000000e+00,0.00000000000000000e+00,0.00000000000000000e+00,1.62754792178618110e+05,1.60999181588540492e-02,-1.45001061666675946e+00,2.24588462369641974e+02,4.66723092053602233e-09,8.45142608398356220e-10,1.25516070279667413e-09,1.44249818992174811e-16
-3.99583333333333313e+00,1.83921132617410332e-02,-9.55385689427997620e-01,1.61907329115076812e-02,4.00912501538026561e+02,0.00000000000000000e+00,0.00000000000000000e+00,0.00000000000000000e+00,0.00000000000000000e+00,0.00000000000000000e+00,0.00000000000000000e+00,0.00000000000000000e+00,1.47844166649274822e+00,0.00000000000000000e+00,0.00000000000000000e+00,0.00000000000000000e+00,0.00000000000000000e+00,0.00000000000000000e+00,0.00000000000000000e+00,0.00000000000000000e+00,1.60733019679239369e+05,1.61907328912083183e-02,-1.44996473204295517e+00,2.23181805277948598e+02,4.66499801048168955e-09,8.45319376139032605e-10,1.25376429970501431e-09,2.92147775435022750e-16
-3.99166666666666670e+00,1.84689069427317436e-02,-9.55366961273238280e-01,1.62820505439966734e-02,3.98414612436492177e+02,0.00000000000000000e+00,0.00000000000000000e+00,0.00000000000000000e+00,0.00000000000000000e+00,0.00000000000000000e+00,0.00000000000000000e+00,0.00000000000000000e+00,1.46923022216262811e+00,0.00000000000000000e+00,0.00000000000000000e+00,0.00000000000000000e+00,0.00000000000000000e+00,0.00000000000000000e+00,0.00000000000000000e+00,0.00000000000000000e+00,1.58736362040365988e+05,1.62820505236511391e-02,-1.44991865583436086e+00,2.21783988384694084e+02,4.65745648764585808e-09,8.45907863042563241e-10,1.24956830563445441e-09,2.95841964482515857e-16
-3.98749999999999982e+00,1.85460212649318848e-02,-9.55348115083586968e-01,1.63738737683884784e-02,3.95932286456113957e+02,0.00000000000000000e+00,0.00000000000000000e+00,0.00000000000000000e+00,0.00000000000000000e+00,0.00000000000000000e+00,0.00000000000000000e+00,0.00000000000000000e+00,1.46007616982784305e+00,0.00000000000000000e+00,0.00000000000000000e+00,0.00000000000000000e+00,0.00000000000000000e+00,0.00000000000000000e+00,0.00000000000000000e+00,0.00000000000000000e+00,1.56764507280787977e+05,1.63738737480108067e-02,-1.44987238724104084e+00,2.20394955826913417e+02,4.64829021732445291e-09,8.46613029722822726e-10,1.24452356759406923e-09,2.99582785764238456e-16
-3.98333333333333339e+00,1.86234575671336972e-02,-9.55329150117660175e-01,1.64662052900215843e-02,3.93465426631697483e+02,0.00000000000000000e+00,0.00000000000000000e+00,0.00000000000000000e+00,0.00000000000000000e+00,0.00000000000000000e+00,0.00000000000000000e+00,0.00000000000000000e+00,1.45097915191074711e+00,0.00000000000000000e+00,0.00000000000000000e+00,0.00000000000000000e+00,0.00000000000000000e+00,0.00000000000000000e+00,0.00000000000000000e+00,0.00000000000000000e+00,1.54817147294963012e+05,1.64662052695831763e-02,-1.44982592545971967e+00,2.19014652097774274e+02,4.64244616888109256e-09,8.47057882821257714e-10,1.24123364041286233e-09,3.03370827232671296e-16
-3.97916666666666652e+00,1.87012171937193834e-02,-9.55310065629438765e-01,1.65590478277590596e-02,3.91013936600436921e+02,0.00000000000000000e+00,0.00000000000000000e+00,0.00000000000000000e+00,0.00000000000000000e+00,0.00000000000000000e+00,0.00000000000000000e+00,0.00000000000000000e+00,1.44193881305511895e+00,0.00000000000000000e+00,0.00000000000000000e+00,0.00000000000000000e+00,0.00000000000000000e+00,0.00000000000000000e+00,0.00000000000000000e+00,0.00000000000000000e+00,1.52893977803311107e+05,1.65590478072650434e-02,-1.44977926968376836e+00,2.17643022044273806e+02,4.63599833850716374e-09,8.47542857579791923e-10,1.23763252844192166e-09,3.07206684247478240e-16
-3.97500000000000009e+00,1.87793014946843993e-02,-9.55290860868219682e-01,1.66524041140602257e-02,3.88577720600318059e+02,0.00000000000000000e+00,0.00000000000000000e+00,0.00000000000000000e+00,0.00000000000000000e+00,0.00000000000000000e+00,0.00000000000000000e+00,0.00000000000000000e+00,1.43295480012027299e+00,0.00000000000000000e+00,0.00000000000000000e+00,0.00000000000000000e+00,0.00000000000000000e+00,0.00000000000000000e+00,0.00000000000000000e+00,0.00000000000000000e+00,1.50994698306398030e+05,1.66524040935326530e-02,-1.44973241910318928e+00,2.16280010864952743e+02,4.62701523935623336e-09,8.48209398828666060e-10,1.23270925818979793e-09,3.11090959668771029e-16
-3.97083333333333321e+00,1.88577118256609520e-02,-9.55271535078581535e-01,1.67462768950435437e-02,3.86156683467090602e+02,0.00000000000000000e+00,0.00000000000000000e+00,0.00000000000000000e+00,0.00000000000000000e+00,0.00000000000000000e+00,0.00000000000000000e+00,0.00000000000000000e+00,1.42402676216989410e+00,0.00000000000000000e+00,0.00000000000000000e+00,0.00000000000000000e+00,0.00000000000000000e+00,0.00000000000000000e+00,0.00000000000000000e+00,0.00000000000000000e+00,1.49119012038522196e+05,1.67462768744712671e-02,-1.44968537290460331e+00,2.14925564107623302e+02,4.61932064659449445e-09,8.48772094066547133e-10,1.22846867249355960e-09,3.15024263951552148e-16
-3.96666666666666679e+00,1.89364495479414571e-02,-9.55252087500367830e-01,1.68406689305349230e-02,3.83750730628954898e+02,0.00000000000000000e+00,0.00000000000000000e+00,0.00000000000000000e+00,0.00000000000000000e+00,0.00000000000000000e+00,0.00000000000000000e+00,0.00000000000000000e+00,1.41515435045244420e+00,0.00000000000000000e+00,0.00000000000000000e+00,0.00000000000000000e+00,0.00000000000000000e+00,0.00000000000000000e+00,0.00000000000000000e+00,0.00000000000000000e+00,1.47266625920092309e+05,1.68406689098940625e-02,-1.44963813027123511e+00,2.13579627667113613e+02,4.61434899298928819e-09,8.49131747101239514e-10,1.22565562324016822e-09,3.19007215241342320e-16
-3.96249999999999991e+00,1.90155160285022558e-02,-9.55232517368666767e-01,1.69355829941200201e-02,3.81359768101850932e+02,0.00000000000000000e+00,0.00000000000000000e+00,0.00000000000000000e+00,0.00000000000000000e+00,0.00000000000000000e+00,0.00000000000000000e+00,0.00000000000000000e+00,1.40633721838378922e+00,0.00000000000000000e+00,0.00000000000000000e+00,0.00000000000000000e+00,0.00000000000000000e+00,0.00000000000000000e+00,0.00000000000000000e+00,0.00000000000000000e+00,1.45437250511069346e+05,1.69355829734423764e-02,-1.44959069038289856e+00,2.12242147783024478e+02,4.60575085152237216e-09,8.49744324439809650e-10,1.22095847881634191e-09,3.23040439471018117e-16
-3.95833333333333348e+00,1.90949126400272694e-02,-9.55212823913752174e-01,1.70310218732236431e-02,3.78983702489096459e+02,0.00000000000000000e+00,0.00000000000000000e+00,0.00000000000000000e+00,0.00000000000000000e+00,0.00000000000000000e+00,0.00000000000000000e+00,0.00000000000000000e+00,1.39757502154586510e+00,0.00000000000000000e+00,0.00000000000000000e+00,0.00000000000000000e+00,0.00000000000000000e+00,0.00000000000000000e+00,0.00000000000000000e+00,0.00000000000000000e+00,1.43630599968284834e+05,1.70310218525142262e-02,-1.44954305241598358e+00,2.10913071037504039e+02,4.59659700707587615e-09,8.50385595154584256e-10,1.21598204732799880e-09,3.27124570458859823e-16
-3.95416666666666661e+00,1.91746407609319075e-02,-9.55193006361065189e-01,1.71269883691600906e-02,3.76622440976369205e+02,0.00000000000000000e+00,0.00000000000000000e+00,0.00000000000000000e+00,0.00000000000000000e+00,0.00000000000000000e+00,0.00000000000000000e+00,0.00000000000000000e+00,1.38886741766817279e+00,0.00000000000000000e+00,0.00000000000000000e+00,0.00000000000000000e+00,0.00000000000000000e+00,0.00000000000000000e+00,0.00000000000000000e+00,0.00000000000000000e+00,1.41846391999702581e+05,1.71269883483748803e-02,-1.44949521554344085e+00,2.09592344353034235e+02,4.59241772730217129e-09,8.50676071926451194e-10,1.21359400354778362e-09,3.31260250007841906e-16
-3.95000000000000018e+00,1.92547017753869204e-02,-9.55173063931212707e-01,1.72234852971724778e-02,3.74275891324933355e+02,0.00000000000000000e+00,0.00000000000000000e+00,0.00000000000000000e+00,0.00000000000000000e+00,0.00000000000000000e+00,0.00000000000000000e+00,0.00000000000000000e+00,1.38021406660280066e+00,0.00000000000000000e+00,0.00000000000000000e+00,0.00000000000000000e+00,0.00000000000000000e+00,0.00000000000000000e+00,0.00000000000000000e+00,0.00000000000000000e+00,1.40084347817942995e+05,1.72234852763450269e-02,-1.44944717893476782e+00,2.08279914990233863e+02,4.58444921714704379e-09,8.51220123445551359e-10,1.20924717273485054e-09,3.35448128006167423e-16
-3.94583333333333330e+00,1.93350970733425047e-02,-9.55152995839892549e-01,1.73205154865222026e-02,3.71943961872884131e+02,0.00000000000000000e+00,0.00000000000000000e+00,0.00000000000000000e+00,0.00000000000000000e+00,0.00000000000000000e+00,0.00000000000000000e+00,0.00000000000000000e+00,1.37161463032901398e+00,0.00000000000000000e+00,0.00000000000000000e+00,0.00000000000000000e+00,0.00000000000000000e+00,0.00000000000000000e+00,0.00000000000000000e+00,0.00000000000000000e+00,1.38344192100391607e+05,1.73205154656635302e-02,-1.44939894175599449e+00,2.06975730545675162e+02,4.57525302088502918e-09,8.51838052406647277e-10,1.20427550031820637e-09,3.39688862529070078e-16
-3.94166666666666687e+00,1.94158280505523570e-02,-9.55132801297878364e-01,1.74180817805377926e-02,3.69626561529910475e+02,0.00000000000000000e+00,0.00000000000000000e+00,0.00000000000000000e+00,0.00000000000000000e+00,0.00000000000000000e+00,0.00000000000000000e+00,0.00000000000000000e+00,1.36306877293394102e+00,0.00000000000000000e+00,0.00000000000000000e+00,0.00000000000000000e+00,0.00000000000000000e+00,0.00000000000000000e+00,0.00000000000000000e+00,0.00000000000000000e+00,1.36625652944904432e+05,1.74180817596117261e-02,-1.44935050316966851e+00,2.05679738949715528e+02,4.57010437426864032e-09,8.52179254295691524e-10,1.20139902453238622e-09,3.43983119941895465e-16
-3.93750000000000000e+00,1.94968961085979949e-02,-9.55112479511012191e-01,1.75161870366585086e-02,3.67323599771160616e+02,0.00000000000000000e+00,0.00000000000000000e+00,0.00000000000000000e+00,0.00000000000000000e+00,0.00000000000000000e+00,0.00000000000000000e+00,0.00000000000000000e+00,1.35457616058995090e+00,0.00000000000000000e+00,0.00000000000000000e+00,0.00000000000000000e+00,0.00000000000000000e+00,0.00000000000000000e+00,0.00000000000000000e+00,0.00000000000000000e+00,1.34928461825418635e+05,1.75161870156819791e-02,-1.44930186233484104e+00,2.04391888464341918e+02,4.56306114345029428e-09,8.52640561373936117e-10,1.19755112927026140e-09,3.48331575004485162e-16
-3.93333333333333313e+00,1.95783026549130081e-02,-9.55092029680144505e-01,1.76148341265134553e-02,3.65034986636875715e+02,0.00000000000000000e+00,0.00000000000000000e+00,0.00000000000000000e+00,0.00000000000000000e+00,0.00000000000000000e+00,0.00000000000000000e+00,0.00000000000000000e+00,1.34613646155330313e+00,0.00000000000000000e+00,0.00000000000000000e+00,0.00000000000000000e+00,0.00000000000000000e+00,0.00000000000000000e+00,0.00000000000000000e+00,0.00000000000000000e+00,1.33252353552357177e+05,1.76148341055050277e-02,-1.44925301840705201e+00,2.03112127681031808e+02,4.55396378920085087e-09,8.53225497324419243e-10,1.19265543521921127e-09,3.52734910976867184e-16
-3.92916666666666670e+00,1.96600491028075253e-02,-9.55071451001104132e-01,1.77140259359798262e-02,3.62760632728633254e+02,0.00000000000000000e+00,0.00000000000000000e+00,0.00000000000000000e+00,0.00000000000000000e+00,0.00000000000000000e+00,0.00000000000000000e+00,0.00000000000000000e+00,1.33774934615029495e+00,0.00000000000000000e+00,0.00000000000000000e+00,0.00000000000000000e+00,0.00000000000000000e+00,0.00000000000000000e+00,0.00000000000000000e+00,0.00000000000000000e+00,1.31597066230991448e+05,1.77140259149176846e-02,-1.44920397053831551e+00,2.01840405518626341e+02,4.54728740272787945e-09,8.53650159053913967e-10,1.18900930343497957e-09,3.57193819726281679e-16
-3.92499999999999982e+00,1.97421368714927811e-02,-9.55050742664686481e-01,1.78137653652308547e-02,3.60500449203912694e+02,0.00000000000000000e+00,0.00000000000000000e+00,0.00000000000000000e+00,0.00000000000000000e+00,0.00000000000000000e+00,0.00000000000000000e+00,0.00000000000000000e+00,1.32941448675722018e+00,0.00000000000000000e+00,0.00000000000000000e+00,0.00000000000000000e+00,0.00000000000000000e+00,0.00000000000000000e+00,0.00000000000000000e+00,0.00000000000000000e+00,1.29962341219100446e+05,1.78137653441066864e-02,-1.44915471787710448e+00,2.00576671221217680e+02,4.54151955301577572e-09,8.54009363184450530e-10,1.18583398729460470e-09,3.61709001835554338e-16
-3.92083333333333339e+00,1.98245673861056973e-02,-9.55029903856614903e-01,1.79140553287998223e-02,3.58254347773295763e+02,0.00000000000000000e+00,0.00000000000000000e+00,0.00000000000000000e+00,0.00000000000000000e+00,0.00000000000000000e+00,0.00000000000000000e+00,0.00000000000000000e+00,1.32113155779004465e+00,0.00000000000000000e+00,0.00000000000000000e+00,0.00000000000000000e+00,0.00000000000000000e+00,0.00000000000000000e+00,0.00000000000000000e+00,0.00000000000000000e+00,1.28347923087062532e+05,1.79140553076414105e-02,-1.44910525956833647e+00,1.99320874356051860e+02,4.53269916053656131e-09,8.54551930996474526e-10,1.18110676029469106e-09,3.66281166712827942e-16
-3.91666666666666652e+00,1.99073420777336856e-02,-9.55008933757492295e-01,1.80148987556506268e-02,3.56022240698703285e+02,0.00000000000000000e+00,0.00000000000000000e+00,0.00000000000000000e+00,0.00000000000000000e+00,0.00000000000000000e+00,0.00000000000000000e+00,0.00000000000000000e+00,1.31290023569790582e+00,0.00000000000000000e+00,0.00000000000000000e+00,0.00000000000000000e+00,0.00000000000000000e+00,0.00000000000000000e+00,0.00000000000000000e+00,0.00000000000000000e+00,1.26753559579154316e+05,1.80148987344585856e-02,-1.44905559475335988e+00,1.98072964811443086e+02,4.52382484924509108e-09,8.55087608699139057e-10,1.17636193740671869e-09,3.70911032702683075e-16
-3.91250000000000009e+00,1.99904623834394196e-02,-9.54987831542778443e-01,1.81162985892321243e-02,3.53804040789026033e+02,0.00000000000000000e+00,0.00000000000000000e+00,0.00000000000000000e+00,0.00000000000000000e+00,0.00000000000000000e+00,0.00000000000000000e+00,0.00000000000000000e+00,1.30472019894699853e+00,0.00000000000000000e+00,0.00000000000000000e+00,0.00000000000000000e+00,0.00000000000000000e+00,0.00000000000000000e+00,0.00000000000000000e+00,0.00000000000000000e+00,1.25179001573440328e+05,1.81162985679625063e-02,-1.44900572256993643e+00,1.96832892794703724e+02,4.51974155286918724e-09,8.55329824726190115e-10,1.17405980760955014e-09,3.75599327198650403e-16
-3.90833333333333321e+00,2.00739297462858741e-02,-9.54966596382786137e-01,1.82182577875218792e-02,3.51599661393944473e+02,0.00000000000000000e+00,0.00000000000000000e+00,0.00000000000000000e+00,0.00000000000000000e+00,0.00000000000000000e+00,0.00000000000000000e+00,0.00000000000000000e+00,1.29659112799778575e+00,0.00000000000000000e+00,0.00000000000000000e+00,0.00000000000000000e+00,0.00000000000000000e+00,0.00000000000000000e+00,0.00000000000000000e+00,0.00000000000000000e+00,1.23624003040889613e+05,1.82182577662136011e-02,-1.44895564215222850e+00,1.95600608830086657e+02,4.51142133783710746e-09,8.55816353809144514e-10,1.16961118522550480e-09,5.70520180135715449e-16
-3.90416666666666679e+00,2.01577456153612840e-02,-9.54945227442600575e-01,1.83207793231147838e-02,3.49409016405210991e+02,0.00000000000000000e+00,0.00000000000000000e+00,0.00000000000000000e+00,0.00000000000000000e+00,0.00000000000000000e+00,0.00000000000000000e+00,0.00000000000000000e+00,1.28851270530972672e+00,0.00000000000000000e+00,0.00000000000000000e+00,0.00000000000000000e+00,0.00000000000000000e+00,0.00000000000000000e+00,0.00000000000000000e+00,0.00000000000000000e+00,1.22088321010248750e+05,1.83207793017759815e-02,-1.44890535263078313e+00,1.94376063756742468e+02,4.50223118061935723e-09,8.56342766984842911e-10,1.16473223663032677e-09,3.85154157212821989e-16
-3.89999999999999991e+00,2.02419114458043913e-02,-9.54923723882066144e-01,1.84238661832725192e-02,3.47232020251428139e+02,0.00000000000000000e+00,0.00000000000000000e+00,0.00000000000000000e+00,0.00000000000000000e+00,0.00000000000000000e+00,0.00000000000000000e+00,0.00000000000000000e+00,1.28048461532202018e+00,0.00000000000000000e+00,0.00000000000000000e+00,0.00000000000000000e+00,0.00000000000000000e+00,0.00000000000000000e+00,0.00000000000000000e+00,0.00000000000000000e+00,1.20571715528738277e+05,1.84238661618606227e-02,-1.44885485313251738e+00,1.93159208726687950e+02,4.49763660155338475e-09,8.56602956498507421e-10,1.16218259366629668e-09,3.90022193795411739e-16
-3.89583333333333348e+00,2.03264286988296232e-02,-9.54902084855781208e-01,1.85275213699687517e-02,3.45068587892089340e+02,0.00000000000000000e+00,0.00000000000000000e+00,0.00000000000000000e+00,0.00000000000000000e+00,0.00000000000000000e+00,0.00000000000000000e+00,0.00000000000000000e+00,1.27250654443162947e+00,0.00000000000000000e+00,0.00000000000000000e+00,0.00000000000000000e+00,0.00000000000000000e+00,0.00000000000000000e+00,0.00000000000000000e+00,0.00000000000000000e+00,1.19073949622746208e+05,1.85275213485111695e-02,-1.44880414278070235e+00,1.91949995202790774e+02,4.49008497938134513e-09,8.57021225691702678e-10,1.15814640475583654e-09,3.94951661247987946e-16
-3.89166666666666661e+00,2.04112988417525440e-02,-9.54880309513024161e-01,1.86317478999728295e-02,3.42918634818081841e+02,0.00000000000000000e+00,0.00000000000000000e+00,0.00000000000000000e+00,0.00000000000000000e+00,0.00000000000000000e+00,0.00000000000000000e+00,0.00000000000000000e+00,1.26457818099513597e+00,0.00000000000000000e+00,0.00000000000000000e+00,0.00000000000000000e+00,0.00000000000000000e+00,0.00000000000000000e+00,0.00000000000000000e+00,0.00000000000000000e+00,1.17594789263472834e+05,1.86317478784847265e-02,-1.44875322069494850e+00,1.90748374956764451e+02,4.48091627634713882e-09,8.57519529593843801e-10,1.15330580382451643e-09,3.99943333946756738e-16
-3.88750000000000018e+00,2.04965233480152477e-02,-9.54858396997730452e-01,1.87365488049050476e-02,3.40782077047440225e+02,0.00000000000000000e+00,0.00000000000000000e+00,0.00000000000000000e+00,0.00000000000000000e+00,0.00000000000000000e+00,0.00000000000000000e+00,0.00000000000000000e+00,1.25669921531308071e+00,0.00000000000000000e+00,0.00000000000000000e+00,0.00000000000000000e+00,0.00000000000000000e+00,0.00000000000000000e+00,0.00000000000000000e+00,0.00000000000000000e+00,1.16134003329685249e+05,1.87365487833552023e-02,-1.44870208599119099e+00,1.89554300067178957e+02,4.47508822920630684e-09,8.57830999515271057e-10,1.15015019525647866e-09,6.07496994033501088e-16
-3.88333333333333330e+00,2.05821036972120147e-02,-9.54836346448482254e-01,1.88419271312854526e-02,3.38658831119921103e+02,0.00000000000000000e+00,0.00000000000000000e+00,0.00000000000000000e+00,0.00000000000000000e+00,0.00000000000000000e+00,0.00000000000000000e+00,0.00000000000000000e+00,1.24886933960995639e+00,0.00000000000000000e+00,0.00000000000000000e+00,0.00000000000000000e+00,0.00000000000000000e+00,0.00000000000000000e+00,0.00000000000000000e+00,0.00000000000000000e+00,1.14691363570138667e+05,1.88419271096797354e-02,-1.44865073778167286e+00,1.88367722917482808e+02,4.46862854860979565e-09,8.58169235578113996e-10,1.14668298468383293e-09,6.15174662223838674e-16
-3.87916666666666687e+00,2.06680413751149303e-02,-9.54814156998454511e-01,1.89478859406060490e-02,3.36548814095644218e+02,0.00000000000000000e+00,0.00000000000000000e+00,0.00000000000000000e+00,0.00000000000000000e+00,0.00000000000000000e+00,0.00000000000000000e+00,0.00000000000000000e+00,1.24108824802919737e+00,0.00000000000000000e+00,0.00000000000000000e+00,0.00000000000000000e+00,0.00000000000000000e+00,0.00000000000000000e+00,0.00000000000000000e+00,0.00000000000000000e+00,1.13266644569223892e+05,1.89478859189682811e-02,-1.44859917517493098e+00,1.87188596194039434e+02,4.45964254155632570e-09,8.58630850159633578e-10,1.14196211961588151e-09,4.15299474336845864e-16
-3.87500000000000000e+00,2.07543378736997422e-02,-9.54791827775373636e-01,1.90544283093957816e-02,3.34451943552450814e+02,0.00000000000000000e+00,0.00000000000000000e+00,0.00000000000000000e+00,0.00000000000000000e+00,0.00000000000000000e+00,0.00000000000000000e+00,0.00000000000000000e+00,1.23335563662343684e+00,0.00000000000000000e+00,0.00000000000000000e+00,0.00000000000000000e+00,0.00000000000000000e+00,0.00000000000000000e+00,0.00000000000000000e+00,0.00000000000000000e+00,1.11859623712138142e+05,1.90544282877137018e-02,-1.44854739727578008e+00,1.86016872884174632e+02,4.45197129948053707e-09,8.59017138811885512e-10,1.13790240333350179e-09,4.20547908722109263e-16
-3.87083333333333313e+00,2.08409946911717117e-02,-9.54769357901499305e-01,1.91615573292739545e-02,3.32368137581291933e+02,0.00000000000000000e+00,0.00000000000000000e+00,0.00000000000000000e+00,0.00000000000000000e+00,0.00000000000000000e+00,0.00000000000000000e+00,0.00000000000000000e+00,1.22567120333750168e+00,0.00000000000000000e+00,0.00000000000000000e+00,0.00000000000000000e+00,0.00000000000000000e+00,0.00000000000000000e+00,0.00000000000000000e+00,0.00000000000000000e+00,1.10470081149155289e+05,1.91615573075219897e-02,-1.44849540318529701e+00,1.84852506274239062e+02,4.44698169324143065e-09,8.59262733998119226e-10,1.13518773362693294e-09,4.25862569030265874e-16
-3.86666666666666670e+00,2.09280133319916413e-02,-9.54746746493600251e-01,1.92692761070071446e-02,3.30297314782183889e+02,0.00000000000000000e+00,0.00000000000000000e+00,0.00000000000000000e+00,0.00000000000000000e+00,0.00000000000000000e+00,0.00000000000000000e+00,0.00000000000000000e+00,1.21803464799349648e+00,0.00000000000000000e+00,0.00000000000000000e+00,0.00000000000000000e+00,0.00000000000000000e+00,0.00000000000000000e+00,0.00000000000000000e+00,0.00000000000000000e+00,1.09097799760724782e+05,1.92692760852197012e-02,-1.44844319200080496e+00,1.83695449947681851e+02,4.43837765731206424e-09,8.59677347942046245e-10,1.13068302518800885e-09,6.46866435056019230e-16
-3.86249999999999982e+00,2.10153953069020308e-02,-9.54723992662886434e-01,1.93775877645870724e-02,3.28239394263861527e+02,0.00000000000000000e+00,0.00000000000000000e+00,0.00000000000000000e+00,0.00000000000000000e+00,0.00000000000000000e+00,0.00000000000000000e+00,0.00000000000000000e+00,1.21044567228952604e+00,0.00000000000000000e+00,0.00000000000000000e+00,0.00000000000000000e+00,0.00000000000000000e+00,0.00000000000000000e+00,0.00000000000000000e+00,0.00000000000000000e+00,1.07742565125432302e+05,1.93775877427695697e-02,-1.44839076281585877e+00,1.82545657783136903e+02,4.42922567593919233e-09,8.60109378711785795e-10,1.12591427556568464e-09,4.36693917034232350e-16
-3.85833333333333339e+00,2.11031421329532266e-02,-9.54701095514988163e-01,1.94864954392856386e-02,3.26194295639447091e+02,0.00000000000000000e+00,0.00000000000000000e+00,0.00000000000000000e+00,0.00000000000000000e+00,0.00000000000000000e+00,0.00000000000000000e+00,0.00000000000000000e+00,1.20290397978372177e+00,0.00000000000000000e+00,0.00000000000000000e+00,0.00000000000000000e+00,0.00000000000000000e+00,0.00000000000000000e+00,0.00000000000000000e+00,0.00000000000000000e+00,1.06404165485699588e+05,1.94864954173902469e-02,-1.44833811472022811e+00,1.81403083952523303e+02,4.42505572318727660e-09,8.60300906771759884e-10,1.12361875651289455e-09,4.42212305959033014e-16
-3.85416666666666652e+00,2.11912553335298522e-02,-9.54678054149953881e-01,1.95960022837020700e-02,3.24161939020575005e+02,0.00000000000000000e+00,0.00000000000000000e+00,0.00000000000000000e+00,0.00000000000000000e+00,0.00000000000000000e+00,0.00000000000000000e+00,0.00000000000000000e+00,1.19540927587257828e+00,0.00000000000000000e+00,0.00000000000000000e+00,0.00000000000000000e+00,0.00000000000000000e+00,0.00000000000000000e+00,0.00000000000000000e+00,0.00000000000000000e+00,1.05082391712915836e+05,1.95960022617653398e-02,-1.44828524679988213e+00,1.80267682919155959e+02,4.41707712596647796e-09,8.60661050636262703e-10,1.11944925893974482e-09,5.59750404413919439e-16
-3.85000000000000009e+00,2.12797364383771684e-02,-9.54654867662163897e-01,1.97061114658480391e-02,3.22142245018485312e+02,0.00000000000000000e+00,0.00000000000000000e+00,0.00000000000000000e+00,0.00000000000000000e+00,0.00000000000000000e+00,0.00000000000000000e+00,0.00000000000000000e+00,1.18796126779498268e+00,0.00000000000000000e+00,0.00000000000000000e+00,0.00000000000000000e+00,0.00000000000000000e+00,0.00000000000000000e+00,0.00000000000000000e+00,0.00000000000000000e+00,1.03777037277523603e+05,1.97061114438818949e-02,-1.44823215813697370e+00,1.79139409435870476e+02,4.40788078723211541e-09,8.61065875178295404e-10,1.11468689517602458e-09,4.53458847386936596e-16
-3.84583333333333321e+00,2.13685869836277020e-02,-9.54631535140312848e-01,1.98168261692019572e-02,3.20135134739472505e+02,0.00000000000000000e+00,0.00000000000000000e+00,0.00000000000000000e+00,0.00000000000000000e+00,0.00000000000000000e+00,0.00000000000000000e+00,0.00000000000000000e+00,1.18055966461543438e+00,0.00000000000000000e+00,0.00000000000000000e+00,0.00000000000000000e+00,0.00000000000000000e+00,0.00000000000000000e+00,0.00000000000000000e+00,0.00000000000000000e+00,1.02487898215781926e+05,1.98168261471670347e-02,-1.44817884780982320e+00,1.78018218543159264e+02,4.40274592178587585e-09,8.61287211896264829e-10,1.11192994953427611e-09,4.59188766217285443e-16
-3.84166666666666679e+00,2.14578085118278632e-02,-9.54608055667401811e-01,1.99281495927594067e-02,3.18140529779572830e+02,0.00000000000000000e+00,0.00000000000000000e+00,0.00000000000000000e+00,0.00000000000000000e+00,0.00000000000000000e+00,0.00000000000000000e+00,0.00000000000000000e+00,1.17320417720445080e+00,0.00000000000000000e+00,0.00000000000000000e+00,0.00000000000000000e+00,0.00000000000000000e+00,0.00000000000000000e+00,0.00000000000000000e+00,0.00000000000000000e+00,1.01214773096468678e+05,1.99281495706742882e-02,-1.44812531489290319e+00,1.76904065567320941e+02,4.39569065314241112e-09,8.61582665632547825e-10,1.10823728906318923e-09,5.81238724883315922e-16
-3.83749999999999991e+00,2.15474025719647709e-02,-9.54584428320667699e-01,2.00400849511102944e-02,3.16158352224261989e+02,0.00000000000000000e+00,0.00000000000000000e+00,0.00000000000000000e+00,0.00000000000000000e+00,0.00000000000000000e+00,0.00000000000000000e+00,0.00000000000000000e+00,1.16589451823745449e+00,0.00000000000000000e+00,0.00000000000000000e+00,0.00000000000000000e+00,0.00000000000000000e+00,0.00000000000000000e+00,0.00000000000000000e+00,0.00000000000000000e+00,9.99574629911881639e+04,2.00400849289950542e-02,-1.44807155845682112e+00,1.75796906118619916e+02,4.38659126945686899e-09,8.61955337290715707e-10,1.10355022311752743e-09,5.88582999592573600e-16
-3.83333333333333348e+00,2.16373707194930896e-02,-9.54560652171549950e-01,2.01526354745000628e-02,3.14188524645188579e+02,0.00000000000000000e+00,0.00000000000000000e+00,0.00000000000000000e+00,0.00000000000000000e+00,0.00000000000000000e+00,0.00000000000000000e+00,0.00000000000000000e+00,1.15863040218272650e+00,0.00000000000000000e+00,0.00000000000000000e+00,0.00000000000000000e+00,0.00000000000000000e+00,0.00000000000000000e+00,0.00000000000000000e+00,0.00000000000000000e+00,9.87157714431291388e+04,2.01526354523308485e-02,-1.44801757756830396e+00,1.74696696089460772e+02,4.37993483685240349e-09,8.62221968648303679e-10,1.10006527103402491e-09,4.76815948215764329e-16
-3.82916666666666661e+00,2.17277145163621045e-02,-9.54536726285676096e-01,2.02658044088837828e-02,3.12230970095459327e+02,0.00000000000000000e+00,0.00000000000000000e+00,0.00000000000000000e+00,0.00000000000000000e+00,0.00000000000000000e+00,0.00000000000000000e+00,0.00000000000000000e+00,1.15141154528401990e+00,0.00000000000000000e+00,0.00000000000000000e+00,0.00000000000000000e+00,0.00000000000000000e+00,0.00000000000000000e+00,0.00000000000000000e+00,0.00000000000000000e+00,9.74895044352982368e+04,2.02658043866519241e-02,-1.44796337129018271e+00,1.73603391652571815e+02,4.37414944981180035e-09,8.62445452612646296e-10,1.09701338722709302e-09,6.03550699812210072e-16
-3.82500000000000018e+00,2.18184355310427625e-02,-9.54512649722817241e-01,2.03795950159918991e-02,3.10285612107241434e+02,0.00000000000000000e+00,0.00000000000000000e+00,0.00000000000000000e+00,0.00000000000000000e+00,0.00000000000000000e+00,0.00000000000000000e+00,0.00000000000000000e+00,1.14423766555171746e+00,0.00000000000000000e+00,0.00000000000000000e+00,0.00000000000000000e+00,0.00000000000000000e+00,0.00000000000000000e+00,0.00000000000000000e+00,0.00000000000000000e+00,9.62784703606007679e+04,2.03795949937274103e-02,-1.44790893868137438e+00,1.72516949259202704e+02,4.36532457900317055e-09,8.62778204736618413e-10,1.09248927029799024e-09,6.11176475827643523e-16
-3.82083333333333330e+00,2.19095353385549765e-02,-9.54488421536832776e-01,2.04940105734004833e-02,3.08352374690215129e+02,0.00000000000000000e+00,0.00000000000000000e+00,0.00000000000000000e+00,0.00000000000000000e+00,0.00000000000000000e+00,0.00000000000000000e+00,0.00000000000000000e+00,1.13710848275712628e+00,0.00000000000000000e+00,0.00000000000000000e+00,0.00000000000000000e+00,0.00000000000000000e+00,0.00000000000000000e+00,0.00000000000000000e+00,0.00000000000000000e+00,9.50824799927963904e+04,2.04940105511037182e-02,-1.44785427879686690e+00,1.71437325637332521e+02,4.35648003106650688e-09,8.63102780280065183e-10,1.08796494824967524e-09,6.18898460818812120e-16
-3.81666666666666687e+00,2.20010155204948994e-02,-9.54464040775643285e-01,2.06090543745898434e-02,3.06431182327777890e+02,0.00000000000000000e+00,0.00000000000000000e+00,0.00000000000000000e+00,0.00000000000000000e+00,0.00000000000000000e+00,0.00000000000000000e+00,0.00000000000000000e+00,1.13002371841847937e+00,0.00000000000000000e+00,0.00000000000000000e+00,0.00000000000000000e+00,0.00000000000000000e+00,0.00000000000000000e+00,0.00000000000000000e+00,0.00000000000000000e+00,9.39013464564040478e+04,2.06090543522137078e-02,-1.44779939068770291e+00,1.70364477789890884e+02,4.35237609089250717e-09,8.63247771932027853e-10,1.08574295958301367e-09,5.01374293897030672e-16
-3.81250000000000000e+00,2.20928776650624430e-02,-9.54439506481226774e-01,2.07247297289963293e-02,3.04521959971729643e+02,0.00000000000000000e+00,0.00000000000000000e+00,0.00000000000000000e+00,0.00000000000000000e+00,0.00000000000000000e+00,0.00000000000000000e+00,0.00000000000000000e+00,1.12298309578133670e+00,0.00000000000000000e+00,0.00000000000000000e+00,0.00000000000000000e+00,0.00000000000000000e+00,0.00000000000000000e+00,0.00000000000000000e+00,0.00000000000000000e+00,9.27348851960571192e+04,2.07247297065828000e-02,-1.44774427340096246e+00,1.69298362992988729e+02,4.34404890531407519e-09,8.63534593175163170e-10,1.08148717417089607e-09,6.34635923343299840e-16
-3.80833333333333313e+00,2.21851233670888118e-02,-9.54414817689525630e-01,2.08410399620946769e-02,3.02624633043350229e+02,0.00000000000000000e+00,0.00000000000000000e+00,0.00000000000000000e+00,0.00000000000000000e+00,0.00000000000000000e+00,0.00000000000000000e+00,0.00000000000000000e+00,1.11598633982255779e+00,0.00000000000000000e+00,0.00000000000000000e+00,0.00000000000000000e+00,0.00000000000000000e+00,0.00000000000000000e+00,0.00000000000000000e+00,0.00000000000000000e+00,9.15829139501330501e+04,2.08410399396525246e-02,-1.44768892597974674e+00,1.68238938794163062e+02,4.33485999829371299e-09,8.63843022846006816e-10,1.07682497457733112e-09,6.42653872057992748e-16
-3.80416666666666670e+00,2.22777542280641928e-02,-9.54389973430430416e-01,2.09579884154535018e-02,3.00739127428889788e+02,0.00000000000000000e+00,0.00000000000000000e+00,0.00000000000000000e+00,0.00000000000000000e+00,0.00000000000000000e+00,0.00000000000000000e+00,0.00000000000000000e+00,1.10903317723367412e+00,0.00000000000000000e+00,0.00000000000000000e+00,0.00000000000000000e+00,0.00000000000000000e+00,0.00000000000000000e+00,0.00000000000000000e+00,0.00000000000000000e+00,9.04452527212782006e+04,2.09579883929365864e-02,-1.44763334746316152e+00,1.67186163010631475e+02,4.33027523954278497e-09,8.63990438139911540e-10,1.07438342809360154e-09,6.50772972498123970e-16
-3.79999999999999982e+00,2.23707718561656013e-02,-9.54364972727775207e-01,2.10755784467884719e-02,2.98865369474399131e+02,0.00000000000000000e+00,0.00000000000000000e+00,0.00000000000000000e+00,0.00000000000000000e+00,0.00000000000000000e+00,0.00000000000000000e+00,0.00000000000000000e+00,1.10212333640182125e+00,0.00000000000000000e+00,0.00000000000000000e+00,0.00000000000000000e+00,0.00000000000000000e+00,0.00000000000000000e+00,0.00000000000000000e+00,0.00000000000000000e+00,8.93217237469177344e+04,2.10755784242265959e-02,-1.44757753688630064e+00,1.66139993727558220e+02,4.32271452969663851e-09,8.64226461993081523e-10,1.07052226631485363e-09,6.58994499503206033e-16
-3.79583333333333339e+00,2.24641778662847298e-02,-9.54339814599251324e-01,2.11938134300406825e-02,2.97003285986181879e+02,0.00000000000000000e+00,0.00000000000000000e+00,0.00000000000000000e+00,0.00000000000000000e+00,0.00000000000000000e+00,0.00000000000000000e+00,0.00000000000000000e+00,1.09525654741141021e+00,0.00000000000000000e+00,0.00000000000000000e+00,0.00000000000000000e+00,0.00000000000000000e+00,0.00000000000000000e+00,0.00000000000000000e+00,0.00000000000000000e+00,8.82121514734943921e+04,2.11938134074502009e-02,-1.44752149328022917e+00,1.65100389296333162e+02,4.31354588127869726e-09,8.64503460492322670e-10,1.06589980455226520e-09,6.67319743969119538e-16
-3.79166666666666652e+00,2.25579738800560647e-02,-9.54314498056380800e-01,2.13126967554364034e-02,2.95152804227101683e+02,0.00000000000000000e+00,0.00000000000000000e+00,0.00000000000000000e+00,0.00000000000000000e+00,0.00000000000000000e+00,0.00000000000000000e+00,0.00000000000000000e+00,1.08843254203050699e+00,0.00000000000000000e+00,0.00000000000000000e+00,0.00000000000000000e+00,0.00000000000000000e+00,0.00000000000000000e+00,0.00000000000000000e+00,0.00000000000000000e+00,8.71163625285203598e+04,2.13126967327834232e-02,-1.44746521567196629e+00,1.64067308332859710e+02,4.30773302626147453e-09,8.64674079969084488e-10,1.06288661965830810e-09,8.10900015660306377e-16
-3.78750000000000009e+00,2.26521615258849611e-02,-9.54289022104505391e-01,2.14322318295427847e-02,2.93313851911880988e+02,0.00000000000000000e+00,0.00000000000000000e+00,0.00000000000000000e+00,0.00000000000000000e+00,0.00000000000000000e+00,0.00000000000000000e+00,0.00000000000000000e+00,1.08165105369349779e+00,0.00000000000000000e+00,0.00000000000000000e+00,0.00000000000000000e+00,0.00000000000000000e+00,0.00000000000000000e+00,0.00000000000000000e+00,0.00000000000000000e+00,8.60341856923868036e+04,2.14322318068338943e-02,-1.44740870308446912e+00,1.63040709715855911e+02,4.30125890928523861e-09,8.64854224916697090e-10,1.05956722232262340e-09,8.21143956437023582e-16
-3.78333333333333321e+00,2.27467424389759879e-02,-9.54263385742722847e-01,2.15524220753385946e-02,2.91486357205942568e+02,0.00000000000000000e+00,0.00000000000000000e+00,0.00000000000000000e+00,0.00000000000000000e+00,0.00000000000000000e+00,0.00000000000000000e+00,0.00000000000000000e+00,1.07491181749681486e+00,0.00000000000000000e+00,0.00000000000000000e+00,0.00000000000000000e+00,0.00000000000000000e+00,0.00000000000000000e+00,0.00000000000000000e+00,0.00000000000000000e+00,8.49654518726057431e+04,2.15524220525995062e-02,-1.44735195453661447e+00,1.62020552585165348e+02,4.29227066733988103e-09,8.65096061656062080e-10,1.05505953504973896e-09,6.92930936198923849e-16
-3.77916666666666679e+00,2.28417182613612386e-02,-9.54237587963840395e-01,2.16732709322799977e-02,2.89670248723107647e+02,0.00000000000000000e+00,0.00000000000000000e+00,0.00000000000000000e+00,0.00000000000000000e+00,0.00000000000000000e+00,0.00000000000000000e+00,0.00000000000000000e+00,1.06821457019044996e+00,0.00000000000000000e+00,0.00000000000000000e+00,0.00000000000000000e+00,0.00000000000000000e+00,0.00000000000000000e+00,0.00000000000000000e+00,0.00000000000000000e+00,8.39099940776750154e+04,2.16732709094971700e-02,-1.44729496904318333e+00,1.61006796340080399e+02,4.28462246866576602e-09,8.65295313360077332e-10,1.05119470904372261e-09,8.42021145267327226e-16
-3.77499999999999991e+00,2.29370906419289304e-02,-9.54211627754353087e-01,2.17947818563596039e-02,2.87865455521590604e+02,0.00000000000000000e+00,0.00000000000000000e+00,0.00000000000000000e+00,0.00000000000000000e+00,0.00000000000000000e+00,0.00000000000000000e+00,0.00000000000000000e+00,1.06155905016318397e+00,0.00000000000000000e+00,0.00000000000000000e+00,0.00000000000000000e+00,0.00000000000000000e+00,0.00000000000000000e+00,0.00000000000000000e+00,0.00000000000000000e+00,8.28676473902698490e+04,2.17947818335058781e-02,-1.44723774561484264e+00,1.59999400637674540e+02,4.27961483892736256e-09,8.65417671150985796e-10,1.04858704394388554e-09,7.10548059196842601e-16
-3.77083333333333348e+00,2.30328612364519326e-02,-9.54185504094416159e-01,2.19169583201676496e-02,2.86071907100527994e+02,0.00000000000000000e+00,0.00000000000000000e+00,0.00000000000000000e+00,0.00000000000000000e+00,0.00000000000000000e+00,0.00000000000000000e+00,0.00000000000000000e+00,1.05494499742978487e+00,0.00000000000000000e+00,0.00000000000000000e+00,0.00000000000000000e+00,0.00000000000000000e+00,0.00000000000000000e+00,0.00000000000000000e+00,0.00000000000000000e+00,8.18382489410807175e+04,2.19169582972800411e-02,-1.44718028325812886e+00,1.58998325391147944e+02,4.27100561891583717e-09,8.65620032608727458e-10,1.04428763173633556e-09,7.19523642190214460e-16
-3.76666666666666661e+00,2.31290317076165985e-02,-9.54159215957766649e-01,2.20398038129654347e-02,2.84289533399650566e+02,0.00000000000000000e+00,0.00000000000000000e+00,0.00000000000000000e+00,0.00000000000000000e+00,0.00000000000000000e+00,0.00000000000000000e+00,0.00000000000000000e+00,1.04837215362980141e+00,0.00000000000000000e+00,0.00000000000000000e+00,0.00000000000000000e+00,0.00000000000000000e+00,0.00000000000000000e+00,0.00000000000000000e+00,0.00000000000000000e+00,8.08216378847635351e+04,2.20398037900496856e-02,-1.44712258097543001e+00,1.58003530768181548e+02,4.26185290462734576e-09,8.65827555353369245e-10,1.03974379162593444e-09,7.28612445797832792e-16
-3.76250000000000018e+00,2.32256037250515648e-02,-9.54132762311698857e-01,2.21633218407452440e-02,2.82518264795542052e+02,0.00000000000000000e+00,0.00000000000000000e+00,0.00000000000000000e+00,0.00000000000000000e+00,0.00000000000000000e+00,0.00000000000000000e+00,0.00000000000000000e+00,1.04184026201376390e+00,0.00000000000000000e+00,0.00000000000000000e+00,0.00000000000000000e+00,0.00000000000000000e+00,0.00000000000000000e+00,0.00000000000000000e+00,0.00000000000000000e+00,7.98176553742155666e+04,2.21633218177497461e-02,-1.44706463776496896e+00,1.57014977189303579e+02,4.25769060410333261e-09,8.65914922291252513e-10,1.03754744239553943e-09,7.37815896861127364e-16
-3.75833333333333330e+00,2.33225789653568015e-02,-9.54106142117062794e-01,2.22875159262866454e-02,2.80758032096546629e+02,0.00000000000000000e+00,0.00000000000000000e+00,0.00000000000000000e+00,0.00000000000000000e+00,0.00000000000000000e+00,0.00000000000000000e+00,0.00000000000000000e+00,1.03534906742440747e+00,0.00000000000000000e+00,0.00000000000000000e+00,0.00000000000000000e+00,0.00000000000000000e+00,0.00000000000000000e+00,0.00000000000000000e+00,0.00000000000000000e+00,7.88261445344169333e+04,2.22875159032509505e-02,-1.44700645262078575e+00,1.56032625326265901e+02,4.24970566594053602e-09,8.66076391682494484e-10,1.03356941973155288e-09,7.47135440191418361e-16
-3.75416666666666687e+00,2.34199591121326441e-02,-9.54079354328163709e-01,2.24123896092330681e-02,2.79008766543725471e+02,0.00000000000000000e+00,0.00000000000000000e+00,0.00000000000000000e+00,0.00000000000000000e+00,0.00000000000000000e+00,0.00000000000000000e+00,0.00000000000000000e+00,1.02889831630019635e+00,0.00000000000000000e+00,0.00000000000000000e+00,0.00000000000000000e+00,0.00000000000000000e+00,0.00000000000000000e+00,0.00000000000000000e+00,0.00000000000000000e+00,7.78469504399963917e+04,2.24123895861699923e-02,-1.44694802453272020e+00,1.55056436100431682e+02,4.24050898917232444e-09,8.66253149272007600e-10,1.02903243164027391e-09,9.07887046555348913e-16
-3.75000000000000000e+00,2.35177458560091070e-02,-9.54052397892741988e-01,2.25379464461517541e-02,2.77270399806905971e+02,0.00000000000000000e+00,0.00000000000000000e+00,0.00000000000000000e+00,0.00000000000000000e+00,0.00000000000000000e+00,0.00000000000000000e+00,0.00000000000000000e+00,1.02248775666075709e+00,0.00000000000000000e+00,0.00000000000000000e+00,0.00000000000000000e+00,0.00000000000000000e+00,0.00000000000000000e+00,0.00000000000000000e+00,0.00000000000000000e+00,7.68799200902940065e+04,2.25379464230187551e-02,-1.44688935248639439e+00,1.54086370681172355e+02,4.23538742479867520e-09,8.66346421827402020e-10,1.02640225308943106e-09,7.66128674107830984e-16
-3.74583333333333313e+00,2.36159408946751657e-02,-9.54025271751964277e-01,2.26641900105923264e-02,2.75542863980076561e+02,0.00000000000000000e+00,0.00000000000000000e+00,0.00000000000000000e+00,0.00000000000000000e+00,0.00000000000000000e+00,0.00000000000000000e+00,0.00000000000000000e+00,1.01611713808989612e+00,0.00000000000000000e+00,0.00000000000000000e+00,0.00000000000000000e+00,0.00000000000000000e+00,0.00000000000000000e+00,0.00000000000000000e+00,0.00000000000000000e+00,7.59249023843812902e+04,2.26641899874096414e-02,-1.44683043546319490e+00,1.53122390484276593e+02,4.22832053172628026e-09,8.66464761277202157e-10,1.02287727694096509e-09,7.75805346216227906e-16
-3.74166666666666670e+00,2.37145459329082472e-02,-9.53997974840341878e-01,2.27911238931584048e-02,2.73826091581142236e+02,0.00000000000000000e+00,0.00000000000000000e+00,0.00000000000000000e+00,0.00000000000000000e+00,0.00000000000000000e+00,0.00000000000000000e+00,0.00000000000000000e+00,1.00978621173469651e+00,0.00000000000000000e+00,0.00000000000000000e+00,0.00000000000000000e+00,0.00000000000000000e+00,0.00000000000000000e+00,0.00000000000000000e+00,0.00000000000000000e+00,7.49817480987974996e+04,2.27911238699475514e-02,-1.44677127244025505e+00,1.52164457170368564e+02,4.21921860222800912e-09,8.66608669443041859e-10,1.01841635851942674e-09,7.85604074102971120e-16
-3.73749999999999982e+00,2.38135626826038796e-02,-9.53970506085692116e-01,2.29187517015714201e-02,2.72120015549079938e+02,0.00000000000000000e+00,0.00000000000000000e+00,0.00000000000000000e+00,0.00000000000000000e+00,0.00000000000000000e+00,0.00000000000000000e+00,0.00000000000000000e+00,1.00349473029502900e+00,0.00000000000000000e+00,0.00000000000000000e+00,0.00000000000000000e+00,0.00000000000000000e+00,0.00000000000000000e+00,0.00000000000000000e+00,0.00000000000000000e+00,7.40503098641052347e+04,2.29187516783065613e-02,-1.44671186239043759e+00,1.51212532643336544e+02,4.21258262727190775e-09,8.66707937120396542e-10,1.01510148179110133e-09,9.54631675055407211e-16
-3.73333333333333339e+00,2.39129928628053143e-02,-9.53942864409122016e-01,2.30470770607312594e-02,2.70424569239851451e+02,0.00000000000000000e+00,0.00000000000000000e+00,0.00000000000000000e+00,0.00000000000000000e+00,0.00000000000000000e+00,0.00000000000000000e+00,0.00000000000000000e+00,9.97242448008481386e-01,0.00000000000000000e+00,0.00000000000000000e+00,0.00000000000000000e+00,0.00000000000000000e+00,0.00000000000000000e+00,0.00000000000000000e+00,0.00000000000000000e+00,7.31304421410593204e+04,2.30470770374034094e-02,-1.44665220428231667e+00,1.50266579048772968e+02,4.20678264306138593e-09,8.66784988555438225e-10,1.01218258742537602e-09,8.05573869027867267e-16
-3.72916666666666652e+00,2.40128381997334849e-02,-9.53915048724976788e-01,2.31761036127823838e-02,2.68739686424347781e+02,0.00000000000000000e+00,0.00000000000000000e+00,0.00000000000000000e+00,0.00000000000000000e+00,0.00000000000000000e+00,0.00000000000000000e+00,0.00000000000000000e+00,9.91029120642775596e-01,0.00000000000000000e+00,0.00000000000000000e+00,0.00000000000000000e+00,0.00000000000000000e+00,0.00000000000000000e+00,0.00000000000000000e+00,0.00000000000000000e+00,7.22220011981747375e+04,2.31761035894236730e-02,-1.44659229708015991e+00,1.49326558772422828e+02,4.19795245931785823e-09,8.66894989248572991e-10,1.00787911603951573e-09,9.78897684773434626e-16
-3.72500000000000009e+00,2.41131004268168650e-02,-9.53887057940775329e-01,2.33058350171814130e-02,2.67065301287033606e+02,0.00000000000000000e+00,0.00000000000000000e+00,0.00000000000000000e+00,0.00000000000000000e+00,0.00000000000000000e+00,0.00000000000000000e+00,0.00000000000000000e+00,9.84854505490770360e-01,0.00000000000000000e+00,0.00000000000000000e+00,0.00000000000000000e+00,0.00000000000000000e+00,0.00000000000000000e+00,0.00000000000000000e+00,0.00000000000000000e+00,7.13248450899310119e+04,2.33058349937919594e-02,-1.44653213974390971e+00,1.48392434438643875e+02,4.18913490300017943e-09,8.66995414533278178e-10,1.00358788151637355e-09,9.91260717224768134e-16
-3.72083333333333321e+00,2.42137812847216527e-02,-9.53858890957180461e-01,2.34362749507600228e-02,2.65401348422647402e+02,0.00000000000000000e+00,0.00000000000000000e+00,0.00000000000000000e+00,0.00000000000000000e+00,0.00000000000000000e+00,0.00000000000000000e+00,0.00000000000000000e+00,9.78718361358292932e-01,0.00000000000000000e+00,0.00000000000000000e+00,0.00000000000000000e+00,0.00000000000000000e+00,0.00000000000000000e+00,0.00000000000000000e+00,0.00000000000000000e+00,7.04388336341903487e+04,2.34362749272896825e-02,-1.44647173122916683e+00,1.47464168908875706e+02,4.18501131424502230e-09,8.67035353437413869e-10,1.00145352994209580e-09,1.00377968067045424e-15
-3.71666666666666679e+00,2.43148825213819197e-02,-9.53830546667992718e-01,2.35674271077858169e-02,2.63747762831633281e+02,0.00000000000000000e+00,0.00000000000000000e+00,0.00000000000000000e+00,0.00000000000000000e+00,0.00000000000000000e+00,0.00000000000000000e+00,0.00000000000000000e+00,9.72620448547291794e-01,0.00000000000000000e+00,0.00000000000000000e+00,0.00000000000000000e+00,0.00000000000000000e+00,0.00000000000000000e+00,0.00000000000000000e+00,0.00000000000000000e+00,6.95638283892284089e+04,2.35674270842795471e-02,-1.44641107048717066e+00,1.46541725280119977e+02,4.17667670561896209e-09,8.67108857023350453e-10,9.97405010025119690e-10,1.01645654003092412e-15
-3.71249999999999991e+00,2.44164058920300353e-02,-9.53802023960044432e-01,2.36992952000338528e-02,2.62104479921043605e+02,0.00000000000000000e+00,0.00000000000000000e+00,0.00000000000000000e+00,0.00000000000000000e+00,0.00000000000000000e+00,0.00000000000000000e+00,0.00000000000000000e+00,9.66560528859165879e-01,0.00000000000000000e+00,0.00000000000000000e+00,0.00000000000000000e+00,0.00000000000000000e+00,0.00000000000000000e+00,0.00000000000000000e+00,0.00000000000000000e+00,6.86996926339367055e+04,2.36992951765010278e-02,-1.44635015646478182e+00,1.45625066883428815e+02,4.16748828689542457e-09,8.67182726015751568e-10,9.92975732779018755e-10,8.57744404143050544e-16
-3.70833333333333348e+00,2.45183531592270375e-02,-9.53773321713180300e-01,2.38318829568485227e-02,2.60471435500645327e+02,0.00000000000000000e+00,0.00000000000000000e+00,0.00000000000000000e+00,0.00000000000000000e+00,0.00000000000000000e+00,0.00000000000000000e+00,0.00000000000000000e+00,9.60538365580406728e-01,0.00000000000000000e+00,0.00000000000000000e+00,0.00000000000000000e+00,0.00000000000000000e+00,0.00000000000000000e+00,0.00000000000000000e+00,0.00000000000000000e+00,6.78462913457185932e+04,2.38318829332394948e-02,-1.44628898810446360e+00,1.44714157282405296e+02,4.16291368633811832e-09,8.67212410060248971e-10,9.90648871229407130e-10,8.68576608512222753e-16
-3.70416666666666661e+00,2.46207260928933448e-02,-9.53744438800252059e-01,2.39651941252060838e-02,2.58848565778436409e+02,0.00000000000000000e+00,0.00000000000000000e+00,0.00000000000000000e+00,0.00000000000000000e+00,0.00000000000000000e+00,0.00000000000000000e+00,0.00000000000000000e+00,9.54553723466063042e-01,0.00000000000000000e+00,0.00000000000000000e+00,0.00000000000000000e+00,0.00000000000000000e+00,0.00000000000000000e+00,0.00000000000000000e+00,0.00000000000000000e+00,6.70034911783645075e+04,2.39651941015530494e-02,-1.44622756434426392e+00,1.43808960271711612e+02,4.15534134716542933e-09,8.67252937867919580e-10,9.86974455203383497e-10,8.79545429878242868e-16
-3.70000000000000018e+00,2.47235264703393881e-02,-9.53715374087019119e-01,2.40992324697832973e-02,2.57235807361049297e+02,0.00000000000000000e+00,0.00000000000000000e+00,0.00000000000000000e+00,0.00000000000000000e+00,0.00000000000000000e+00,0.00000000000000000e+00,0.00000000000000000e+00,9.48606368741230499e-01,0.00000000000000000e+00,0.00000000000000000e+00,0.00000000000000000e+00,0.00000000000000000e+00,0.00000000000000000e+00,0.00000000000000000e+00,0.00000000000000000e+00,6.61711604427336715e+04,2.40992324461037320e-02,-1.44616588411779645e+00,1.42909439875588276e+02,4.14617150102331798e-09,8.67294344689673505e-10,9.82585868907773785e-10,1.06878310767459229e-15
-3.69583333333333330e+00,2.48267560762965370e-02,-9.53686126432117587e-01,2.42340017730213533e-02,2.55633097250542335e+02,0.00000000000000000e+00,0.00000000000000000e+00,0.00000000000000000e+00,0.00000000000000000e+00,0.00000000000000000e+00,0.00000000000000000e+00,0.00000000000000000e+00,9.42696069089217770e-01,0.00000000000000000e+00,0.00000000000000000e+00,0.00000000000000000e+00,0.00000000000000000e+00,0.00000000000000000e+00,0.00000000000000000e+00,0.00000000000000000e+00,6.53491690857839130e+04,2.42340017492787274e-02,-1.44610394635422201e+00,1.42015560346382472e+02,4.14037683136694478e-09,8.67314429517214445e-10,9.79723702527610984e-10,1.08227979747673979e-15
-3.69166666666666687e+00,2.49304167029480300e-02,-9.53656694687048057e-01,2.43695058351896324e-02,2.54040372840323641e+02,0.00000000000000000e+00,0.00000000000000000e+00,0.00000000000000000e+00,0.00000000000000000e+00,0.00000000000000000e+00,0.00000000000000000e+00,0.00000000000000000e+00,9.36822593636516432e-01,0.00000000000000000e+00,0.00000000000000000e+00,0.00000000000000000e+00,0.00000000000000000e+00,0.00000000000000000e+00,0.00000000000000000e+00,0.00000000000000000e+00,6.45373886694225948e+04,2.43695058113912941e-02,-1.44604174997823121e+00,1.41127286163086609e+02,4.13388940888031689e-09,8.67325795087339236e-10,9.76562203772475331e-10,1.09594670340247205e-15
-3.68750000000000000e+00,2.50345101499601479e-02,-9.53627077696101444e-01,2.45057484744518293e-02,2.52457571914165925e+02,0.00000000000000000e+00,0.00000000000000000e+00,0.00000000000000000e+00,0.00000000000000000e+00,0.00000000000000000e+00,0.00000000000000000e+00,0.00000000000000000e+00,9.30985712949167210e-01,0.00000000000000000e+00,0.00000000000000000e+00,0.00000000000000000e+00,0.00000000000000000e+00,0.00000000000000000e+00,0.00000000000000000e+00,0.00000000000000000e+00,6.37356923511939749e+04,2.45057484506252844e-02,-1.44597929391002378e+00,1.40244582029884953e+02,4.12489815594864986e-09,8.67334679262782315e-10,9.72283909293529774e-10,1.10978597026769223e-15
-3.68333333333333313e+00,2.51390382245133895e-02,-9.53597274296305475e-01,2.46427335269311341e-02,2.50884632644198405e+02,0.00000000000000000e+00,0.00000000000000000e+00,0.00000000000000000e+00,0.00000000000000000e+00,0.00000000000000000e+00,0.00000000000000000e+00,0.00000000000000000e+00,9.25185199025355454e-01,0.00000000000000000e+00,0.00000000000000000e+00,0.00000000000000000e+00,0.00000000000000000e+00,0.00000000000000000e+00,0.00000000000000000e+00,0.00000000000000000e+00,6.29439548646668773e+04,2.46427335030615507e-02,-1.44591657706529197e+00,1.39367412874711619e+02,4.11727380924843197e-09,8.67334933419025002e-10,9.68625635228790597e-10,1.12379976989781459e-15
-3.67916666666666670e+00,2.52440027413338881e-02,-9.53567283317400594e-01,2.47804648467749578e-02,2.49321493587431263e+02,0.00000000000000000e+00,0.00000000000000000e+00,0.00000000000000000e+00,0.00000000000000000e+00,0.00000000000000000e+00,0.00000000000000000e+00,0.00000000000000000e+00,9.19420825282594056e-01,0.00000000000000000e+00,0.00000000000000000e+00,0.00000000000000000e+00,0.00000000000000000e+00,0.00000000000000000e+00,0.00000000000000000e+00,0.00000000000000000e+00,6.21620524993214858e+04,2.47804648228336713e-02,-1.44585359835519967e+00,1.38495743847816669e+02,4.11224788312324437e-09,8.67324605652536935e-10,9.66135487146810985e-10,1.13799030146775098e-15
-3.67499999999999982e+00,2.53494055227249451e-02,-9.53537103581806211e-01,2.49189463062202098e-02,2.47768093682773298e+02,0.00000000000000000e+00,0.00000000000000000e+00,0.00000000000000000e+00,0.00000000000000000e+00,0.00000000000000000e+00,0.00000000000000000e+00,0.00000000000000000e+00,9.13692366546725698e-01,0.00000000000000000e+00,0.00000000000000000e+00,0.00000000000000000e+00,0.00000000000000000e+00,0.00000000000000000e+00,0.00000000000000000e+00,0.00000000000000000e+00,6.13898630809362148e+04,2.49189462822467546e-02,-1.44579035668636502e+00,1.37629540320341505e+02,4.10363385600573223e-09,8.67302484518855714e-10,9.62057339581448290e-10,1.15235979184617837e-15
-3.67083333333333339e+00,2.54552483985985775e-02,-9.53506733904532000e-01,2.50581817956582187e-02,2.46224372250727697e+02,0.00000000000000000e+00,0.00000000000000000e+00,0.00000000000000000e+00,0.00000000000000000e+00,0.00000000000000000e+00,0.00000000000000000e+00,0.00000000000000000e+00,9.07999599050801298e-01,0.00000000000000000e+00,0.00000000000000000e+00,0.00000000000000000e+00,0.00000000000000000e+00,0.00000000000000000e+00,0.00000000000000000e+00,0.00000000000000000e+00,6.06272659535368002e+04,2.50581817716587149e-02,-1.44572685096084097e+00,1.36768767882904740e+02,4.09448336848043864e-09,8.67269048248873276e-10,9.57751204452132449e-10,1.16691049594411580e-15
-3.66666666666666652e+00,2.55615332065074023e-02,-9.53476173093148360e-01,2.51981752236997009e-02,2.44690268990157307e+02,0.00000000000000000e+00,0.00000000000000000e+00,0.00000000000000000e+00,0.00000000000000000e+00,0.00000000000000000e+00,0.00000000000000000e+00,0.00000000000000000e+00,9.02342300423151111e-01,0.00000000000000000e+00,0.00000000000000000e+00,0.00000000000000000e+00,0.00000000000000000e+00,0.00000000000000000e+00,0.00000000000000000e+00,0.00000000000000000e+00,5.98741419601026719e+04,2.51981751996187900e-02,-1.44566308007609545e+00,1.35913392344195756e+02,4.09032761376254825e-09,8.67246795783344352e-10,9.55660903446355444e-10,1.18164469706791855e-15
-3.66250000000000009e+00,2.56682617916764236e-02,-9.53445419947785422e-01,2.53389305172417242e-02,2.43165723973873042e+02,0.00000000000000000e+00,0.00000000000000000e+00,0.00000000000000000e+00,0.00000000000000000e+00,0.00000000000000000e+00,0.00000000000000000e+00,0.00000000000000000e+00,8.96720249671116187e-01,0.00000000000000000e+00,0.00000000000000000e+00,0.00000000000000000e+00,0.00000000000000000e+00,0.00000000000000000e+00,0.00000000000000000e+00,0.00000000000000000e+00,5.91303734229439797e+04,2.53389304931218896e-02,-1.44559904292499408e+00,1.35063379729578543e+02,4.08233378434739804e-09,8.67195975932117492e-10,9.51888423561065581e-10,1.19656470727668768e-15
-3.65833333333333321e+00,2.57754360070351664e-02,-9.53414473261016471e-01,2.54804516215302521e-02,2.41650677649468207e+02,0.00000000000000000e+00,0.00000000000000000e+00,0.00000000000000000e+00,0.00000000000000000e+00,0.00000000000000000e+00,0.00000000000000000e+00,0.00000000000000000e+00,8.91133227184125687e-01,0.00000000000000000e+00,0.00000000000000000e+00,0.00000000000000000e+00,0.00000000000000000e+00,0.00000000000000000e+00,0.00000000000000000e+00,0.00000000000000000e+00,5.83958441268757815e+04,2.54804515973851564e-02,-1.44553473839577884e+00,1.34218696279703892e+02,4.07313733937684390e-09,8.67130548529877387e-10,9.47592924434517965e-10,1.21167286774419416e-15
-3.65416666666666679e+00,2.58830577132497658e-02,-9.53383331817834967e-01,2.56227425002258750e-02,2.40145070835891403e+02,0.00000000000000000e+00,0.00000000000000000e+00,0.00000000000000000e+00,0.00000000000000000e+00,0.00000000000000000e+00,0.00000000000000000e+00,0.00000000000000000e+00,8.85581014721058324e-01,0.00000000000000000e+00,0.00000000000000000e+00,0.00000000000000000e+00,0.00000000000000000e+00,0.00000000000000000e+00,0.00000000000000000e+00,0.00000000000000000e+00,5.76704393005089296e+04,2.56227424760098778e-02,-1.44547016537205009e+00,1.33379308449131685e+02,4.06802834009011276e-09,8.67087457515026302e-10,9.45097789031034481e-10,1.22697154912533944e-15
-3.64999999999999991e+00,2.59911287787553472e-02,-9.53351994395644553e-01,2.57658071354720172e-02,2.38648844719452626e+02,0.00000000000000000e+00,0.00000000000000000e+00,0.00000000000000000e+00,0.00000000000000000e+00,0.00000000000000000e+00,0.00000000000000000e+00,0.00000000000000000e+00,8.80063395395514592e-01,0.00000000000000000e+00,0.00000000000000000e+00,0.00000000000000000e+00,0.00000000000000000e+00,0.00000000000000000e+00,0.00000000000000000e+00,0.00000000000000000e+00,5.69540455975093209e+04,2.57658071112070175e-02,-1.44540532273274680e+00,1.32545182904960342e+02,4.06095023670276539e-09,8.67015842411261417e-10,9.41751974894808257e-10,1.24246315192725356e-15
-3.64583333333333348e+00,2.60996510797883753e-02,-9.53320459764164241e-01,2.59096495279564354e-02,2.37161940853626987e+02,0.00000000000000000e+00,0.00000000000000000e+00,0.00000000000000000e+00,0.00000000000000000e+00,0.00000000000000000e+00,0.00000000000000000e+00,0.00000000000000000e+00,8.74580153675093119e-01,0.00000000000000000e+00,0.00000000000000000e+00,0.00000000000000000e+00,0.00000000000000000e+00,0.00000000000000000e+00,0.00000000000000000e+00,0.00000000000000000e+00,5.62465510799044641e+04,2.59096495036653142e-02,-1.44534020935212704e+00,1.31716286525467240e+02,4.05184637015221693e-09,8.66918190766518436e-10,9.37531833242391511e-10,1.25815010688502999e-15
-3.64166666666666661e+00,2.62086265004193263e-02,-9.53288726685384447e-01,2.60542736969766563e-02,2.35684301156579011e+02,0.00000000000000000e+00,0.00000000000000000e+00,0.00000000000000000e+00,0.00000000000000000e+00,0.00000000000000000e+00,0.00000000000000000e+00,0.00000000000000000e+00,8.69131075372260531e-01,0.00000000000000000e+00,0.00000000000000000e+00,0.00000000000000000e+00,0.00000000000000000e+00,0.00000000000000000e+00,0.00000000000000000e+00,0.00000000000000000e+00,5.55478452004912033e+04,2.60542736726315921e-02,-1.44527482409974839e+00,1.30892586398756350e+02,4.04522799059142591e-09,8.66839817698743729e-10,9.34398113144145000e-10,1.27403487534221873e-15
-3.63750000000000018e+00,2.63180569325853000e-02,-9.53256793913547673e-01,2.61996836805080680e-02,2.34215867907617536e+02,0.00000000000000000e+00,0.00000000000000000e+00,0.00000000000000000e+00,0.00000000000000000e+00,0.00000000000000000e+00,0.00000000000000000e+00,0.00000000000000000e+00,8.63715947631279124e-01,0.00000000000000000e+00,0.00000000000000000e+00,0.00000000000000000e+00,0.00000000000000000e+00,0.00000000000000000e+00,0.00000000000000000e+00,0.00000000000000000e+00,5.48578187849567403e+04,2.61996836560998148e-02,-1.44520916584044867e+00,1.30074049821415571e+02,4.03941286823471921e-09,8.66759751773457797e-10,9.31623966028358296e-10,1.29011994963608600e-15
-3.63333333333333330e+00,2.64279442761229631e-02,-9.53224660195089224e-01,2.63458835352679555e-02,2.32756583745435449e+02,0.00000000000000000e+00,0.00000000000000000e+00,0.00000000000000000e+00,0.00000000000000000e+00,0.00000000000000000e+00,0.00000000000000000e+00,0.00000000000000000e+00,8.58334558921715174e-01,0.00000000000000000e+00,0.00000000000000000e+00,0.00000000000000000e+00,0.00000000000000000e+00,0.00000000000000000e+00,0.00000000000000000e+00,0.00000000000000000e+00,5.41763640150609426e+04,2.63458835108307254e-02,-1.44514323343432616e+00,1.29260644297182466e+02,4.03058041611498884e-09,8.66631672110287286e-10,9.27554014549586058e-10,1.30640785348773260e-15
-3.62916666666666687e+00,2.65382904388014283e-02,-9.53192324268562929e-01,2.64928773367777634e-02,2.31306391666920319e+02,0.00000000000000000e+00,0.00000000000000000e+00,0.00000000000000000e+00,0.00000000000000000e+00,0.00000000000000000e+00,0.00000000000000000e+00,0.00000000000000000e+00,8.52986699034053220e-01,0.00000000000000000e+00,0.00000000000000000e+00,0.00000000000000000e+00,0.00000000000000000e+00,0.00000000000000000e+00,0.00000000000000000e+00,0.00000000000000000e+00,5.35033744122794742e+04,2.64928773123113345e-02,-1.44507702573671915e+00,1.28452337535619051e+02,4.02179004703872281e-09,8.66496586739091862e-10,9.23509688828883389e-10,1.54338466612995745e-15
-3.62500000000000000e+00,2.66490973363554852e-02,-9.53159784864606396e-01,2.66406691794298101e-02,2.29865235024288296e+02,0.00000000000000000e+00,0.00000000000000000e+00,0.00000000000000000e+00,0.00000000000000000e+00,0.00000000000000000e+00,0.00000000000000000e+00,0.00000000000000000e+00,8.47672159069126852e-01,0.00000000000000000e+00,0.00000000000000000e+00,0.00000000000000000e+00,0.00000000000000000e+00,0.00000000000000000e+00,0.00000000000000000e+00,0.00000000000000000e+00,5.28387448208605565e+04,2.66406691548811865e-02,-1.44501054159818665e+00,1.27649097450794315e+02,4.01764598694666688e-09,8.66422471251518098e-10,9.21471732106071506e-10,1.45123593771326601e-15
-3.62083333333333313e+00,2.67603668925187645e-02,-9.53127040705934014e-01,2.67892631765586191e-02,2.28433057521154922e+02,0.00000000000000000e+00,0.00000000000000000e+00,0.00000000000000000e+00,0.00000000000000000e+00,0.00000000000000000e+00,0.00000000000000000e+00,0.00000000000000000e+00,8.42390731423628969e-01,0.00000000000000000e+00,0.00000000000000000e+00,0.00000000000000000e+00,0.00000000000000000e+00,0.00000000000000000e+00,0.00000000000000000e+00,0.00000000000000000e+00,5.21823713906076591e+04,2.67892631519755856e-02,-1.44494377986448863e+00,1.26850892159976468e+02,4.00930550469345619e-09,8.66270392729924559e-10,9.17645005240457589e-10,1.46955711357880780e-15
-3.61666666666666670e+00,2.68721010390571766e-02,-9.53094090507214609e-01,2.69386634604953414e-02,2.27009803213293509e+02,0.00000000000000000e+00,0.00000000000000000e+00,0.00000000000000000e+00,0.00000000000000000e+00,0.00000000000000000e+00,0.00000000000000000e+00,0.00000000000000000e+00,8.37142209792909209e-01,0.00000000000000000e+00,0.00000000000000000e+00,0.00000000000000000e+00,0.00000000000000000e+00,0.00000000000000000e+00,0.00000000000000000e+00,0.00000000000000000e+00,5.15341515620176651e+04,2.69386634358878482e-02,-1.44487673937656558e+00,1.26057689982332889e+02,4.00011685750598025e-09,8.66094970150013823e-10,9.13463772434665729e-10,1.48810930622154989e-15
-3.61249999999999982e+00,2.69843017158024855e-02,-9.53060932975049457e-01,2.70888741826367380e-02,2.25595416505270407e+02,0.00000000000000000e+00,0.00000000000000000e+00,0.00000000000000000e+00,0.00000000000000000e+00,0.00000000000000000e+00,0.00000000000000000e+00,0.00000000000000000e+00,8.31926389158565094e-01,0.00000000000000000e+00,0.00000000000000000e+00,0.00000000000000000e+00,0.00000000000000000e+00,0.00000000000000000e+00,0.00000000000000000e+00,0.00000000000000000e+00,5.08939840497034093e+04,2.70888741579517686e-02,-1.44480941897051851e+00,1.25269459437638417e+02,3.99555320511675120e-09,8.66000086568392731e-10,9.11258592824606766e-10,1.39098039341194816e-15
-3.60833333333333339e+00,2.70969708706859033e-02,-9.53027566807965409e-01,2.72398995135183751e-02,2.24189842146558874e+02,0.00000000000000000e+00,0.00000000000000000e+00,0.00000000000000000e+00,0.00000000000000000e+00,0.00000000000000000e+00,0.00000000000000000e+00,0.00000000000000000e+00,8.26743065774111940e-01,0.00000000000000000e+00,0.00000000000000000e+00,0.00000000000000000e+00,0.00000000000000000e+00,0.00000000000000000e+00,0.00000000000000000e+00,0.00000000000000000e+00,5.02617688257957925e+04,2.72398994887904054e-02,-1.44474181747758834e+00,1.24486169244993050e+02,3.98797243462682452e-09,8.65832337432294562e-10,9.07784908754028179e-10,1.52591842070669852e-15
-3.60416666666666652e+00,2.72101104597719939e-02,-9.52993990696300530e-01,2.73917436428678593e-02,2.22793025231896706e+02,0.00000000000000000e+00,0.00000000000000000e+00,0.00000000000000000e+00,0.00000000000000000e+00,0.00000000000000000e+00,0.00000000000000000e+00,0.00000000000000000e+00,8.21592037166301803e-01,0.00000000000000000e+00,0.00000000000000000e+00,0.00000000000000000e+00,0.00000000000000000e+00,0.00000000000000000e+00,0.00000000000000000e+00,0.00000000000000000e+00,4.96374071054560991e+04,2.73917436181154578e-02,-1.44467393372413677e+00,1.23707788321546573e+02,3.97880025902609520e-09,8.65623209027072112e-10,9.03644611399115783e-10,1.54518127406674753e-15
-3.60000000000000009e+00,2.73237224472925588e-02,-9.52960203322168575e-01,2.75444107796723979e-02,2.21404911198500599e+02,0.00000000000000000e+00,0.00000000000000000e+00,0.00000000000000000e+00,0.00000000000000000e+00,0.00000000000000000e+00,0.00000000000000000e+00,0.00000000000000000e+00,8.16473102124850691e-01,0.00000000000000000e+00,0.00000000000000000e+00,0.00000000000000000e+00,0.00000000000000000e+00,0.00000000000000000e+00,0.00000000000000000e+00,0.00000000000000000e+00,4.90208013311424293e+04,2.75444107548564361e-02,-1.44460576653162454e+00,1.22934285781232617e+02,3.97302115057566182e-09,8.65484367316017826e-10,9.00943643570976316e-10,1.56468700816765513e-15
-3.59583333333333321e+00,2.74378088056808113e-02,-9.52926203359444557e-01,2.76979051522519767e-02,2.20025445822529690e+02,0.00000000000000000e+00,0.00000000000000000e+00,0.00000000000000000e+00,0.00000000000000000e+00,0.00000000000000000e+00,0.00000000000000000e+00,0.00000000000000000e+00,8.11386060689397448e-01,0.00000000000000000e+00,0.00000000000000000e+00,0.00000000000000000e+00,0.00000000000000000e+00,0.00000000000000000e+00,0.00000000000000000e+00,0.00000000000000000e+00,4.84118551567424292e+04,2.76979051273806252e-02,-1.44453731471659141e+00,1.22165630933510286e+02,3.96652064631922026e-09,8.65315324200026728e-10,8.97950635317088750e-10,1.58443868295091783e-15
-3.59166666666666679e+00,2.75523715156055365e-02,-9.52891989473678924e-01,2.78522310083165539e-02,2.18654575218250301e+02,0.00000000000000000e+00,0.00000000000000000e+00,0.00000000000000000e+00,0.00000000000000000e+00,0.00000000000000000e+00,0.00000000000000000e+00,0.00000000000000000e+00,8.06330714146423877e-01,0.00000000000000000e+00,0.00000000000000000e+00,0.00000000000000000e+00,0.00000000000000000e+00,0.00000000000000000e+00,0.00000000000000000e+00,0.00000000000000000e+00,4.78104734330940555e+04,2.78522309834189005e-02,-1.44446857709063670e+00,1.21401793282114582e+02,3.95752614194244533e-09,8.65076600937453018e-10,8.93919535503235330e-10,1.60443939688719925e-15
-3.58749999999999991e+00,2.76674125660055781e-02,-9.52857560322036390e-01,2.80073926150288428e-02,2.17292245836282206e+02,0.00000000000000000e+00,0.00000000000000000e+00,0.00000000000000000e+00,0.00000000000000000e+00,0.00000000000000000e+00,0.00000000000000000e+00,0.00000000000000000e+00,8.01306865022787695e-01,0.00000000000000000e+00,0.00000000000000000e+00,0.00000000000000000e+00,0.00000000000000000e+00,0.00000000000000000e+00,0.00000000000000000e+00,0.00000000000000000e+00,4.72165621932672293e+04,2.80073925900889038e-02,-1.44439955246039675e+00,1.20642742523813752e+02,3.94992499584405506e-09,8.64867348768146725e-10,8.90477002550485775e-10,1.62469228746128740e-15
-3.58333333333333348e+00,2.77829339541242511e-02,-9.52822914553267730e-01,2.81633942590748115e-02,2.15938404460583797e+02,0.00000000000000000e+00,0.00000000000000000e+00,0.00000000000000000e+00,0.00000000000000000e+00,0.00000000000000000e+00,0.00000000000000000e+00,0.00000000000000000e+00,7.96314317074604650e-01,0.00000000000000000e+00,0.00000000000000000e+00,0.00000000000000000e+00,0.00000000000000000e+00,0.00000000000000000e+00,0.00000000000000000e+00,0.00000000000000000e+00,4.66300286374742573e+04,2.81633942340625103e-02,-1.44433023962752527e+00,1.19888448547176424e+02,3.94488137887280891e-09,8.64715547677102425e-10,8.88113877541882432e-10,1.64520053166310998e-15
-3.57916666666666661e+00,2.78989376855441409e-02,-9.52788050807670706e-01,2.83202402467321035e-02,2.14592998205890524e+02,0.00000000000000000e+00,0.00000000000000000e+00,0.00000000000000000e+00,0.00000000000000000e+00,0.00000000000000000e+00,0.00000000000000000e+00,0.00000000000000000e+00,7.91352875277802403e-01,0.00000000000000000e+00,0.00000000000000000e+00,0.00000000000000000e+00,0.00000000000000000e+00,0.00000000000000000e+00,0.00000000000000000e+00,0.00000000000000000e+00,4.60507811183665472e+04,2.83202402216892885e-02,-1.44426063738867350e+00,1.19138881431344998e+02,3.93626012862969112e-09,8.64453152327238449e-10,8.84272691469514355e-10,1.79411868082997110e-15
-3.57500000000000018e+00,2.80154257742218082e-02,-9.52752967716988031e-01,2.84779349039218158e-02,2.13255974517431810e+02,0.00000000000000000e+00,0.00000000000000000e+00,0.00000000000000000e+00,0.00000000000000000e+00,0.00000000000000000e+00,0.00000000000000000e+00,0.00000000000000000e+00,7.86422345827076930e-01,0.00000000000000000e+00,0.00000000000000000e+00,0.00000000000000000e+00,0.00000000000000000e+00,0.00000000000000000e+00,0.00000000000000000e+00,0.00000000000000000e+00,4.54787291274855379e+04,2.84779348788549713e-02,-1.44419074453546692e+00,1.18394011444818233e+02,3.92711093788679688e-09,8.64166066185855816e-10,8.80219880413375311e-10,1.68699598942502308e-15
-3.57083333333333330e+00,2.81324002425228543e-02,-9.52717663904373180e-01,2.86364825762779815e-02,2.11927281168136602e+02,0.00000000000000000e+00,0.00000000000000000e+00,0.00000000000000000e+00,0.00000000000000000e+00,0.00000000000000000e+00,0.00000000000000000e+00,0.00000000000000000e+00,7.81522536125587974e-01,0.00000000000000000e+00,0.00000000000000000e+00,0.00000000000000000e+00,0.00000000000000000e+00,0.00000000000000000e+00,0.00000000000000000e+00,0.00000000000000000e+00,4.49137832807929008e+04,2.86364825511282138e-02,-1.44412055985448617e+00,1.17653809044241086e+02,3.92296422626845290e-09,8.64026873692781869e-10,8.78242208699385542e-10,1.70828975899705589e-15
-3.56666666666666687e+00,2.82498631212569282e-02,-9.52682137984388722e-01,2.87958876292273708e-02,2.10606866254809660e+02,0.00000000000000000e+00,0.00000000000000000e+00,0.00000000000000000e+00,0.00000000000000000e+00,0.00000000000000000e+00,0.00000000000000000e+00,0.00000000000000000e+00,7.76653254770857449e-01,0.00000000000000000e+00,0.00000000000000000e+00,0.00000000000000000e+00,0.00000000000000000e+00,0.00000000000000000e+00,0.00000000000000000e+00,0.00000000000000000e+00,4.43558553039494291e+04,2.87958876040399492e-02,-1.44405008212724573e+00,1.16918244873203008e+02,3.91496254376249102e-09,8.63751201024322889e-10,8.74688147807609625e-10,1.86291753334263357e-15
-3.56250000000000000e+00,2.83678164497131007e-02,-9.52646388562872315e-01,2.89561544480305098e-02,2.09294678198861078e+02,0.00000000000000000e+00,0.00000000000000000e+00,0.00000000000000000e+00,0.00000000000000000e+00,0.00000000000000000e+00,0.00000000000000000e+00,0.00000000000000000e+00,7.71814311557460830e-01,0.00000000000000000e+00,0.00000000000000000e+00,0.00000000000000000e+00,0.00000000000000000e+00,0.00000000000000000e+00,0.00000000000000000e+00,0.00000000000000000e+00,4.38048580196963376e+04,2.89561544228198083e-02,-1.44397931013017211e+00,1.16187289761043047e+02,3.90576598933607627e-09,8.63428063420114032e-10,8.70650888711704475e-10,1.75168608027430507e-15
-3.55833333333333313e+00,2.84862622756951629e-02,-9.52610414236910064e-01,2.91172874378536894e-02,2.07990665743331277e+02,0.00000000000000000e+00,0.00000000000000000e+00,0.00000000000000000e+00,0.00000000000000000e+00,0.00000000000000000e+00,0.00000000000000000e+00,0.00000000000000000e+00,7.67005517466056386e-01,0.00000000000000000e+00,0.00000000000000000e+00,0.00000000000000000e+00,0.00000000000000000e+00,0.00000000000000000e+00,0.00000000000000000e+00,0.00000000000000000e+00,4.32607053338179830e+04,2.91172874125712362e-02,-1.44390824263458284e+00,1.15460914721663841e+02,3.90067030341090038e-09,8.63241640226058819e-10,8.68296996766230520e-10,1.77379543876390287e-15
-3.55416666666666670e+00,2.86052026555572193e-02,-9.52574213594825081e-01,2.92792910238479191e-02,2.06694777949430090e+02,0.00000000000000000e+00,0.00000000000000000e+00,0.00000000000000000e+00,0.00000000000000000e+00,0.00000000000000000e+00,0.00000000000000000e+00,0.00000000000000000e+00,7.62226684650621378e-01,0.00000000000000000e+00,0.00000000000000000e+00,0.00000000000000000e+00,0.00000000000000000e+00,0.00000000000000000e+00,0.00000000000000000e+00,0.00000000000000000e+00,4.27233122210830043e+04,2.92792909985170949e-02,-1.44383687840666575e+00,1.14739090952352555e+02,3.89358013603460979e-09,8.62968922860952644e-10,8.65144727889819297e-10,1.93435150302097803e-15
-3.54999999999999982e+00,2.87246396542394332e-02,-9.52537785216067578e-01,2.94421696511948834e-02,2.05406964196377118e+02,0.00000000000000000e+00,0.00000000000000000e+00,0.00000000000000000e+00,0.00000000000000000e+00,0.00000000000000000e+00,0.00000000000000000e+00,0.00000000000000000e+00,7.57477626437865093e-01,0.00000000000000000e+00,0.00000000000000000e+00,0.00000000000000000e+00,0.00000000000000000e+00,0.00000000000000000e+00,0.00000000000000000e+00,0.00000000000000000e+00,4.21925947127263062e+04,2.94421696258398702e-02,-1.44376521620745635e+00,1.14021789832609343e+02,3.88447508000195361e-09,8.62613350873035799e-10,8.61180189846306158e-10,1.95876572877733192e-15
-3.54583333333333339e+00,2.88445753453037863e-02,-9.52501127671164238e-01,2.96059277851723687e-02,2.04127174179249636e+02,0.00000000000000000e+00,0.00000000000000000e+00,0.00000000000000000e+00,0.00000000000000000e+00,0.00000000000000000e+00,0.00000000000000000e+00,0.00000000000000000e+00,7.52758157319292187e-01,0.00000000000000000e+00,0.00000000000000000e+00,0.00000000000000000e+00,0.00000000000000000e+00,0.00000000000000000e+00,0.00000000000000000e+00,0.00000000000000000e+00,4.16684698832491340e+04,2.96059277597634438e-02,-1.44369325479281763e+00,1.13308982922984455e+02,3.87787755285304840e-09,8.62349865230996952e-10,8.58237754622466759e-10,1.98348774820705309e-15
-3.54166666666666652e+00,2.89650118109701753e-02,-9.52464239521696787e-01,2.97705699112308063e-02,2.02855357905905606e+02,0.00000000000000000e+00,0.00000000000000000e+00,0.00000000000000000e+00,0.00000000000000000e+00,0.00000000000000000e+00,0.00000000000000000e+00,0.00000000000000000e+00,7.48068092939854989e-01,0.00000000000000000e+00,0.00000000000000000e+00,0.00000000000000000e+00,0.00000000000000000e+00,0.00000000000000000e+00,0.00000000000000000e+00,0.00000000000000000e+00,4.11508558370047394e+04,2.97705698857585500e-02,-1.44362099291341783e+00,1.12600641963921390e+02,3.87204514955289253e-09,8.62102371042585745e-10,8.55618698145934615e-10,2.15198725576565399e-15
-3.53750000000000009e+00,2.90859511421524622e-02,-9.52427119320232052e-01,2.99361005350519023e-02,2.01591465695478661e+02,0.00000000000000000e+00,0.00000000000000000e+00,0.00000000000000000e+00,0.00000000000000000e+00,0.00000000000000000e+00,0.00000000000000000e+00,0.00000000000000000e+00,7.43407250092404603e-01,0.00000000000000000e+00,0.00000000000000000e+00,0.00000000000000000e+00,0.00000000000000000e+00,0.00000000000000000e+00,0.00000000000000000e+00,0.00000000000000000e+00,4.06396716955908341e+04,2.99361005095523935e-02,-1.44354842931470850e+00,1.11896738874608786e+02,3.86320790088691183e-09,8.61722035058780866e-10,8.51797940295737045e-10,2.03387072652345402e-15
-3.53333333333333321e+00,2.92073954384948729e-02,-9.52389765610237027e-01,3.01025241826022062e-02,2.00335448177332495e+02,0.00000000000000000e+00,0.00000000000000000e+00,0.00000000000000000e+00,0.00000000000000000e+00,0.00000000000000000e+00,0.00000000000000000e+00,0.00000000000000000e+00,7.38775446713835215e-01,0.00000000000000000e+00,0.00000000000000000e+00,0.00000000000000000e+00,0.00000000000000000e+00,0.00000000000000000e+00,0.00000000000000000e+00,0.00000000000000000e+00,4.01348375855733393e+04,3.01025241570748309e-02,-1.44347556273690314e+00,1.11197245751838977e+02,3.85444595552743097e-09,8.61338193727949731e-10,8.48014446205217146e-10,2.05953958729043083e-15
-3.52916666666666679e+00,2.93293468084083603e-02,-9.52352176926039573e-01,3.02698454002027530e-02,1.99087256288573400e+02,0.00000000000000000e+00,0.00000000000000000e+00,0.00000000000000000e+00,0.00000000000000000e+00,0.00000000000000000e+00,0.00000000000000000e+00,0.00000000000000000e+00,7.34172501875911099e-01,0.00000000000000000e+00,0.00000000000000000e+00,0.00000000000000000e+00,0.00000000000000000e+00,0.00000000000000000e+00,0.00000000000000000e+00,0.00000000000000000e+00,3.96362746257746185e+04,3.02698453745920693e-02,-1.44340239191495501e+00,1.10502134868874791e+02,3.85028083724010536e-09,8.61143366539023176e-10,8.46079105978797424e-10,2.23449862149418871e-15
-3.52499999999999991e+00,2.94518073691072899e-02,-9.52314351792818647e-01,3.04380687546124303e-02,1.97846841270669586e+02,0.00000000000000000e+00,0.00000000000000000e+00,0.00000000000000000e+00,0.00000000000000000e+00,0.00000000000000000e+00,0.00000000000000000e+00,0.00000000000000000e+00,7.29598235772799253e-01,0.00000000000000000e+00,0.00000000000000000e+00,0.00000000000000000e+00,0.00000000000000000e+00,0.00000000000000000e+00,0.00000000000000000e+00,0.00000000000000000e+00,3.91439049143671728e+04,3.04380687289686619e-02,-1.44332891557853560e+00,1.09811378674322270e+02,3.84193393033816521e-09,8.60750768926539768e-10,8.42489994589548877e-10,2.26269876560761468e-15
-3.52083333333333348e+00,2.95747792466461192e-02,-9.52276288726463860e-01,3.06071988330574724e-02,1.96614154670088169e+02,0.00000000000000000e+00,0.00000000000000000e+00,0.00000000000000000e+00,0.00000000000000000e+00,0.00000000000000000e+00,0.00000000000000000e+00,0.00000000000000000e+00,7.25052469723419524e-01,0.00000000000000000e+00,0.00000000000000000e+00,0.00000000000000000e+00,0.00000000000000000e+00,0.00000000000000000e+00,0.00000000000000000e+00,0.00000000000000000e+00,3.86576515177172041e+04,3.06071988073911318e-02,-1.44325513245201220e+00,1.09124949791012469e+02,3.83274583834025187e-09,8.60311607909762089e-10,8.38572021640103147e-10,2.29125441270994498e-15
-3.51666666666666661e+00,2.96982645759563887e-02,-9.52237986233550604e-01,3.07772402433078192e-02,1.95389148335388143e+02,0.00000000000000000e+00,0.00000000000000000e+00,0.00000000000000000e+00,0.00000000000000000e+00,0.00000000000000000e+00,0.00000000000000000e+00,0.00000000000000000e+00,7.20535026160724179e-01,0.00000000000000000e+00,0.00000000000000000e+00,0.00000000000000000e+00,0.00000000000000000e+00,0.00000000000000000e+00,0.00000000000000000e+00,0.00000000000000000e+00,3.81774384579522302e+04,3.07772402175627569e-02,-1.44318104125442614e+00,1.08442821014888906e+02,3.82819056009173909e-09,8.60085609427371773e-10,8.36496779763351675e-10,2.32017004104108102e-15
-3.51250000000000018e+00,2.98222655008836962e-02,-9.52199442811331398e-01,3.09481976137629469e-02,1.94171774413850756e+02,0.00000000000000000e+00,0.00000000000000000e+00,0.00000000000000000e+00,0.00000000000000000e+00,0.00000000000000000e+00,0.00000000000000000e+00,0.00000000000000000e+00,7.16045728619271959e-01,0.00000000000000000e+00,0.00000000000000000e+00,0.00000000000000000e+00,0.00000000000000000e+00,0.00000000000000000e+00,0.00000000000000000e+00,0.00000000000000000e+00,3.77031907005088215e+04,3.09481975879757794e-02,-1.44310664069946970e+00,1.07764965313903190e+02,3.82059987006697377e-09,8.59696402179941270e-10,8.33236490328673896e-10,2.19282017287487377e-15
-3.50833333333333330e+00,2.99467841742250204e-02,-9.52160656947604211e-01,3.11200755934819238e-02,1.92961985351798091e+02,0.00000000000000000e+00,0.00000000000000000e+00,0.00000000000000000e+00,0.00000000000000000e+00,0.00000000000000000e+00,0.00000000000000000e+00,0.00000000000000000e+00,7.11584401736403138e-01,0.00000000000000000e+00,0.00000000000000000e+00,0.00000000000000000e+00,0.00000000000000000e+00,0.00000000000000000e+00,0.00000000000000000e+00,0.00000000000000000e+00,3.72348341432683374e+04,3.11200755676721182e-02,-1.44303192949546499e+00,1.07091355826917393e+02,3.81142875666859150e-09,8.59222503774881457e-10,8.29361921870661604e-10,2.37909943696973366e-15
-3.50416666666666687e+00,3.00718227577659869e-02,-9.52121627120670944e-01,3.12928788522542842e-02,1.91759733892172534e+02,0.00000000000000000e+00,0.00000000000000000e+00,0.00000000000000000e+00,0.00000000000000000e+00,0.00000000000000000e+00,0.00000000000000000e+00,0.00000000000000000e+00,7.07150871243313328e-01,0.00000000000000000e+00,0.00000000000000000e+00,0.00000000000000000e+00,0.00000000000000000e+00,0.00000000000000000e+00,0.00000000000000000e+00,0.00000000000000000e+00,3.67722956047515254e+04,3.12928788263804603e-02,-1.44295690634534024e+00,1.06421965862614030e+02,3.80566566014076407e-09,8.58917896541804276e-10,8.26827856276045712e-10,2.40912244580505734e-15
-3.50000000000000000e+00,3.01973834223185009e-02,-9.52082351799321769e-01,3.14666120806835481e-02,1.90564973071470746e+02,0.00000000000000000e+00,0.00000000000000000e+00,0.00000000000000000e+00,0.00000000000000000e+00,0.00000000000000000e+00,0.00000000000000000e+00,0.00000000000000000e+00,7.02744963953747526e-01,0.00000000000000000e+00,0.00000000000000000e+00,0.00000000000000000e+00,0.00000000000000000e+00,0.00000000000000000e+00,0.00000000000000000e+00,0.00000000000000000e+00,3.63155028122147269e+04,3.14666120547545322e-02,-1.44288156994660888e+00,1.05756768898412048e+02,3.79915134177486513e-09,8.58556417749415423e-10,8.24016765253127376e-10,2.43952391979085279e-15
-3.49583333333333313e+00,3.03234683477583526e-02,-9.52042829442734995e-01,3.16412799902305378e-02,1.89377656219033724e+02,0.00000000000000000e+00,0.00000000000000000e+00,0.00000000000000000e+00,0.00000000000000000e+00,0.00000000000000000e+00,0.00000000000000000e+00,0.00000000000000000e+00,6.98366507761381872e-01,0.00000000000000000e+00,0.00000000000000000e+00,0.00000000000000000e+00,0.00000000000000000e+00,0.00000000000000000e+00,0.00000000000000000e+00,0.00000000000000000e+00,3.58643843907936825e+04,3.16412799642768749e-02,-1.44280591899134492e+00,1.05095738579391053e+02,3.79015450219007397e-09,8.58054916857863398e-10,8.20246932465512017e-10,2.47030862626337568e-15
-3.49166666666666670e+00,3.04500797230630969e-02,-9.52003058500407007e-01,3.18168873132707100e-02,1.88197736955517570e+02,0.00000000000000000e+00,0.00000000000000000e+00,0.00000000000000000e+00,0.00000000000000000e+00,0.00000000000000000e+00,0.00000000000000000e+00,0.00000000000000000e+00,6.94015331634185273e-01,0.00000000000000000e+00,0.00000000000000000e+00,0.00000000000000000e+00,0.00000000000000000e+00,0.00000000000000000e+00,0.00000000000000000e+00,0.00000000000000000e+00,3.54188698524587235e+04,3.18168872872752820e-02,-1.44272995216616207e+00,1.04438848717221759e+02,3.78257595527698831e-09,8.57626508087184671e-10,8.17032407905744335e-10,2.50148139257930213e-15
-3.48749999999999982e+00,3.05772197463500955e-02,-9.51963037412119739e-01,3.19934388031709316e-02,1.87025169190275847e+02,0.00000000000000000e+00,0.00000000000000000e+00,0.00000000000000000e+00,0.00000000000000000e+00,0.00000000000000000e+00,0.00000000000000000e+00,0.00000000000000000e+00,6.89691265604765236e-01,0.00000000000000000e+00,0.00000000000000000e+00,0.00000000000000000e+00,0.00000000000000000e+00,0.00000000000000000e+00,0.00000000000000000e+00,0.00000000000000000e+00,3.49788895846931555e+04,3.19934387771025064e-02,-1.44265366815218998e+00,1.03786073289103214e+02,3.77751465351240487e-09,8.57325203882009482e-10,8.14805353618764290e-10,2.53304710687108828e-15
-3.48333333333333339e+00,3.07048906249145839e-02,-9.51922764607895266e-01,3.21709392343592637e-02,1.85859907119161903e+02,0.00000000000000000e+00,0.00000000000000000e+00,0.00000000000000000e+00,0.00000000000000000e+00,0.00000000000000000e+00,0.00000000000000000e+00,0.00000000000000000e+00,6.85394140762264570e-01,0.00000000000000000e+00,0.00000000000000000e+00,0.00000000000000000e+00,0.00000000000000000e+00,0.00000000000000000e+00,0.00000000000000000e+00,0.00000000000000000e+00,3.45443748394716822e+04,3.21709392082617160e-02,-1.44257706562505117e+00,1.03137386436707843e+02,3.76888957533176029e-09,8.56808023494038857e-10,8.11214977748301658e-10,2.56501071881178192e-15
-3.47916666666666652e+00,3.08330945752681058e-02,-9.51882238507877898e-01,3.23493934023578456e-02,1.84701905224264607e+02,0.00000000000000000e+00,0.00000000000000000e+00,0.00000000000000000e+00,0.00000000000000000e+00,0.00000000000000000e+00,0.00000000000000000e+00,0.00000000000000000e+00,6.81123789251387723e-01,0.00000000000000000e+00,0.00000000000000000e+00,0.00000000000000000e+00,0.00000000000000000e+00,0.00000000000000000e+00,0.00000000000000000e+00,0.00000000000000000e+00,3.41152577230895113e+04,3.23493933762379268e-02,-1.44250014325483900e+00,1.02492762465132074e+02,3.75974032977531263e-09,8.56254113263578885e-10,8.07431484854502312e-10,2.59737724038952070e-15
-3.47500000000000009e+00,3.09618338231768819e-02,-9.51841457522295542e-01,3.25288061238559606e-02,1.83551118271496478e+02,0.00000000000000000e+00,0.00000000000000000e+00,0.00000000000000000e+00,0.00000000000000000e+00,0.00000000000000000e+00,0.00000000000000000e+00,0.00000000000000000e+00,6.76880044263505343e-01,0.00000000000000000e+00,0.00000000000000000e+00,0.00000000000000000e+00,0.00000000000000000e+00,0.00000000000000000e+00,0.00000000000000000e+00,0.00000000000000000e+00,3.36914711853112094e+04,3.25288060976516719e-02,-1.44242289970609372e+00,1.01852175841854759e+02,3.75560110632901124e-09,8.55991652102164204e-10,8.05571795664137393e-10,2.80549519647116604e-15
-3.47083333333333321e+00,3.10911106037005565e-02,-9.51800420051456819e-01,3.27091822368052662e-02,1.82407501307277073e+02,0.00000000000000000e+00,0.00000000000000000e+00,0.00000000000000000e+00,0.00000000000000000e+00,0.00000000000000000e+00,0.00000000000000000e+00,0.00000000000000000e+00,6.72662740024424832e-01,0.00000000000000000e+00,0.00000000000000000e+00,0.00000000000000000e+00,0.00000000000000000e+00,0.00000000000000000e+00,0.00000000000000000e+00,0.00000000000000000e+00,3.32729490083261044e+04,3.27091822105642915e-02,-1.44234533363777961e+00,1.01215601195701694e+02,3.74759189211647707e-09,8.55478604600425873e-10,8.02251016306073901e-10,2.84089533514576072e-15
-3.46666666666666679e+00,3.12209271612309026e-02,-9.51759124485596963e-01,3.28905266004296815e-02,1.81271009659173302e+02,0.00000000000000000e+00,0.00000000000000000e+00,0.00000000000000000e+00,0.00000000000000000e+00,0.00000000000000000e+00,0.00000000000000000e+00,0.00000000000000000e+00,6.68471711796751578e-01,0.00000000000000000e+00,0.00000000000000000e+00,0.00000000000000000e+00,0.00000000000000000e+00,0.00000000000000000e+00,0.00000000000000000e+00,0.00000000000000000e+00,3.28596257972855747e+04,3.28905265741670436e-02,-1.44226744370326143e+00,1.00583013315817468e+02,3.73839462336480928e-09,8.54883146489648781e-10,7.98486392077438411e-10,2.87674168969599507e-15
-3.46249999999999991e+00,3.13512857495308883e-02,-9.51717569204846625e-01,3.30728440953040881e-02,1.80141598933314896e+02,0.00000000000000000e+00,0.00000000000000000e+00,0.00000000000000000e+00,0.00000000000000000e+00,0.00000000000000000e+00,0.00000000000000000e+00,0.00000000000000000e+00,6.64306795870358346e-01,0.00000000000000000e+00,0.00000000000000000e+00,0.00000000000000000e+00,0.00000000000000000e+00,0.00000000000000000e+00,0.00000000000000000e+00,0.00000000000000000e+00,3.24514369697703187e+04,3.30728440689687236e-02,-1.44218922855028131e+00,9.99543871506428871e+01,3.73331206961920340e-09,8.54546026361896409e-10,7.96283633479538042e-10,2.91303988059097803e-15
-3.45833333333333348e+00,3.14821886317736971e-02,-9.51675752579218992e-01,3.32561396234455145e-02,1.79019225011396031e+02,0.00000000000000000e+00,0.00000000000000000e+00,0.00000000000000000e+00,0.00000000000000000e+00,0.00000000000000000e+00,0.00000000000000000e+00,0.00000000000000000e+00,6.60167829551328134e-01,0.00000000000000000e+00,0.00000000000000000e+00,0.00000000000000000e+00,0.00000000000000000e+00,0.00000000000000000e+00,0.00000000000000000e+00,0.00000000000000000e+00,3.20483187452440143e+04,3.32561395970621954e-02,-1.44211068682093568e+00,9.93296978069005405e+01,3.72620996953841106e-09,8.54060204542895681e-10,7.93336793150855592e-10,2.94979559905820414e-15
-3.45416666666666661e+00,3.16136380805821307e-02,-9.51633672968482558e-01,3.34404181083360341e-02,1.77903844050546951e+02,0.00000000000000000e+00,0.00000000000000000e+00,0.00000000000000000e+00,0.00000000000000000e+00,0.00000000000000000e+00,0.00000000000000000e+00,0.00000000000000000e+00,6.56054651161480984e-01,0.00000000000000000e+00,0.00000000000000000e+00,0.00000000000000000e+00,0.00000000000000000e+00,0.00000000000000000e+00,0.00000000000000000e+00,0.00000000000000000e+00,3.16502081356666386e+04,3.34404180819300456e-02,-1.44203181715165063e+00,9.87089205485852688e+01,3.71710116308599013e-09,8.53433023229785359e-10,7.89642893883655809e-10,2.98701460797403160e-15
-3.45000000000000018e+00,3.17456363780679388e-02,-9.51591328722103280e-01,3.36256844949866240e-02,1.76795412481461454e+02,0.00000000000000000e+00,0.00000000000000000e+00,0.00000000000000000e+00,0.00000000000000000e+00,0.00000000000000000e+00,0.00000000000000000e+00,0.00000000000000000e+00,6.51967100031469959e-01,0.00000000000000000e+00,0.00000000000000000e+00,0.00000000000000000e+00,0.00000000000000000e+00,0.00000000000000000e+00,0.00000000000000000e+00,0.00000000000000000e+00,3.12570429355896194e+04,3.36256844685265191e-02,-1.44195261817315923e+00,9.80920307959624722e+01,3.71052298473560463e-09,8.52974207968286672e-10,7.86901600924069762e-10,3.02470274276529976e-15
-3.44583333333333330e+00,3.18781858158715820e-02,-9.51548718179219599e-01,3.38119437500226244e-02,1.75693887005728016e+02,0.00000000000000000e+00,0.00000000000000000e+00,0.00000000000000000e+00,0.00000000000000000e+00,0.00000000000000000e+00,0.00000000000000000e+00,0.00000000000000000e+00,6.47905016490937680e-01,0.00000000000000000e+00,0.00000000000000000e+00,0.00000000000000000e+00,0.00000000000000000e+00,0.00000000000000000e+00,0.00000000000000000e+00,0.00000000000000000e+00,3.08687617120919167e+04,3.38119437234988898e-02,-1.44187308851047691e+00,9.74790041245720431e+01,3.70467686554679003e-09,8.52548744321553711e-10,7.84448679272948803e-10,3.06286591232232245e-15
-3.44166666666666687e+00,3.20112886952018741e-02,-9.51505839668560949e-01,3.39992008617331781e-02,1.74599224594541369e+02,0.00000000000000000e+00,0.00000000000000000e+00,0.00000000000000000e+00,0.00000000000000000e+00,0.00000000000000000e+00,0.00000000000000000e+00,0.00000000000000000e+00,6.43868241863767010e-01,0.00000000000000000e+00,0.00000000000000000e+00,0.00000000000000000e+00,0.00000000000000000e+00,0.00000000000000000e+00,0.00000000000000000e+00,0.00000000000000000e+00,3.04853037953279782e+04,3.39992008351834504e-02,-1.44179322678287880e+00,9.68698162642395459e+01,3.69583591502624482e-09,8.51902720822331518e-10,7.80892698708362345e-10,3.10151009992332683e-15
-3.43750000000000000e+00,3.21449473268760680e-02,-9.51462691508350722e-01,3.41874608401111224e-02,1.73511382487785426e+02,0.00000000000000000e+00,0.00000000000000000e+00,0.00000000000000000e+00,0.00000000000000000e+00,0.00000000000000000e+00,0.00000000000000000e+00,0.00000000000000000e+00,6.39856618464698101e-01,0.00000000000000000e+00,0.00000000000000000e+00,0.00000000000000000e+00,0.00000000000000000e+00,0.00000000000000000e+00,0.00000000000000000e+00,0.00000000000000000e+00,3.01066092693147621e+04,3.41874608135343955e-02,-1.44171303160387421e+00,9.62644430980926131e+01,3.68710077924884677e-09,8.51257679120347929e-10,7.77382300348340404e-10,3.14064136417058715e-15
-3.43333333333333313e+00,3.22791640313598652e-02,-9.51419272006260752e-01,3.43767287169250632e-02,1.72430318191872658e+02,0.00000000000000000e+00,0.00000000000000000e+00,0.00000000000000000e+00,0.00000000000000000e+00,0.00000000000000000e+00,0.00000000000000000e+00,0.00000000000000000e+00,6.35869989591361984e-01,0.00000000000000000e+00,0.00000000000000000e+00,0.00000000000000000e+00,0.00000000000000000e+00,0.00000000000000000e+00,0.00000000000000000e+00,0.00000000000000000e+00,2.97326189623941136e+04,3.43767286902638691e-02,-1.44163250158118394e+00,9.56628606615850430e+01,3.68291583576105382e-09,8.50934474276055309e-10,7.75559371166614946e-10,3.18026583993825060e-15
-3.42916666666666670e+00,3.24139411388077378e-02,-9.51375579459399212e-01,3.45670095458155691e-02,1.71355989476837237e+02,0.00000000000000000e+00,0.00000000000000000e+00,0.00000000000000000e+00,0.00000000000000000e+00,0.00000000000000000e+00,0.00000000000000000e+00,0.00000000000000000e+00,6.31908199513560032e-01,0.00000000000000000e+00,0.00000000000000000e+00,0.00000000000000000e+00,0.00000000000000000e+00,0.00000000000000000e+00,0.00000000000000000e+00,0.00000000000000000e+00,2.93632744375585680e+04,3.45670095191222618e-02,-1.44155163531671526e+00,9.50650451415262410e+01,3.67456177481340493e-09,8.50288776255572064e-10,7.72219166717533990e-10,3.22038973933214513e-15
-3.42499999999999982e+00,3.25492809891034310e-02,-9.51331612154149409e-01,3.47583084022906746e-02,1.70288354376867545e+02,0.00000000000000000e+00,0.00000000000000000e+00,0.00000000000000000e+00,0.00000000000000000e+00,0.00000000000000000e+00,0.00000000000000000e+00,0.00000000000000000e+00,6.27971093475229281e-01,0.00000000000000000e+00,0.00000000000000000e+00,0.00000000000000000e+00,0.00000000000000000e+00,0.00000000000000000e+00,0.00000000000000000e+00,0.00000000000000000e+00,2.89985179840758647e+04,3.47583083755761066e-02,-1.44147043140653786e+00,9.44709728751169564e+01,3.66537470477110579e-09,8.49572759471406861e-10,7.68580788484717150e-10,3.26101935266165575e-15
-3.42083333333333339e+00,3.26851859319005067e-02,-9.51287368366140473e-01,3.49506303838093280e-02,1.69227371187796621e+02,0.00000000000000000e+00,0.00000000000000000e+00,0.00000000000000000e+00,0.00000000000000000e+00,0.00000000000000000e+00,0.00000000000000000e+00,0.00000000000000000e+00,6.24058517685187719e-01,0.00000000000000000e+00,0.00000000000000000e+00,0.00000000000000000e+00,0.00000000000000000e+00,0.00000000000000000e+00,0.00000000000000000e+00,0.00000000000000000e+00,2.86382926081657934e+04,3.49506303570147614e-02,-1.44138888844085966e+00,9.38806203489921529e+01,3.66083065185242080e-09,8.49208806824662367e-10,7.66640438006737654e-10,3.30216104942376847e-15
-3.41666666666666652e+00,3.28216583266632070e-02,-9.51242846360238259e-01,3.51439806098821847e-02,1.68172998464178647e+02,0.00000000000000000e+00,0.00000000000000000e+00,0.00000000000000000e+00,0.00000000000000000e+00,0.00000000000000000e+00,0.00000000000000000e+00,0.00000000000000000e+00,6.20170319306352802e-01,0.00000000000000000e+00,0.00000000000000000e+00,0.00000000000000000e+00,0.00000000000000000e+00,0.00000000000000000e+00,0.00000000000000000e+00,0.00000000000000000e+00,2.82825420236575810e+04,3.51439805830460195e-02,-1.44130700500400222e+00,9.32939641982687817e+01,3.65322904239321308e-09,8.48588453845158988e-10,7.63606307232410333e-10,3.55281010925580067e-15
-3.41250000000000009e+00,3.29587005427073518e-02,-9.51198044390391795e-01,3.53383642220686731e-02,1.67125195019574051e+02,0.00000000000000000e+00,0.00000000000000000e+00,0.00000000000000000e+00,0.00000000000000000e+00,0.00000000000000000e+00,0.00000000000000000e+00,0.00000000000000000e+00,6.16306346456794496e-01,0.00000000000000000e+00,0.00000000000000000e+00,0.00000000000000000e+00,0.00000000000000000e+00,0.00000000000000000e+00,0.00000000000000000e+00,0.00000000000000000e+00,2.79312106438433402e+04,3.53383641952111083e-02,-1.44122477967437557e+00,9.27109812056007598e+01,3.64405635947121016e-09,8.47836009719504761e-10,7.60011545381791210e-10,3.59763198398594976e-15
-3.40833333333333321e+00,3.30963149592415420e-02,-9.51152960699586769e-01,3.55337863840505946e-02,1.66083919924444785e+02,0.00000000000000000e+00,0.00000000000000000e+00,0.00000000000000000e+00,0.00000000000000000e+00,0.00000000000000000e+00,0.00000000000000000e+00,0.00000000000000000e+00,6.12466448201972935e-01,0.00000000000000000e+00,0.00000000000000000e+00,0.00000000000000000e+00,0.00000000000000000e+00,0.00000000000000000e+00,0.00000000000000000e+00,0.00000000000000000e+00,2.75842435726195617e+04,3.55337863571282275e-02,-1.44114221102445494e+00,9.21316483002393340e+01,3.63831017462337151e-09,8.47356634348425448e-10,7.57655456214414945e-10,3.64301876561020285e-15
-3.40416666666666679e+00,3.32345039654083907e-02,-9.51107593519826988e-01,3.57302522817269097e-02,1.65049132503497702e+02,0.00000000000000000e+00,0.00000000000000000e+00,0.00000000000000000e+00,0.00000000000000000e+00,0.00000000000000000e+00,0.00000000000000000e+00,0.00000000000000000e+00,6.08650474544942255e-01,0.00000000000000000e+00,0.00000000000000000e+00,0.00000000000000000e+00,0.00000000000000000e+00,0.00000000000000000e+00,0.00000000000000000e+00,0.00000000000000000e+00,2.72415865955573063e+04,3.57302522547492743e-02,-1.44105929762075480e+00,9.15559425571001952e+01,3.63178238437636436e-09,8.46795425247297950e-10,7.55036242426592138e-10,3.47197888845922476e-15
-3.39999999999999991e+00,3.33732699603260796e-02,-9.51061941072018358e-01,3.59277671232367882e-02,1.64020792335079790e+02,0.00000000000000000e+00,0.00000000000000000e+00,0.00000000000000000e+00,0.00000000000000000e+00,0.00000000000000000e+00,0.00000000000000000e+00,0.00000000000000000e+00,6.04858276424120822e-01,0.00000000000000000e+00,0.00000000000000000e+00,0.00000000000000000e+00,0.00000000000000000e+00,0.00000000000000000e+00,0.00000000000000000e+00,0.00000000000000000e+00,2.69031861717619286e+04,3.59277670962355675e-02,-1.44097603802380436e+00,9.09838411958355948e+01,3.62278236569157620e-09,8.46017491283502890e-10,7.51541854283192334e-10,3.73551559854391542e-15
-3.39583333333333348e+00,3.35126153531299306e-02,-9.51016001565888391e-01,3.61263361390077933e-02,1.62998859249845765e+02,0.00000000000000000e+00,0.00000000000000000e+00,0.00000000000000000e+00,0.00000000000000000e+00,0.00000000000000000e+00,0.00000000000000000e+00,0.00000000000000000e+00,6.01089705708378053e-01,0.00000000000000000e+00,0.00000000000000000e+00,0.00000000000000000e+00,0.00000000000000000e+00,0.00000000000000000e+00,0.00000000000000000e+00,0.00000000000000000e+00,2.65689894255853396e+04,3.61263361119647589e-02,-1.44089243078812190e+00,9.04153215799138366e+01,3.61522717924765482e-09,8.45358042676871358e-10,7.48568423728639575e-10,3.67138602735431890e-15
-3.39166666666666661e+00,3.36525425630143094e-02,-9.50969773199949353e-01,3.63259645818388086e-02,1.61983293328485473e+02,0.00000000000000000e+00,0.00000000000000000e+00,0.00000000000000000e+00,0.00000000000000000e+00,0.00000000000000000e+00,0.00000000000000000e+00,0.00000000000000000e+00,5.97344615188653894e-01,0.00000000000000000e+00,0.00000000000000000e+00,0.00000000000000000e+00,0.00000000000000000e+00,0.00000000000000000e+00,0.00000000000000000e+00,0.00000000000000000e+00,2.62389441381314609e+04,3.63259645547219442e-02,-1.44080847446219140e+00,8.98503612157031597e+01,3.61014617265449836e-09,8.44895872033577167e-10,7.46487110306811963e-10,3.83035860849307810e-15
-3.38750000000000018e+00,3.37930540192745432e-02,-9.50923254161444076e-01,3.65266577269694470e-02,1.60974054899837370e+02,0.00000000000000000e+00,0.00000000000000000e+00,0.00000000000000000e+00,0.00000000000000000e+00,0.00000000000000000e+00,0.00000000000000000e+00,0.00000000000000000e+00,5.93622858571001721e-01,0.00000000000000000e+00,0.00000000000000000e+00,0.00000000000000000e+00,0.00000000000000000e+00,0.00000000000000000e+00,0.00000000000000000e+00,0.00000000000000000e+00,2.59129987389940725e+04,3.65266576998240916e-02,-1.44072416758843524e+00,8.92889377515628411e+01,3.60151581438361423e-09,8.44109810444797634e-10,7.43165597876814075e-10,3.76459967766595280e-15
-3.38333333333333330e+00,3.39341521613492000e-02,-9.50876442626211626e-01,3.67284208720860747e-02,1.59971104540644774e+02,0.00000000000000000e+00,0.00000000000000000e+00,0.00000000000000000e+00,0.00000000000000000e+00,0.00000000000000000e+00,0.00000000000000000e+00,0.00000000000000000e+00,5.89924290475691504e-01,0.00000000000000000e+00,0.00000000000000000e+00,0.00000000000000000e+00,0.00000000000000000e+00,0.00000000000000000e+00,0.00000000000000000e+00,0.00000000000000000e+00,2.55911022986223943e+04,3.67284208449191463e-02,-1.44063950870319046e+00,8.87310289769393137e+01,3.59236938741694330e-09,8.43269041486251023e-10,7.39670473277015599e-10,3.92760726534645631e-15
-3.37916666666666687e+00,3.40758394388623112e-02,-9.50829336758641563e-01,3.69312593373976941e-02,1.58974403073472388e+02,0.00000000000000000e+00,0.00000000000000000e+00,0.00000000000000000e+00,0.00000000000000000e+00,0.00000000000000000e+00,0.00000000000000000e+00,0.00000000000000000e+00,5.86248766429525170e-01,0.00000000000000000e+00,0.00000000000000000e+00,0.00000000000000000e+00,0.00000000000000000e+00,0.00000000000000000e+00,0.00000000000000000e+00,0.00000000000000000e+00,2.52732045201830078e+04,3.69312593101446401e-02,-1.44055449633668253e+00,8.81766128214687797e+01,3.58823745621982127e-09,8.42873628585526886e-10,7.37940013129417280e-10,3.97715270664453266e-15
-3.37500000000000000e+00,3.42181183116660320e-02,-9.50781934711671273e-01,3.71351784657490483e-02,1.57983911563831555e+02,0.00000000000000000e+00,0.00000000000000000e+00,0.00000000000000000e+00,0.00000000000000000e+00,0.00000000000000000e+00,0.00000000000000000e+00,0.00000000000000000e+00,5.82596142855235977e-01,0.00000000000000000e+00,0.00000000000000000e+00,0.00000000000000000e+00,0.00000000000000000e+00,0.00000000000000000e+00,0.00000000000000000e+00,0.00000000000000000e+00,2.49592557312742210e+04,3.71351784384594957e-02,-1.44046912901300050e+00,8.76256673540847260e+01,3.58021999641711212e-09,8.42106170552756103e-10,7.34870645831765929e-10,4.02732254565821969e-15
-3.37083333333333313e+00,3.43609912498832465e-02,-9.50734234626607555e-01,3.73401836225878830e-02,1.56999591320740024e+02,0.00000000000000000e+00,0.00000000000000000e+00,0.00000000000000000e+00,0.00000000000000000e+00,0.00000000000000000e+00,0.00000000000000000e+00,0.00000000000000000e+00,5.78966277073554303e-01,0.00000000000000000e+00,0.00000000000000000e+00,0.00000000000000000e+00,0.00000000000000000e+00,0.00000000000000000e+00,0.00000000000000000e+00,0.00000000000000000e+00,2.46492068768293720e+04,3.73401835952773681e-02,-1.44038340525007014e+00,8.70781707821322328e+01,3.57102296752141134e-09,8.41220790418691757e-10,7.31397447228578291e-10,4.19806948866626507e-15
-3.36666666666666670e+00,3.45044607339504844e-02,-9.50686234633090987e-01,3.75462801960500803e-02,1.56021403894478880e+02,0.00000000000000000e+00,0.00000000000000000e+00,0.00000000000000000e+00,0.00000000000000000e+00,0.00000000000000000e+00,0.00000000000000000e+00,0.00000000000000000e+00,5.75359027294935377e-01,0.00000000000000000e+00,0.00000000000000000e+00,0.00000000000000000e+00,0.00000000000000000e+00,0.00000000000000000e+00,0.00000000000000000e+00,0.00000000000000000e+00,2.43430095112143972e+04,3.75462801686654232e-02,-1.44029732355962969e+00,8.65341014504872419e+01,3.56595252991971631e-09,8.40721317512559181e-10,7.29357393568102620e-10,4.25102482288510742e-15
-3.36249999999999982e+00,3.46485292546610257e-02,-9.50637932849081269e-01,3.77534735970651777e-02,1.55049311073992783e+02,0.00000000000000000e+00,0.00000000000000000e+00,0.00000000000000000e+00,0.00000000000000000e+00,0.00000000000000000e+00,0.00000000000000000e+00,0.00000000000000000e+00,5.71774252609971945e-01,0.00000000000000000e+00,0.00000000000000000e+00,0.00000000000000000e+00,0.00000000000000000e+00,0.00000000000000000e+00,0.00000000000000000e+00,0.00000000000000000e+00,2.40406157903157291e+04,3.77534735696322815e-02,-1.44021088244720330e+00,8.59934378406814659e+01,3.55883985790461201e-09,8.40007145920903461e-10,7.26632376801526514e-10,4.30464751153653371e-15
-3.35833333333333339e+00,3.47931993132080605e-02,-9.50589327380709670e-01,3.79617692593463840e-02,1.54083274886789070e+02,0.00000000000000000e+00,0.00000000000000000e+00,0.00000000000000000e+00,0.00000000000000000e+00,0.00000000000000000e+00,0.00000000000000000e+00,0.00000000000000000e+00,5.68211812989023568e-01,0.00000000000000000e+00,0.00000000000000000e+00,0.00000000000000000e+00,0.00000000000000000e+00,0.00000000000000000e+00,0.00000000000000000e+00,0.00000000000000000e+00,2.37419784645022228e+04,3.79617692318912625e-02,-1.44012408041207518e+00,8.54561585700338355e+01,3.54973033090187412e-09,8.39091420565498988e-10,7.23230820509940435e-10,4.35894595921512077e-15
-3.35416666666666652e+00,3.49384734212282097e-02,-9.50540416322212423e-01,3.81711726394509468e-02,1.53123257597307116e+02,0.00000000000000000e+00,0.00000000000000000e+00,0.00000000000000000e+00,0.00000000000000000e+00,0.00000000000000000e+00,0.00000000000000000e+00,0.00000000000000000e+00,5.64671569276203433e-01,0.00000000000000000e+00,0.00000000000000000e+00,0.00000000000000000e+00,0.00000000000000000e+00,0.00000000000000000e+00,0.00000000000000000e+00,0.00000000000000000e+00,2.34470508711924194e+04,3.81711726119408970e-02,-1.44003691594726302e+00,8.49222423907862520e+01,3.54317080716726909e-09,8.38423133987437244e-10,7.20702244948252589e-10,4.41392867631049889e-15
-3.35000000000000009e+00,3.50843541008450249e-02,-9.50491197755902628e-01,3.83816892168748064e-02,1.52169221704604809e+02,0.00000000000000000e+00,0.00000000000000000e+00,0.00000000000000000e+00,0.00000000000000000e+00,0.00000000000000000e+00,0.00000000000000000e+00,0.00000000000000000e+00,5.61153383180847287e-01,0.00000000000000000e+00,0.00000000000000000e+00,0.00000000000000000e+00,0.00000000000000000e+00,0.00000000000000000e+00,0.00000000000000000e+00,0.00000000000000000e+00,2.31557869273046272e+04,3.83816891893002110e-02,-1.43994938753949286e+00,8.43916681892459621e+01,3.53730851428850986e-09,8.37806902282275857e-10,7.18431001012698176e-10,4.46960428033845437e-15
-3.34583333333333321e+00,3.52308438847128841e-02,-9.50441669752075113e-01,3.85933244940879425e-02,1.51221129941254418e+02,0.00000000000000000e+00,0.00000000000000000e+00,0.00000000000000000e+00,0.00000000000000000e+00,0.00000000000000000e+00,0.00000000000000000e+00,0.00000000000000000e+00,5.57657117273441028e-01,0.00000000000000000e+00,0.00000000000000000e+00,0.00000000000000000e+00,0.00000000000000000e+00,0.00000000000000000e+00,0.00000000000000000e+00,0.00000000000000000e+00,2.28681411221702001e+04,3.85933244664875899e-02,-1.43986149366917227e+00,8.38644149849328500e+01,3.52846419149170348e-09,8.36877362727677117e-10,7.15158720855084646e-10,4.52598149728882939e-15
-3.34166666666666679e+00,3.53779453160608590e-02,-9.50391830368895074e-01,3.88060839965543164e-02,1.50278945272539573e+02,0.00000000000000000e+00,0.00000000000000000e+00,0.00000000000000000e+00,0.00000000000000000e+00,0.00000000000000000e+00,0.00000000000000000e+00,0.00000000000000000e+00,5.54182634982661404e-01,0.00000000000000000e+00,0.00000000000000000e+00,0.00000000000000000e+00,0.00000000000000000e+00,0.00000000000000000e+00,0.00000000000000000e+00,0.00000000000000000e+00,2.25840685106198616e+04,3.88060839689268119e-02,-1.43977323281036340e+00,8.33404619297327400e+01,3.51975541635014343e-09,8.35956453072310283e-10,7.11937449626884921e-10,4.58306916299032152e-15
-3.33749999999999991e+00,3.55256609487369646e-02,-9.50341677652345673e-01,3.90199732728054582e-02,1.49342630894577553e+02,0.00000000000000000e+00,0.00000000000000000e+00,0.00000000000000000e+00,0.00000000000000000e+00,0.00000000000000000e+00,0.00000000000000000e+00,0.00000000000000000e+00,5.50729800588451335e-01,0.00000000000000000e+00,0.00000000000000000e+00,0.00000000000000000e+00,0.00000000000000000e+00,0.00000000000000000e+00,0.00000000000000000e+00,0.00000000000000000e+00,2.23035247058272871e+04,3.90199732450919254e-02,-1.43968460343075777e+00,8.28197883070553473e+01,3.51555054029262864e-09,8.35492656290510546e-10,7.10239668371660117e-10,4.77347268804944847e-15
-3.33333333333333348e+00,3.56739933472523946e-02,-9.50291209636213274e-01,3.92349978945504690e-02,1.48412150231820164e+02,0.00000000000000000e+00,0.00000000000000000e+00,0.00000000000000000e+00,0.00000000000000000e+00,0.00000000000000000e+00,0.00000000000000000e+00,0.00000000000000000e+00,5.47298479212803279e-01,0.00000000000000000e+00,0.00000000000000000e+00,0.00000000000000000e+00,0.00000000000000000e+00,0.00000000000000000e+00,0.00000000000000000e+00,0.00000000000000000e+00,2.20264658720577063e+04,3.92349978668047189e-02,-1.43959560399164843e+00,8.23023735309986932e+01,3.50718944731911755e-09,8.34575751556578774e-10,7.07168386654498425e-10,4.83368064836423377e-15
-3.32916666666666661e+00,3.58229450868261523e-02,-9.50240424341902368e-01,3.94511634566256861e-02,1.47487466937499335e+02,0.00000000000000000e+00,0.00000000000000000e+00,0.00000000000000000e+00,0.00000000000000000e+00,0.00000000000000000e+00,0.00000000000000000e+00,0.00000000000000000e+00,5.43888536821404478e-01,0.00000000000000000e+00,0.00000000000000000e+00,0.00000000000000000e+00,0.00000000000000000e+00,0.00000000000000000e+00,0.00000000000000000e+00,0.00000000000000000e+00,2.17528487183804464e+04,3.94511634288587931e-02,-1.43950623294790425e+00,8.17881971455178558e+01,3.49800158678602485e-09,8.33564000618357934e-10,7.03829508137509511e-10,4.89464731297591195e-15
-3.32500000000000018e+00,3.59725187534296539e-02,-9.50189319778400932e-01,3.96684755770852771e-02,1.46568544891459055e+02,0.00000000000000000e+00,0.00000000000000000e+00,0.00000000000000000e+00,0.00000000000000000e+00,0.00000000000000000e+00,0.00000000000000000e+00,0.00000000000000000e+00,5.40499840215642013e-01,0.00000000000000000e+00,0.00000000000000000e+00,0.00000000000000000e+00,0.00000000000000000e+00,0.00000000000000000e+00,0.00000000000000000e+00,0.00000000000000000e+00,2.14826304916769186e+04,3.96684755492365745e-02,-1.43941648874794215e+00,8.12772388235998307e+01,3.49346756314976090e-09,8.33050335107542761e-10,7.02036116213929063e-10,4.95638223646860408e-15
-3.32083333333333330e+00,3.61227169438317272e-02,-9.50137893942270328e-01,3.98869398973190833e-02,1.45655348197620555e+02,0.00000000000000000e+00,0.00000000000000000e+00,0.00000000000000000e+00,0.00000000000000000e+00,0.00000000000000000e+00,0.00000000000000000e+00,0.00000000000000000e+00,5.37132257023253734e-01,0.00000000000000000e+00,0.00000000000000000e+00,0.00000000000000000e+00,0.00000000000000000e+00,0.00000000000000000e+00,0.00000000000000000e+00,0.00000000000000000e+00,2.12157689696316193e+04,3.98869398694281715e-02,-1.43932636983370088e+00,8.07694783664433658e+01,3.48585800602726764e-09,8.32179857423707944e-10,6.99249225276067084e-10,5.01889509369195469e-15
-3.31666666666666687e+00,3.62735422656435894e-02,-9.50086144817467892e-01,4.01065620820048735e-02,1.44747841184235682e+02,0.00000000000000000e+00,0.00000000000000000e+00,0.00000000000000000e+00,0.00000000000000000e+00,0.00000000000000000e+00,0.00000000000000000e+00,0.00000000000000000e+00,5.33785655699265615e-01,0.00000000000000000e+00,0.00000000000000000e+00,0.00000000000000000e+00,0.00000000000000000e+00,0.00000000000000000e+00,0.00000000000000000e+00,0.00000000000000000e+00,2.09522224546229481e+04,4.01065620540925205e-02,-1.43923587464061375e+00,8.02648957026442957e+01,3.47668474489808595e-09,8.31129464306232658e-10,6.95954765378489610e-10,5.22336778353185325e-15
-3.31250000000000000e+00,3.64249973373642344e-02,-9.50034070375293416e-01,4.03273478191832346e-02,1.43845988402058254e+02,0.00000000000000000e+00,0.00000000000000000e+00,0.00000000000000000e+00,0.00000000000000000e+00,0.00000000000000000e+00,0.00000000000000000e+00,0.00000000000000000e+00,5.30459905519247266e-01,0.00000000000000000e+00,0.00000000000000000e+00,0.00000000000000000e+00,0.00000000000000000e+00,0.00000000000000000e+00,0.00000000000000000e+00,0.00000000000000000e+00,2.06919497670764395e+04,4.03273477912046222e-02,-1.43914500159758152e+00,7.97634708873856226e+01,3.47095387551078970e-09,8.30463342132539690e-10,6.93787566374110210e-10,5.14629391915453944e-15
-3.30833333333333313e+00,3.65770847884257719e-02,-9.49981668574367499e-01,4.05493028203652225e-02,1.42949754622040757e+02,0.00000000000000000e+00,0.00000000000000000e+00,0.00000000000000000e+00,0.00000000000000000e+00,0.00000000000000000e+00,0.00000000000000000e+00,0.00000000000000000e+00,5.27154876570818387e-01,0.00000000000000000e+00,0.00000000000000000e+00,0.00000000000000000e+00,0.00000000000000000e+00,0.00000000000000000e+00,0.00000000000000000e+00,0.00000000000000000e+00,2.04349102387655548e+04,4.05493027923302871e-02,-1.43905374912694439e+00,7.92651841016335226e+01,3.46441322308912782e-09,8.29683348624983567e-10,6.91378977038857861e-10,5.35595540358231164e-15
-3.30416666666666670e+00,3.67298072592391472e-02,-9.49928937360498105e-01,4.07724328205262138e-02,1.42059104834820971e+02,0.00000000000000000e+00,0.00000000000000000e+00,0.00000000000000000e+00,0.00000000000000000e+00,0.00000000000000000e+00,0.00000000000000000e+00,0.00000000000000000e+00,5.23870439751756733e-01,0.00000000000000000e+00,0.00000000000000000e+00,0.00000000000000000e+00,0.00000000000000000e+00,0.00000000000000000e+00,0.00000000000000000e+00,0.00000000000000000e+00,2.01810637067083007e+04,4.07724327924673807e-02,-1.43896211564445653e+00,7.87700156513380279e+01,3.45540991270357735e-09,8.28611918017728320e-10,6.88181477363035446e-10,5.42350486398765222e-15
-3.29999999999999982e+00,3.68831674012400149e-02,-9.49875874666586406e-01,4.09967435781409956e-02,1.41174004249559061e+02,0.00000000000000000e+00,0.00000000000000000e+00,0.00000000000000000e+00,0.00000000000000000e+00,0.00000000000000000e+00,0.00000000000000000e+00,0.00000000000000000e+00,5.20606466765709652e-01,0.00000000000000000e+00,0.00000000000000000e+00,0.00000000000000000e+00,0.00000000000000000e+00,0.00000000000000000e+00,0.00000000000000000e+00,0.00000000000000000e+00,1.99303705069477583e+04,4.09967435500392940e-02,-1.43887009955925604e+00,7.82779459666387112e+01,3.44787861007315348e-09,8.27708741576836307e-10,6.85461797399678525e-10,5.49190549458470078e-15
-3.29583333333333339e+00,3.70371678769346527e-02,-9.49822478412586491e-01,4.12222408752720218e-02,1.40294418291966593e+02,0.00000000000000000e+00,0.00000000000000000e+00,0.00000000000000000e+00,0.00000000000000000e+00,0.00000000000000000e+00,0.00000000000000000e+00,0.00000000000000000e+00,5.17362830114926897e-01,0.00000000000000000e+00,0.00000000000000000e+00,0.00000000000000000e+00,0.00000000000000000e+00,0.00000000000000000e+00,0.00000000000000000e+00,0.00000000000000000e+00,1.96827914681792754e+04,4.12222408470949708e-02,-1.43877769927383925e+00,7.77889556010762533e+01,3.44278116378364631e-09,8.27074724846827942e-10,6.83540011198392845e-10,5.71146985217265282e-15
-3.29166666666666652e+00,3.71918113599463349e-02,-9.49768746505440298e-01,4.14489305176361095e-02,1.39420312602685470e+02,0.00000000000000000e+00,0.00000000000000000e+00,0.00000000000000000e+00,0.00000000000000000e+00,0.00000000000000000e+00,0.00000000000000000e+00,0.00000000000000000e+00,5.14139403094281411e-01,0.00000000000000000e+00,0.00000000000000000e+00,0.00000000000000000e+00,0.00000000000000000e+00,0.00000000000000000e+00,0.00000000000000000e+00,0.00000000000000000e+00,1.94382879055563535e+04,4.14489304894301025e-02,-1.43868491318403224e+00,7.73030252308081032e+01,3.43414443202610527e-09,8.26006651366130856e-10,6.80500235867363692e-10,5.78350066142919516e-15
-3.28750000000000009e+00,3.73471005350616073e-02,-9.49714676838924188e-01,4.16768183345737828e-02,1.38551653037065591e+02,0.00000000000000000e+00,0.00000000000000000e+00,0.00000000000000000e+00,0.00000000000000000e+00,0.00000000000000000e+00,0.00000000000000000e+00,0.00000000000000000e+00,5.10936059790452091e-01,0.00000000000000000e+00,0.00000000000000000e+00,0.00000000000000000e+00,0.00000000000000000e+00,0.00000000000000000e+00,0.00000000000000000e+00,0.00000000000000000e+00,1.91968216149605978e+04,4.16768183063458142e-02,-1.43859173967896314e+00,7.68201356538298796e+01,3.42499833488866665e-09,8.24869872977640521e-10,6.77306227318579964e-10,5.70232226962304234e-15
-3.28333333333333321e+00,3.75030380982770209e-02,-9.49660267293595539e-01,4.19059101791268845e-02,1.37688405663363483e+02,0.00000000000000000e+00,0.00000000000000000e+00,0.00000000000000000e+00,0.00000000000000000e+00,0.00000000000000000e+00,0.00000000000000000e+00,0.00000000000000000e+00,5.07752675075279991e-01,0.00000000000000000e+00,0.00000000000000000e+00,0.00000000000000000e+00,0.00000000000000000e+00,0.00000000000000000e+00,0.00000000000000000e+00,0.00000000000000000e+00,1.89583548668979929e+04,4.19059101508107712e-02,-1.43849817714103390e+00,7.63402677892014623e+01,3.42087475003696449e-09,8.24339911367250848e-10,6.75706916782631963e-10,5.93029656024875385e-15
-3.27916666666666679e+00,3.76596267568458237e-02,-9.49605515736790085e-01,4.21362119281719766e-02,1.36830536760251988e+02,0.00000000000000000e+00,0.00000000000000000e+00,0.00000000000000000e+00,0.00000000000000000e+00,0.00000000000000000e+00,0.00000000000000000e+00,0.00000000000000000e+00,5.04589124596585226e-01,0.00000000000000000e+00,0.00000000000000000e+00,0.00000000000000000e+00,0.00000000000000000e+00,0.00000000000000000e+00,0.00000000000000000e+00,0.00000000000000000e+00,1.87228504002833324e+04,4.21362118998186083e-02,-1.43840422394589229e+00,7.58634026762783549e+01,3.41284856200351215e-09,8.23308728498465720e-10,6.72897894375419239e-10,6.16311319554224434e-15
-3.27499999999999991e+00,3.78168692293250827e-02,-9.49550420022415409e-01,4.23677294823308764e-02,1.35978012817308439e+02,0.00000000000000000e+00,0.00000000000000000e+00,0.00000000000000000e+00,0.00000000000000000e+00,0.00000000000000000e+00,0.00000000000000000e+00,0.00000000000000000e+00,5.01445284779968525e-01,0.00000000000000000e+00,0.00000000000000000e+00,0.00000000000000000e+00,0.00000000000000000e+00,0.00000000000000000e+00,0.00000000000000000e+00,0.00000000000000000e+00,1.84902714171177249e+04,4.23677294539559907e-02,-1.43830987846240488e+00,7.53895214739473971e+01,3.40365148127254117e-09,8.22124965917275926e-10,6.69728733166535118e-10,6.24083653141607602e-15
-3.27083333333333348e+00,3.79747682456227503e-02,-9.49494977990910316e-01,4.26004687660618830e-02,1.35130800533068395e+02,0.00000000000000000e+00,0.00000000000000000e+00,0.00000000000000000e+00,0.00000000000000000e+00,0.00000000000000000e+00,0.00000000000000000e+00,0.00000000000000000e+00,4.98321032821634369e-01,0.00000000000000000e+00,0.00000000000000000e+00,0.00000000000000000e+00,0.00000000000000000e+00,0.00000000000000000e+00,0.00000000000000000e+00,0.00000000000000000e+00,1.82605815765596708e+04,4.26004687376110303e-02,-1.43821513905262632e+00,7.49186054598682034e+01,3.39859417328805918e-09,8.21461362182412684e-10,6.67853045468529723e-10,6.15749971593925923e-15
-3.26666666666666661e+00,3.81333265470451960e-02,-9.49439187469227508e-01,4.28344357277812768e-02,1.34288866812772000e+02,0.00000000000000000e+00,0.00000000000000000e+00,0.00000000000000000e+00,0.00000000000000000e+00,0.00000000000000000e+00,0.00000000000000000e+00,0.00000000000000000e+00,4.95216246680079908e-01,0.00000000000000000e+00,0.00000000000000000e+00,0.00000000000000000e+00,0.00000000000000000e+00,0.00000000000000000e+00,0.00000000000000000e+00,0.00000000000000000e+00,1.80337449889893905e+04,4.28344356992810121e-02,-1.43812000407177276e+00,7.44506360297186660e+01,3.39146787605382543e-09,8.20511077983052162e-10,6.65358704580028498e-10,6.39923347950206608e-15
-3.26250000000000018e+00,3.82925468863446472e-02,-9.49383046270663389e-01,4.30696363398091545e-02,1.33452178768284426e+02,0.00000000000000000e+00,0.00000000000000000e+00,0.00000000000000000e+00,0.00000000000000000e+00,0.00000000000000000e+00,0.00000000000000000e+00,0.00000000000000000e+00,4.92130805075802757e-01,0.00000000000000000e+00,0.00000000000000000e+00,0.00000000000000000e+00,0.00000000000000000e+00,0.00000000000000000e+00,0.00000000000000000e+00,0.00000000000000000e+00,1.78097262107314491e+04,4.30696363112859013e-02,-1.43802447186819315e+00,7.39855946964458724e+01,3.38235709588183603e-09,8.19297280476288979e-10,6.62258975154605568e-10,6.47993191045105964e-15
-3.25833333333333330e+00,3.84524320277671444e-02,-9.49326552194781348e-01,4.33060765984228865e-02,1.32620703716676985e+02,0.00000000000000000e+00,0.00000000000000000e+00,0.00000000000000000e+00,0.00000000000000000e+00,0.00000000000000000e+00,0.00000000000000000e+00,0.00000000000000000e+00,4.89064587486070124e-01,0.00000000000000000e+00,0.00000000000000000e+00,0.00000000000000000e+00,0.00000000000000000e+00,0.00000000000000000e+00,0.00000000000000000e+00,0.00000000000000000e+00,1.75884902384773522e+04,4.33060765698430605e-02,-1.43792854078333976e+00,7.35234630895215844e+01,3.37581724772756320e-09,8.18417261592751829e-10,6.59949556032845489e-10,6.56164711913091999e-15
-3.25416666666666687e+00,3.86129847471003776e-02,-9.49269703027379563e-01,4.35437625239617557e-02,1.31794409178220917e+02,0.00000000000000000e+00,0.00000000000000000e+00,0.00000000000000000e+00,0.00000000000000000e+00,0.00000000000000000e+00,0.00000000000000000e+00,0.00000000000000000e+00,4.86017474137518724e-01,0.00000000000000000e+00,0.00000000000000000e+00,0.00000000000000000e+00,0.00000000000000000e+00,0.00000000000000000e+00,0.00000000000000000e+00,0.00000000000000000e+00,1.73700025036214902e+04,4.35437624953158436e-02,-1.43783220915173970e+00,7.30642229542027621e+01,3.36993992917307493e-09,8.17603567439619919e-10,6.57864878681870804e-10,6.64439190881687778e-15
-3.25000000000000000e+00,3.87742078317220087e-02,-9.49212496540380202e-01,4.37827001608412716e-02,1.30973262875441748e+02,0.00000000000000000e+00,0.00000000000000000e+00,0.00000000000000000e+00,0.00000000000000000e+00,0.00000000000000000e+00,0.00000000000000000e+00,0.00000000000000000e+00,4.82989346002669906e-01,0.00000000000000000e+00,0.00000000000000000e+00,0.00000000000000000e+00,0.00000000000000000e+00,0.00000000000000000e+00,0.00000000000000000e+00,0.00000000000000000e+00,1.71542288669479167e+04,4.37827001321686241e-02,-1.43773547530096679e+00,7.26078561507961950e+01,3.36109150744716629e-09,8.16382948198192421e-10,6.54885320069105292e-10,6.90069666043657387e-15
-3.24583333333333313e+00,3.89361040806479597e-02,-9.49154930491701965e-01,4.40228955775461075e-02,1.30157232732415537e+02,0.00000000000000000e+00,0.00000000000000000e+00,0.00000000000000000e+00,0.00000000000000000e+00,0.00000000000000000e+00,0.00000000000000000e+00,0.00000000000000000e+00,4.79980084797334838e-01,0.00000000000000000e+00,0.00000000000000000e+00,0.00000000000000000e+00,0.00000000000000000e+00,0.00000000000000000e+00,0.00000000000000000e+00,0.00000000000000000e+00,1.69411356134419839e+04,4.40228955488448093e-02,-1.43763833755161130e+00,7.21543446539288311e+01,3.35241026605939570e-09,8.15179714831783045e-10,6.51962982549140412e-10,6.81302225204252655e-15
-3.24166666666666670e+00,3.90986763045810398e-02,-9.49097002625199249e-01,4.42643548667030276e-02,1.29346286873138268e+02,0.00000000000000000e+00,0.00000000000000000e+00,0.00000000000000000e+00,0.00000000000000000e+00,0.00000000000000000e+00,0.00000000000000000e+00,0.00000000000000000e+00,4.76989572974601705e-01,0.00000000000000000e+00,0.00000000000000000e+00,0.00000000000000000e+00,0.00000000000000000e+00,0.00000000000000000e+00,0.00000000000000000e+00,0.00000000000000000e+00,1.67306894469209074e+04,4.42643548379137441e-02,-1.43754079421725134e+00,7.17036705518219293e+01,3.34818444439048179e-09,8.14571550098532192e-10,6.50394285934939319e-10,7.07582997535784984e-15
-3.23749999999999982e+00,3.92619273259598167e-02,-9.49038710670644825e-01,4.45070841452061897e-02,1.28540393619376033e+02,0.00000000000000000e+00,0.00000000000000000e+00,0.00000000000000000e+00,0.00000000000000000e+00,0.00000000000000000e+00,0.00000000000000000e+00,0.00000000000000000e+00,4.74017693716906940e-01,0.00000000000000000e+00,0.00000000000000000e+00,0.00000000000000000e+00,0.00000000000000000e+00,0.00000000000000000e+00,0.00000000000000000e+00,0.00000000000000000e+00,1.65228574845980838e+04,4.45070841163833081e-02,-1.43744284360442398e+00,7.12558160455701284e+01,3.33981776271561917e-09,8.13376768035673956e-10,6.47602109949245963e-10,7.16505500084699505e-15
-3.23333333333333339e+00,3.94258599790074729e-02,-9.48980052343516234e-01,4.47510895541060605e-02,1.27739521491038445e+02,0.00000000000000000e+00,0.00000000000000000e+00,0.00000000000000000e+00,0.00000000000000000e+00,0.00000000000000000e+00,0.00000000000000000e+00,0.00000000000000000e+00,4.71064330937415732e-01,0.00000000000000000e+00,0.00000000000000000e+00,0.00000000000000000e+00,0.00000000000000000e+00,0.00000000000000000e+00,0.00000000000000000e+00,0.00000000000000000e+00,1.63176072523633538e+04,4.47510895252607871e-02,-1.43734448401259551e+00,7.08107634484255897e+01,3.33063126760265003e-09,8.12061387224306920e-10,6.44571421569611914e-10,7.25540418575214451e-15
-3.22916666666666652e+00,3.95904771097811692e-02,-9.48921025344956370e-01,4.49963772587072056e-02,1.26943639204304830e+02,0.00000000000000000e+00,0.00000000000000000e+00,0.00000000000000000e+00,0.00000000000000000e+00,0.00000000000000000e+00,0.00000000000000000e+00,0.00000000000000000e+00,4.68129369273111051e-01,0.00000000000000000e+00,0.00000000000000000e+00,0.00000000000000000e+00,0.00000000000000000e+00,0.00000000000000000e+00,0.00000000000000000e+00,0.00000000000000000e+00,1.61149066795390936e+04,4.49963772297778328e-02,-1.43724571373413124e+00,7.03684951850859761e+01,3.32610590498918964e-09,8.11397958104709622e-10,6.42926710265392315e-10,7.34689168499141744e-15
-3.22500000000000009e+00,3.97557815762213038e-02,-9.48861627361761384e-01,4.52429534487051033e-02,1.26152715669427394e+02,0.00000000000000000e+00,0.00000000000000000e+00,0.00000000000000000e+00,0.00000000000000000e+00,0.00000000000000000e+00,0.00000000000000000e+00,0.00000000000000000e+00,4.65212694076691691e-01,0.00000000000000000e+00,0.00000000000000000e+00,0.00000000000000000e+00,0.00000000000000000e+00,0.00000000000000000e+00,0.00000000000000000e+00,0.00000000000000000e+00,1.59147240936221224e+04,4.52429534197318628e-02,-1.43714653105426704e+00,6.99289937909876187e+01,3.31848614193072346e-09,8.10271867865482858e-10,6.40392332584239244e-10,7.43953183162940017e-15
-3.22083333333333321e+00,3.99217762482012642e-02,-9.48801856066175731e-01,4.54908243380793206e-02,1.25366719990955048e+02,0.00000000000000000e+00,0.00000000000000000e+00,0.00000000000000000e+00,0.00000000000000000e+00,0.00000000000000000e+00,0.00000000000000000e+00,0.00000000000000000e+00,4.62314191417400877e-01,0.00000000000000000e+00,0.00000000000000000e+00,0.00000000000000000e+00,0.00000000000000000e+00,0.00000000000000000e+00,0.00000000000000000e+00,0.00000000000000000e+00,1.57170282157021138e+04,4.54908243090831332e-02,-1.43704693425107921e+00,6.94922419116028180e+01,3.30931238120324450e-09,8.08916680357445971e-10,6.37407385687067806e-10,7.53333913911809336e-15
-3.21666666666666679e+00,4.00884640075771376e-02,-9.48741709115830778e-01,4.57399961651675027e-02,1.24585621466145909e+02,0.00000000000000000e+00,0.00000000000000000e+00,0.00000000000000000e+00,0.00000000000000000e+00,0.00000000000000000e+00,0.00000000000000000e+00,0.00000000000000000e+00,4.59433748075171677e-01,0.00000000000000000e+00,0.00000000000000000e+00,0.00000000000000000e+00,0.00000000000000000e+00,0.00000000000000000e+00,0.00000000000000000e+00,0.00000000000000000e+00,1.55217881554746655e+04,4.57399961361027174e-02,-1.43694692159545356e+00,6.90582223017422052e+01,3.30359692635186365e-09,8.08062023848526355e-10,6.35434800087258793e-10,7.81903651115504854e-15
-3.21249999999999991e+00,4.02558477482378510e-02,-9.48681184153719825e-01,4.59904751927875388e-02,1.23809389582969189e+02,0.00000000000000000e+00,0.00000000000000000e+00,0.00000000000000000e+00,0.00000000000000000e+00,0.00000000000000000e+00,0.00000000000000000e+00,0.00000000000000000e+00,4.56571251533258060e-01,0.00000000000000000e+00,0.00000000000000000e+00,0.00000000000000000e+00,0.00000000000000000e+00,0.00000000000000000e+00,0.00000000000000000e+00,0.00000000000000000e+00,1.53289734062151656e+04,4.59904751636645084e-02,-1.43684649135105724e+00,6.86269178248606266e+01,3.29704274734046799e-09,8.07059857053927075e-10,6.33240475827371302e-10,7.91762706118623122e-15
-3.20833333333333348e+00,4.04239303761553051e-02,-9.48620278808043560e-01,4.62422677081914743e-02,1.23037994019670194e+02,0.00000000000000000e+00,0.00000000000000000e+00,0.00000000000000000e+00,0.00000000000000000e+00,0.00000000000000000e+00,0.00000000000000000e+00,0.00000000000000000e+00,4.53726589976632733e-01,0.00000000000000000e+00,0.00000000000000000e+00,0.00000000000000000e+00,0.00000000000000000e+00,0.00000000000000000e+00,0.00000000000000000e+00,0.00000000000000000e+00,1.51385538402028487e+04,4.62422676790427353e-02,-1.43674564177430675e+00,6.81983114523686567e+01,3.28803686713791793e-09,8.05686869372995598e-10,6.30348389927472559e-10,8.01745971274113543e-15
-3.20416666666666661e+00,4.05927148094349169e-02,-9.48558990692102144e-01,4.64953800230817269e-02,1.22271404643755616e+02,0.00000000000000000e+00,0.00000000000000000e+00,0.00000000000000000e+00,0.00000000000000000e+00,0.00000000000000000e+00,0.00000000000000000e+00,0.00000000000000000e+00,4.50899652288246300e-01,0.00000000000000000e+00,0.00000000000000000e+00,0.00000000000000000e+00,0.00000000000000000e+00,0.00000000000000000e+00,0.00000000000000000e+00,0.00000000000000000e+00,1.49504997040534563e+04,4.64953799938878642e-02,-1.43664437111433907e+00,6.77723862629474212e+01,3.28052632527345734e-09,8.04536046934586396e-10,6.27887385993503704e-10,8.11855010524847317e-15
-3.20000000000000018e+00,4.07622039783662113e-02,-9.48497317404248363e-01,4.67498184737044284e-02,1.21509591510283414e+02,0.00000000000000000e+00,0.00000000000000000e+00,0.00000000000000000e+00,0.00000000000000000e+00,0.00000000000000000e+00,0.00000000000000000e+00,0.00000000000000000e+00,4.48090328042720309e-01,0.00000000000000000e+00,0.00000000000000000e+00,0.00000000000000000e+00,0.00000000000000000e+00,0.00000000000000000e+00,0.00000000000000000e+00,0.00000000000000000e+00,1.47647816139380247e+04,4.67498184444330098e-02,-1.43654267761298016e+00,6.73491254418686509e+01,3.27541120256969854e-09,8.03727705560622991e-10,6.26129033144652219e-10,8.42142417434824501e-15
-3.19583333333333330e+00,4.09324008254737595e-02,-9.48435256527812132e-01,4.70055894209091829e-02,1.20752524860470842e+02,0.00000000000000000e+00,0.00000000000000000e+00,0.00000000000000000e+00,0.00000000000000000e+00,0.00000000000000000e+00,0.00000000000000000e+00,0.00000000000000000e+00,4.45298507501214469e-01,0.00000000000000000e+00,0.00000000000000000e+00,0.00000000000000000e+00,0.00000000000000000e+00,0.00000000000000000e+00,0.00000000000000000e+00,0.00000000000000000e+00,1.45813705509394131e+04,4.70055893916067127e-02,-1.43644055950471561e+00,6.69285122803185999e+01,3.26677093707668615e-09,8.02368761148315028e-10,6.23382677502456476e-10,8.32456765742123335e-15
-3.19166666666666687e+00,4.11033083055681731e-02,-9.48372805630923854e-01,4.72626992500706430e-02,1.20000175121491054e+02,0.00000000000000000e+00,0.00000000000000000e+00,0.00000000000000000e+00,0.00000000000000000e+00,0.00000000000000000e+00,0.00000000000000000e+00,0.00000000000000000e+00,4.42524081610679354e-01,0.00000000000000000e+00,0.00000000000000000e+00,0.00000000000000000e+00,0.00000000000000000e+00,0.00000000000000000e+00,0.00000000000000000e+00,0.00000000000000000e+00,1.44002378567513260e+04,4.72626992207441712e-02,-1.43633801501665914e+00,6.65105301747267106e+01,3.25762624149549648e-09,8.00927104625939799e-10,6.20499300506787983e-10,8.42952708998814348e-15
-3.18750000000000000e+00,4.12749293857975486e-02,-9.48309962266453033e-01,4.75211543711652890e-02,1.19252512904916898e+02,0.00000000000000000e+00,0.00000000000000000e+00,0.00000000000000000e+00,0.00000000000000000e+00,0.00000000000000000e+00,0.00000000000000000e+00,0.00000000000000000e+00,4.39766941998117111e-01,0.00000000000000000e+00,0.00000000000000000e+00,0.00000000000000000e+00,0.00000000000000000e+00,0.00000000000000000e+00,0.00000000000000000e+00,0.00000000000000000e+00,1.42213552291006454e+04,4.75211543417479593e-02,-1.43623504236852151e+00,6.60951626260979026e+01,3.25350995014012424e-09,8.00257561599091677e-10,6.19036513123350684e-10,8.74399927324228954e-15
-3.18333333333333313e+00,4.14472670456988088e-02,-9.48246723972004713e-01,4.77809612189285735e-02,1.18509509004562332e+02,0.00000000000000000e+00,0.00000000000000000e+00,0.00000000000000000e+00,0.00000000000000000e+00,0.00000000000000000e+00,0.00000000000000000e+00,0.00000000000000000e+00,4.37026980962620604e-01,0.00000000000000000e+00,0.00000000000000000e+00,0.00000000000000000e+00,0.00000000000000000e+00,0.00000000000000000e+00,0.00000000000000000e+00,0.00000000000000000e+00,1.40446947170845306e+04,4.77809611894716019e-02,-1.43613163977258074e+00,6.56823932393501053e+01,3.24547635057322698e-09,7.98954282033196045e-10,6.16500188587164977e-10,8.64342947913227767e-15
-3.17916666666666670e+00,4.16203242772495291e-02,-9.48183088269681229e-01,4.80421262526907963e-02,1.17771134396909588e+02,0.00000000000000000e+00,0.00000000000000000e+00,0.00000000000000000e+00,0.00000000000000000e+00,0.00000000000000000e+00,0.00000000000000000e+00,0.00000000000000000e+00,4.34304091476951870e-01,0.00000000000000000e+00,0.00000000000000000e+00,0.00000000000000000e+00,0.00000000000000000e+00,0.00000000000000000e+00,0.00000000000000000e+00,0.00000000000000000e+00,1.38702287171788139e+04,4.80421262232099341e-02,-1.43602780543365016e+00,6.52722057226552010e+01,3.23627882053217578e-09,7.97460850911965712e-10,6.13646075090942238e-10,8.96587925811181783e-15
-3.17499999999999982e+00,4.17941040849199169e-02,-9.48119052666035134e-01,4.83046559564743391e-02,1.17037360239418845e+02,0.00000000000000000e+00,0.00000000000000000e+00,0.00000000000000000e+00,0.00000000000000000e+00,0.00000000000000000e+00,0.00000000000000000e+00,0.00000000000000000e+00,4.31598167181308945e-01,0.00000000000000000e+00,0.00000000000000000e+00,0.00000000000000000e+00,0.00000000000000000e+00,0.00000000000000000e+00,0.00000000000000000e+00,0.00000000000000000e+00,1.36979299687894145e+04,4.83046559269146858e-02,-1.43592353754904800e+00,6.48645838867844589e+01,3.23123462127258482e-09,7.96627898080503008e-10,6.11942115495020934e-10,9.07892003735528032e-15
-3.17083333333333339e+00,4.19686094857248532e-02,-9.48054614652050209e-01,4.85685568391324846e-02,1.16308157868576203e+02,0.00000000000000000e+00,0.00000000000000000e+00,0.00000000000000000e+00,0.00000000000000000e+00,0.00000000000000000e+00,0.00000000000000000e+00,0.00000000000000000e+00,4.28909102376125895e-01,0.00000000000000000e+00,0.00000000000000000e+00,0.00000000000000000e+00,0.00000000000000000e+00,0.00000000000000000e+00,0.00000000000000000e+00,0.00000000000000000e+00,1.35277715497997451e+04,4.85685568095207618e-02,-1.43581883430856516e+00,6.44595116444585017e+01,3.22409847891753771e-09,7.95432170972612159e-10,6.09689163961847172e-10,9.19338487669366091e-15
-3.16666666666666652e+00,4.21438435092764060e-02,-9.47989771702943629e-01,4.88338354342371661e-02,1.15583498799830025e+02,0.00000000000000000e+00,0.00000000000000000e+00,0.00000000000000000e+00,0.00000000000000000e+00,0.00000000000000000e+00,0.00000000000000000e+00,0.00000000000000000e+00,4.26236792021841560e-01,0.00000000000000000e+00,0.00000000000000000e+00,0.00000000000000000e+00,0.00000000000000000e+00,0.00000000000000000e+00,0.00000000000000000e+00,0.00000000000000000e+00,1.33597268726131824e+04,4.88338354045997486e-02,-1.43571369389443415e+00,6.40569730097008687e+01,3.21498409693570287e-09,7.93908532210298529e-10,6.06903334022474877e-10,9.30929170563456518e-15
-3.16250000000000009e+00,4.23198091978362959e-02,-9.47924521278078136e-01,4.91004983001211287e-02,1.14863354726357997e+02,0.00000000000000000e+00,0.00000000000000000e+00,0.00000000000000000e+00,0.00000000000000000e+00,0.00000000000000000e+00,0.00000000000000000e+00,0.00000000000000000e+00,4.23581131734353189e-01,0.00000000000000000e+00,0.00000000000000000e+00,0.00000000000000000e+00,0.00000000000000000e+00,0.00000000000000000e+00,0.00000000000000000e+00,0.00000000000000000e+00,1.31937696799683090e+04,4.91004982704240228e-02,-1.43560811448129821e+00,6.36569520971961325e+01,3.20846381017100606e-09,7.92810327142787777e-10,6.04822902650786383e-10,9.65110293358360305e-15
-3.15833333333333321e+00,4.24965096063688597e-02,-9.47858860820925297e-01,4.93685520199934474e-02,1.14147697517325497e+02,0.00000000000000000e+00,0.00000000000000000e+00,0.00000000000000000e+00,0.00000000000000000e+00,0.00000000000000000e+00,0.00000000000000000e+00,0.00000000000000000e+00,4.20942017778593192e-01,0.00000000000000000e+00,0.00000000000000000e+00,0.00000000000000000e+00,0.00000000000000000e+00,0.00000000000000000e+00,0.00000000000000000e+00,0.00000000000000000e+00,1.30298740406891684e+04,4.93685519902274661e-02,-1.43550209423617869e+00,6.32594331216519734e+01,3.20257107459725855e-09,7.91792478301090857e-10,6.02934057136213966e-10,9.77277809041460376e-15
-3.15416666666666679e+00,4.26739478025939048e-02,-9.47792787758936828e-01,4.96380032019237555e-02,1.13436499217077824e+02,0.00000000000000000e+00,0.00000000000000000e+00,0.00000000000000000e+00,0.00000000000000000e+00,0.00000000000000000e+00,0.00000000000000000e+00,0.00000000000000000e+00,4.18319347065551850e-01,0.00000000000000000e+00,0.00000000000000000e+00,0.00000000000000000e+00,0.00000000000000000e+00,0.00000000000000000e+00,0.00000000000000000e+00,0.00000000000000000e+00,1.28680143457022277e+04,4.96380031721279369e-02,-1.43539563131844350e+00,6.28644003971655323e+01,3.19371847638886266e-09,7.90268363637692631e-10,6.00262232283455408e-10,9.89598603679781245e-15
-3.14999999999999991e+00,4.28521268670401870e-02,-9.47726299503397374e-01,4.99088584787996184e-02,1.12729732044521867e+02,0.00000000000000000e+00,0.00000000000000000e+00,0.00000000000000000e+00,0.00000000000000000e+00,0.00000000000000000e+00,0.00000000000000000e+00,0.00000000000000000e+00,4.15713017149999087e-01,0.00000000000000000e+00,0.00000000000000000e+00,0.00000000000000000e+00,0.00000000000000000e+00,0.00000000000000000e+00,0.00000000000000000e+00,0.00000000000000000e+00,1.27081653041423288e+04,4.99088584489717074e-02,-1.43528872387977580e+00,6.24718383365932937e+01,3.18506456210569351e-09,7.88774942270612373e-10,5.97647630129574419e-10,1.01372663738628103e-14
-3.14583333333333348e+00,4.30310498930986593e-02,-9.47659393449356235e-01,5.01811245083962562e-02,1.12027368391710809e+02,0.00000000000000000e+00,0.00000000000000000e+00,0.00000000000000000e+00,0.00000000000000000e+00,0.00000000000000000e+00,0.00000000000000000e+00,0.00000000000000000e+00,4.13122926225265530e-01,0.00000000000000000e+00,0.00000000000000000e+00,0.00000000000000000e+00,0.00000000000000000e+00,0.00000000000000000e+00,0.00000000000000000e+00,0.00000000000000000e+00,1.25503019393242594e+04,5.01811244784775845e-02,-1.43518137006414070e+00,6.20817314509258296e+01,3.18081851625309496e-09,7.88018609972618921e-10,5.96213656383794064e-10,1.02650670089554029e-14
-3.14166666666666661e+00,4.32107199870764014e-02,-9.47592066975604053e-01,5.04548079735176597e-02,1.11329380821995159e+02,0.00000000000000000e+00,0.00000000000000000e+00,0.00000000000000000e+00,0.00000000000000000e+00,0.00000000000000000e+00,0.00000000000000000e+00,0.00000000000000000e+00,4.10548973116422578e-01,0.00000000000000000e+00,0.00000000000000000e+00,0.00000000000000000e+00,0.00000000000000000e+00,0.00000000000000000e+00,0.00000000000000000e+00,0.00000000000000000e+00,1.23943995846681501e+04,5.04548079435621771e-02,-1.43507356800775421e+00,6.16940643486656768e+01,3.17244332053948447e-09,7.86537584598925919e-10,5.93709177774124363e-10,1.03944775639539228e-14
-3.13750000000000018e+00,4.33911402682503541e-02,-9.47524317444429554e-01,5.07299155818077413e-02,1.10635742070334572e+02,0.00000000000000000e+00,0.00000000000000000e+00,0.00000000000000000e+00,0.00000000000000000e+00,0.00000000000000000e+00,0.00000000000000000e+00,0.00000000000000000e+00,4.07991057281437086e-01,0.00000000000000000e+00,0.00000000000000000e+00,0.00000000000000000e+00,0.00000000000000000e+00,0.00000000000000000e+00,0.00000000000000000e+00,0.00000000000000000e+00,1.22404338801564209e+04,5.07299155518265849e-02,-1.43496531583904963e+00,6.13088217352098610e+01,3.16325772523540381e-09,7.84911804262681299e-10,5.90995591461981376e-10,1.05255183075420161e-14
-3.13333333333333330e+00,4.35723138689216305e-02,-9.47456142201571927e-01,5.10064540658541135e-02,1.09946425041679220e+02,0.00000000000000000e+00,0.00000000000000000e+00,0.00000000000000000e+00,0.00000000000000000e+00,0.00000000000000000e+00,0.00000000000000000e+00,0.00000000000000000e+00,4.05449078805201701e-01,0.00000000000000000e+00,0.00000000000000000e+00,0.00000000000000000e+00,0.00000000000000000e+00,0.00000000000000000e+00,0.00000000000000000e+00,0.00000000000000000e+00,1.20883807684010917e+04,5.10064540357855895e-02,-1.43485661167864698e+00,6.09259884122360020e+01,3.15874429662004646e-09,7.84096056746651746e-10,5.89504301522635822e-10,1.07807179216560488e-14
-3.12916666666666687e+00,4.37542439344697567e-02,-9.47387538576208055e-01,5.12844301833464342e-02,1.09261402809064876e+02,0.00000000000000000e+00,0.00000000000000000e+00,0.00000000000000000e+00,0.00000000000000000e+00,0.00000000000000000e+00,0.00000000000000000e+00,0.00000000000000000e+00,4.02922938392508811e-01,0.00000000000000000e+00,0.00000000000000000e+00,0.00000000000000000e+00,0.00000000000000000e+00,0.00000000000000000e+00,0.00000000000000000e+00,0.00000000000000000e+00,1.19382164906990129e+04,5.12844301532307534e-02,-1.43474745363931810e+00,6.05455492770927037e+01,3.15111482419380514e-09,7.82710245646691700e-10,5.87228534908191365e-10,1.09166252736167751e-14
-3.12500000000000000e+00,4.39369336234074204e-02,-9.47318503880715035e-01,5.15638507168926369e-02,1.08580648613811704e+02,0.00000000000000000e+00,0.00000000000000000e+00,0.00000000000000000e+00,0.00000000000000000e+00,0.00000000000000000e+00,0.00000000000000000e+00,0.00000000000000000e+00,4.00412537368787902e-01,0.00000000000000000e+00,0.00000000000000000e+00,0.00000000000000000e+00,0.00000000000000000e+00,0.00000000000000000e+00,0.00000000000000000e+00,0.00000000000000000e+00,1.17899175835961323e+04,5.15638506867504981e-02,-1.43463783982595539e+00,6.01674893221932194e+01,3.14193999897715189e-09,7.81045391068998433e-10,5.84559500182632527e-10,1.11798610339703456e-14
-3.12083333333333313e+00,4.41203861074351764e-02,-9.47249035410600126e-01,5.18447224740898813e-02,1.07904135864144934e+02,0.00000000000000000e+00,0.00000000000000000e+00,0.00000000000000000e+00,0.00000000000000000e+00,0.00000000000000000e+00,0.00000000000000000e+00,0.00000000000000000e+00,3.97917777675019013e-01,0.00000000000000000e+00,0.00000000000000000e+00,0.00000000000000000e+00,0.00000000000000000e+00,0.00000000000000000e+00,0.00000000000000000e+00,0.00000000000000000e+00,1.16434608751456399e+04,5.18447224438758347e-02,-1.43452776833553886e+00,5.97917936344138354e+01,3.13624119928182803e-09,7.80003170665329545e-10,5.82779598736842993e-10,1.13207974792793181e-14
-3.11666666666666670e+00,4.43046045714965836e-02,-9.47179130444471995e-01,5.21270522876619360e-02,1.07231838133462816e+02,0.00000000000000000e+00,0.00000000000000000e+00,0.00000000000000000e+00,0.00000000000000000e+00,0.00000000000000000e+00,0.00000000000000000e+00,0.00000000000000000e+00,3.95438561861344628e-01,0.00000000000000000e+00,0.00000000000000000e+00,0.00000000000000000e+00,0.00000000000000000e+00,0.00000000000000000e+00,0.00000000000000000e+00,0.00000000000000000e+00,1.14988234811373768e+04,5.21270522573861680e-02,-1.43441723725710202e+00,5.94184473944954235e+01,3.12967302598429007e-09,7.78776811208299561e-10,5.80807214155300203e-10,1.14635092419050077e-14
-3.11249999999999982e+00,4.44895922138335217e-02,-9.47108786243861300e-01,5.24108470153605288e-02,1.06563729159966698e+02,0.00000000000000000e+00,0.00000000000000000e+00,0.00000000000000000e+00,0.00000000000000000e+00,0.00000000000000000e+00,0.00000000000000000e+00,0.00000000000000000e+00,3.92974793085708207e-01,0.00000000000000000e+00,0.00000000000000000e+00,0.00000000000000000e+00,0.00000000000000000e+00,0.00000000000000000e+00,0.00000000000000000e+00,0.00000000000000000e+00,1.13559828016667361e+04,5.24108469850550832e-02,-1.43430624467169987e+00,5.90474358764489864e+01,3.12066462247659629e-09,7.77095497852756949e-10,5.78228504141686519e-10,1.17384458481101776e-14
-3.10833333333333339e+00,4.46753522460416191e-02,-9.47038000053097240e-01,5.26961135399553263e-02,1.05899782845777224e+02,0.00000000000000000e+00,0.00000000000000000e+00,0.00000000000000000e+00,0.00000000000000000e+00,0.00000000000000000e+00,0.00000000000000000e+00,0.00000000000000000e+00,3.90526375110596624e-01,0.00000000000000000e+00,0.00000000000000000e+00,0.00000000000000000e+00,0.00000000000000000e+00,0.00000000000000000e+00,0.00000000000000000e+00,0.00000000000000000e+00,1.12149165176324295e+04,5.26961135096005936e-02,-1.43419478865237515e+00,5.86787444469654176e+01,3.11317821496172243e-09,7.75692031549083759e-10,5.76033612248015390e-10,1.17543484010283308e-14
-3.10416666666666652e+00,4.48618878931261317e-02,-9.46966769099253258e-01,5.29828587693317518e-02,1.05239973255449129e+02,0.00000000000000000e+00,0.00000000000000000e+00,0.00000000000000000e+00,0.00000000000000000e+00,0.00000000000000000e+00,0.00000000000000000e+00,0.00000000000000000e+00,3.88093212297562495e-01,0.00000000000000000e+00,0.00000000000000000e+00,0.00000000000000000e+00,0.00000000000000000e+00,0.00000000000000000e+00,0.00000000000000000e+00,0.00000000000000000e+00,1.10756025871490783e+04,5.29828587388959174e-02,-1.43408286726412415e+00,5.83123585648283580e+01,3.10804411457988053e-09,7.74701941836194115e-10,5.74446814172597801e-10,1.21699937348789230e-14
-3.10000000000000009e+00,4.50492023935578009e-02,-9.46895090592059452e-01,5.32710896365382949e-02,1.04584274614777385e+02,0.00000000000000000e+00,0.00000000000000000e+00,0.00000000000000000e+00,0.00000000000000000e+00,0.00000000000000000e+00,0.00000000000000000e+00,0.00000000000000000e+00,3.85675209602822422e-01,0.00000000000000000e+00,0.00000000000000000e+00,0.00000000000000000e+00,0.00000000000000000e+00,0.00000000000000000e+00,0.00000000000000000e+00,0.00000000000000000e+00,1.09380192420664716e+04,5.32710896060669958e-02,-1.43397047856386539e+00,5.79482637803314091e+01,3.09939850700416198e-09,7.73043269518699727e-10,5.72004427174098298e-10,1.23234047696301763e-14
-3.09583333333333321e+00,4.52372989993292327e-02,-9.46822961723699286e-01,5.35608130996470116e-02,1.03932661310610428e+02,0.00000000000000000e+00,0.00000000000000000e+00,0.00000000000000000e+00,0.00000000000000000e+00,0.00000000000000000e+00,0.00000000000000000e+00,0.00000000000000000e+00,3.83272272576571760e-01,0.00000000000000000e+00,0.00000000000000000e+00,0.00000000000000000e+00,0.00000000000000000e+00,0.00000000000000000e+00,0.00000000000000000e+00,0.00000000000000000e+00,1.08021449847409840e+04,5.35608130691471659e-02,-1.43385762060040234e+00,5.75864457346986711e+01,3.09025566082344521e-09,7.71286898136705541e-10,5.69443291781319619e-10,1.24787481904847556e-14
-3.09166666666666679e+00,4.54261809760111782e-02,-9.46750379668738540e-01,5.38520361418258972e-02,1.03285107889506932e+02,0.00000000000000000e+00,0.00000000000000000e+00,0.00000000000000000e+00,0.00000000000000000e+00,0.00000000000000000e+00,0.00000000000000000e+00,0.00000000000000000e+00,3.80884307358031027e-01,0.00000000000000000e+00,0.00000000000000000e+00,0.00000000000000000e+00,0.00000000000000000e+00,0.00000000000000000e+00,0.00000000000000000e+00,0.00000000000000000e+00,1.06679585846026785e+04,5.38520361112313703e-02,-1.43374429141439341e+00,5.72268901595093880e+01,3.08614593565687108e-09,7.70475181122142719e-10,5.68122008399179444e-10,1.26360483242372829e-14
-3.08749999999999991e+00,4.56158516028094055e-02,-9.46677341584121201e-01,5.41447657715237243e-02,1.02641589055863847e+02,0.00000000000000000e+00,0.00000000000000000e+00,0.00000000000000000e+00,0.00000000000000000e+00,0.00000000000000000e+00,0.00000000000000000e+00,0.00000000000000000e+00,3.78511220668540926e-01,0.00000000000000000e+00,0.00000000000000000e+00,0.00000000000000000e+00,0.00000000000000000e+00,0.00000000000000000e+00,0.00000000000000000e+00,0.00000000000000000e+00,1.05354390746570025e+04,5.41447657408849342e-02,-1.43363048903831425e+00,5.68695828761256763e+01,3.07810440970193575e-09,7.68891464641093602e-10,5.65867996598892864e-10,1.29359378235943932e-14
-3.08333333333333348e+00,4.58063141726214734e-02,-9.46603844608894351e-01,5.44390090222095363e-02,1.02002079672290407e+02,0.00000000000000000e+00,0.00000000000000000e+00,0.00000000000000000e+00,0.00000000000000000e+00,0.00000000000000000e+00,0.00000000000000000e+00,0.00000000000000000e+00,3.76152919812947295e-01,0.00000000000000000e+00,0.00000000000000000e+00,0.00000000000000000e+00,0.00000000000000000e+00,0.00000000000000000e+00,0.00000000000000000e+00,0.00000000000000000e+00,1.04045657484913627e+04,5.44390089915418873e-02,-1.43351621149642705e+00,5.65145097951246669e+01,3.06890656507054879e-09,7.67080642663808666e-10,5.63339589459133351e-10,1.30989979847930585e-14
-3.07916666666666661e+00,4.59975719920940329e-02,-9.46529885864154541e-01,5.47347729524749749e-02,1.01366554758140637e+02,0.00000000000000000e+00,0.00000000000000000e+00,0.00000000000000000e+00,0.00000000000000000e+00,0.00000000000000000e+00,0.00000000000000000e+00,0.00000000000000000e+00,3.73809312674188987e-01,0.00000000000000000e+00,0.00000000000000000e+00,0.00000000000000000e+00,0.00000000000000000e+00,0.00000000000000000e+00,0.00000000000000000e+00,0.00000000000000000e+00,1.02753181569373664e+04,5.47347729217243228e-02,-1.43340145680474373e+00,5.61616569157335519e+01,3.06387355922349105e-09,7.66075192649208952e-10,5.61811995981275512e-10,1.32641120159315380e-14
-3.07500000000000018e+00,4.61896283816801007e-02,-9.46455462453024920e-01,5.50320646461924176e-02,1.00734989487821508e+02,0.00000000000000000e+00,0.00000000000000000e+00,0.00000000000000000e+00,0.00000000000000000e+00,0.00000000000000000e+00,0.00000000000000000e+00,0.00000000000000000e+00,3.71480307707057256e-01,0.00000000000000000e+00,0.00000000000000000e+00,0.00000000000000000e+00,0.00000000000000000e+00,0.00000000000000000e+00,0.00000000000000000e+00,0.00000000000000000e+00,1.01476761047305245e+04,5.50320646153850818e-02,-1.43328622297099195e+00,5.58110103252687537e+01,3.05672589523205525e-09,7.64630610770544076e-10,5.59807015498091141e-10,1.35772982265381796e-14
-3.07083333333333330e+00,4.63824866756968740e-02,-9.46380571460427311e-01,5.53308912123269755e-02,1.00107359190743594e+02,0.00000000000000000e+00,0.00000000000000000e+00,0.00000000000000000e+00,0.00000000000000000e+00,0.00000000000000000e+00,0.00000000000000000e+00,0.00000000000000000e+00,3.69165813938018450e-01,0.00000000000000000e+00,0.00000000000000000e+00,0.00000000000000000e+00,0.00000000000000000e+00,0.00000000000000000e+00,0.00000000000000000e+00,0.00000000000000000e+00,1.00216196475427369e+04,5.53308911814886228e-02,-1.43317050799458179e+00,5.54625561985784330e+01,3.04761153206206157e-09,7.62790490532887143e-10,5.57344225735234590e-10,1.37484381030341722e-14
-3.06666666666666687e+00,4.65761502223834140e-02,-9.46305209952981508e-01,5.56312597849627916e-02,9.94836393502484384e+01,0.00000000000000000e+00,0.00000000000000000e+00,0.00000000000000000e+00,0.00000000000000000e+00,0.00000000000000000e+00,0.00000000000000000e+00,0.00000000000000000e+00,3.66865740961259068e-01,0.00000000000000000e+00,0.00000000000000000e+00,0.00000000000000000e+00,0.00000000000000000e+00,0.00000000000000000e+00,0.00000000000000000e+00,0.00000000000000000e+00,9.89712908884218996e+03,5.56312597540599002e-02,-1.43305430986657001e+00,5.51162807974888054e+01,3.04111047658956796e-09,7.61471416393117274e-10,5.55495084842695497e-10,1.39217335743782625e-14
-3.06250000000000000e+00,4.67706223839589805e-02,-9.46229374978962312e-01,5.59331775234288980e-02,9.88638056020978979e+01,0.00000000000000000e+00,0.00000000000000000e+00,0.00000000000000000e+00,0.00000000000000000e+00,0.00000000000000000e+00,0.00000000000000000e+00,0.00000000000000000e+00,3.64579998933114380e-01,0.00000000000000000e+00,0.00000000000000000e+00,0.00000000000000000e+00,0.00000000000000000e+00,0.00000000000000000e+00,0.00000000000000000e+00,0.00000000000000000e+00,9.77418497670502620e+03,5.59331774924526140e-02,-1.43293762656962453e+00,5.47721704702534922e+01,3.03520256634268761e-09,7.60244204982518540e-10,5.53808766576670408e-10,1.40972117760918914e-14
-3.05833333333333313e+00,4.69659065366812498e-02,-9.46153063568150432e-01,5.62366516122434074e-02,9.82478337337829402e+01,0.00000000000000000e+00,0.00000000000000000e+00,0.00000000000000000e+00,0.00000000000000000e+00,0.00000000000000000e+00,0.00000000000000000e+00,0.00000000000000000e+00,3.62308498569521242e-01,0.00000000000000000e+00,0.00000000000000000e+00,0.00000000000000000e+00,0.00000000000000000e+00,0.00000000000000000e+00,0.00000000000000000e+00,0.00000000000000000e+00,9.65276810082919292e+03,5.62366515812315823e-02,-1.43282045607799136e+00,5.44302116510070704e+01,3.02634646955613301e-09,7.58412956935790198e-10,5.51452196750897287e-10,1.42749001851060096e-14
-3.05416666666666670e+00,4.71620060709049757e-02,-9.46076272731664059e-01,5.65416892610238614e-02,9.76356996839819544e+01,0.00000000000000000e+00,0.00000000000000000e+00,0.00000000000000000e+00,0.00000000000000000e+00,0.00000000000000000e+00,0.00000000000000000e+00,0.00000000000000000e+00,3.60051151144023640e-01,0.00000000000000000e+00,0.00000000000000000e+00,0.00000000000000000e+00,0.00000000000000000e+00,0.00000000000000000e+00,0.00000000000000000e+00,0.00000000000000000e+00,9.53285948961215399e+03,5.65416892299740528e-02,-1.43270279635745701e+00,5.40903908592216496e+01,3.01771852414818692e-09,7.56625728862173575e-10,5.49148937367699785e-10,1.46102548673228209e-14
-3.04999999999999982e+00,4.73589243911409288e-02,-9.45998999461879375e-01,5.68482977045513260e-02,9.70273795413309159e+01,0.00000000000000000e+00,0.00000000000000000e+00,0.00000000000000000e+00,0.00000000000000000e+00,0.00000000000000000e+00,0.00000000000000000e+00,0.00000000000000000e+00,3.57807868483237312e-01,0.00000000000000000e+00,0.00000000000000000e+00,0.00000000000000000e+00,0.00000000000000000e+00,0.00000000000000000e+00,0.00000000000000000e+00,0.00000000000000000e+00,9.41444040712822971e+03,5.68482976734065865e-02,-1.43258464536531527e+00,5.37526946991668311e+01,3.01345320713791641e-09,7.55715410170284308e-10,5.47857030724839255e-10,1.47944065695464329e-14
-3.04583333333333339e+00,4.75566649161148491e-02,-9.45921240732402913e-01,5.71564842029265024e-02,9.64228495428343706e+01,0.00000000000000000e+00,0.00000000000000000e+00,0.00000000000000000e+00,0.00000000000000000e+00,0.00000000000000000e+00,0.00000000000000000e+00,0.00000000000000000e+00,3.55578562960988886e-01,0.00000000000000000e+00,0.00000000000000000e+00,0.00000000000000000e+00,0.00000000000000000e+00,0.00000000000000000e+00,0.00000000000000000e+00,0.00000000000000000e+00,9.29749235007451171e+03,5.71564841717389499e-02,-1.43246600105033117e+00,5.34171098593737597e+01,3.00507294974030701e-09,7.53939471840583363e-10,5.45652046175403677e-10,1.51402487151338911e-14
-3.04166666666666652e+00,4.77552310788269679e-02,-9.45842993497791773e-01,5.74662560412834422e-02,9.58220860741244849e+01,0.00000000000000000e+00,0.00000000000000000e+00,0.00000000000000000e+00,0.00000000000000000e+00,0.00000000000000000e+00,0.00000000000000000e+00,0.00000000000000000e+00,3.53363147499276997e-01,0.00000000000000000e+00,0.00000000000000000e+00,0.00000000000000000e+00,0.00000000000000000e+00,0.00000000000000000e+00,0.00000000000000000e+00,0.00000000000000000e+00,9.18199704511093114e+03,5.74662560100638112e-02,-1.43234686135270373e+00,5.30836231121017477e+01,2.99588662402684046e-09,7.51992664804396070e-10,5.43268923619312096e-10,1.53310771427999935e-14
-3.03750000000000009e+00,4.79546263266114534e-02,-9.45764254693499118e-01,5.77776205298968434e-02,9.52250656680638627e+01,0.00000000000000000e+00,0.00000000000000000e+00,0.00000000000000000e+00,0.00000000000000000e+00,0.00000000000000000e+00,0.00000000000000000e+00,0.00000000000000000e+00,3.51161535563119742e-01,0.00000000000000000e+00,0.00000000000000000e+00,0.00000000000000000e+00,0.00000000000000000e+00,0.00000000000000000e+00,0.00000000000000000e+00,0.00000000000000000e+00,9.06793644591113480e+03,5.77776204985849529e-02,-1.43222722420403326e+00,5.27522213128090058e+01,2.99138234717524396e-09,7.51019680911846352e-10,5.41938042968252892e-10,1.55243090349474849e-14
-3.03333333333333321e+00,4.81548541211963971e-02,-9.45685021235858181e-01,5.80905850043654873e-02,9.46317650030928377e+01,0.00000000000000000e+00,0.00000000000000000e+00,0.00000000000000000e+00,0.00000000000000000e+00,0.00000000000000000e+00,0.00000000000000000e+00,0.00000000000000000e+00,3.48973641154457337e-01,0.00000000000000000e+00,0.00000000000000000e+00,0.00000000000000000e+00,0.00000000000000000e+00,0.00000000000000000e+00,0.00000000000000000e+00,0.00000000000000000e+00,8.95529273020280743e+03,5.80905849730002921e-02,-1.43210708752728211e+00,5.24228913996263231e+01,2.98374384697804935e-09,7.49360742804969223e-10,5.39935949653691272e-10,1.58854480632723952e-14
-3.02916666666666679e+00,4.83559179387637803e-02,-9.45605290021809153e-01,5.84051568253289646e-02,9.40421609034067387e+01,0.00000000000000000e+00,0.00000000000000000e+00,0.00000000000000000e+00,0.00000000000000000e+00,0.00000000000000000e+00,0.00000000000000000e+00,0.00000000000000000e+00,3.46799378812812809e-01,0.00000000000000000e+00,0.00000000000000000e+00,0.00000000000000000e+00,0.00000000000000000e+00,0.00000000000000000e+00,0.00000000000000000e+00,0.00000000000000000e+00,8.84404829719138797e+03,5.84051567939302685e-02,-1.43198644923674179e+00,5.20956203928345047e+01,2.97456783980706456e-09,7.47370626044324072e-10,5.37601435672654865e-10,1.60856636066948847e-14
-3.02499999999999991e+00,4.85578212700099737e-02,-9.45525057928817914e-01,5.87213433785331931e-02,9.34562303377566366e+01,0.00000000000000000e+00,0.00000000000000000e+00,0.00000000000000000e+00,0.00000000000000000e+00,0.00000000000000000e+00,0.00000000000000000e+00,0.00000000000000000e+00,3.44638663610869311e-01,0.00000000000000000e+00,0.00000000000000000e+00,0.00000000000000000e+00,0.00000000000000000e+00,0.00000000000000000e+00,0.00000000000000000e+00,0.00000000000000000e+00,8.73418576475227928e+03,5.87213433470568161e-02,-1.43186530723799388e+00,5.17703953943445541e+01,2.96888432826899868e-09,7.46127556128676420e-10,5.36029580834432659e-10,1.62884007914640328e-14
-3.02083333333333348e+00,4.87605676202061689e-02,-9.45444321814843835e-01,5.90391520749833920e-02,9.28739504179484783e+01,0.00000000000000000e+00,0.00000000000000000e+00,0.00000000000000000e+00,0.00000000000000000e+00,0.00000000000000000e+00,0.00000000000000000e+00,0.00000000000000000e+00,3.42491411148933667e-01,0.00000000000000000e+00,0.00000000000000000e+00,0.00000000000000000e+00,0.00000000000000000e+00,0.00000000000000000e+00,0.00000000000000000e+00,0.00000000000000000e+00,8.62568796660226144e+03,5.90391520434392497e-02,-1.43174365942787629e+00,5.14472035871819031e+01,2.96230273086661599e-09,7.44663311777508619e-10,5.34291926737260352e-10,1.66655006438633475e-14
-3.01666666666666661e+00,4.89641605092594190e-02,-9.45363078518130839e-01,5.93585903507773821e-02,9.22952983985287574e+01,0.00000000000000000e+00,0.00000000000000000e+00,0.00000000000000000e+00,0.00000000000000000e+00,0.00000000000000000e+00,0.00000000000000000e+00,0.00000000000000000e+00,3.40357537553781897e-01,0.00000000000000000e+00,0.00000000000000000e+00,0.00000000000000000e+00,0.00000000000000000e+00,0.00000000000000000e+00,0.00000000000000000e+00,0.00000000000000000e+00,8.51853794972683500e+03,5.93585903191962833e-02,-1.43162150369444419e+00,5.11260322349732874e+01,2.95329044566567986e-09,7.42664679215378720e-10,5.32039232692866981e-10,1.68755421104746380e-14
-3.01250000000000018e+00,4.91686034717735629e-02,-9.45281324857067062e-01,5.96796656670611630e-02,9.17202516760140014e+01,0.00000000000000000e+00,0.00000000000000000e+00,0.00000000000000000e+00,0.00000000000000000e+00,0.00000000000000000e+00,0.00000000000000000e+00,0.00000000000000000e+00,3.38236959475819610e-01,0.00000000000000000e+00,0.00000000000000000e+00,0.00000000000000000e+00,0.00000000000000000e+00,0.00000000000000000e+00,0.00000000000000000e+00,0.00000000000000000e+00,8.41271897175210506e+03,5.96796656354239494e-02,-1.43149883791693577e+00,5.08068686814373294e+01,2.94582710419683056e-09,7.41004305442699177e-10,5.30117140324216030e-10,1.72643962252584468e-14
-3.00833333333333330e+00,4.93739000571107658e-02,-9.45199057630121131e-01,6.00023855101290277e-02,9.11487877876018473e+01,0.00000000000000000e+00,0.00000000000000000e+00,0.00000000000000000e+00,0.00000000000000000e+00,0.00000000000000000e+00,0.00000000000000000e+00,0.00000000000000000e+00,3.36129594084328243e-01,0.00000000000000000e+00,0.00000000000000000e+00,0.00000000000000000e+00,0.00000000000000000e+00,0.00000000000000000e+00,0.00000000000000000e+00,0.00000000000000000e+00,8.30821449825329546e+03,6.00023854784052998e-02,-1.43137565996573368e+00,5.04897003498781487e+01,2.94067711655639977e-09,7.39829106625527014e-10,5.28707776506111270e-10,1.74819819313265325e-14
-3.00416666666666687e+00,4.95800538294529705e-02,-9.45116273615741131e-01,6.03267573914521918e-02,9.05808844101462967e+01,0.00000000000000000e+00,0.00000000000000000e+00,0.00000000000000000e+00,0.00000000000000000e+00,0.00000000000000000e+00,0.00000000000000000e+00,0.00000000000000000e+00,3.34035359063687087e-01,0.00000000000000000e+00,0.00000000000000000e+00,0.00000000000000000e+00,0.00000000000000000e+00,0.00000000000000000e+00,0.00000000000000000e+00,0.00000000000000000e+00,8.20500820014539022e+03,6.03267573596855816e-02,-1.43125196770232810e+00,5.01745147426824474e+01,2.93202598703474195e-09,7.37866060360679370e-10,5.26575794324144883e-10,1.77023079537364230e-14
-3.00000000000000000e+00,4.97870683678639445e-02,-9.45032969572120130e-01,6.06527888474614474e-02,9.00165193599877256e+01,0.00000000000000000e+00,0.00000000000000000e+00,0.00000000000000000e+00,0.00000000000000000e+00,0.00000000000000000e+00,0.00000000000000000e+00,0.00000000000000000e+00,3.31954172612751230e-01,0.00000000000000000e+00,0.00000000000000000e+00,0.00000000000000000e+00,0.00000000000000000e+00,0.00000000000000000e+00,0.00000000000000000e+00,0.00000000000000000e+00,8.10308395125975949e+03,6.06527888156584219e-02,-1.43112775897928168e+00,4.98612994408193302e+01,2.92288411131542237e-09,7.35790386880077575e-10,5.24345642004076613e-10,1.79254087851355434e-14
-2.99583333333333313e+00,4.99949472663512653e-02,-9.44949142237114792e-01,6.09804874396115346e-02,8.94556705917924120e+01,0.00000000000000000e+00,0.00000000000000000e+00,0.00000000000000000e+00,0.00000000000000000e+00,0.00000000000000000e+00,0.00000000000000000e+00,0.00000000000000000e+00,3.29885953440572532e-01,0.00000000000000000e+00,0.00000000000000000e+00,0.00000000000000000e+00,0.00000000000000000e+00,0.00000000000000000e+00,0.00000000000000000e+00,0.00000000000000000e+00,8.00242582576955101e+03,6.09804874077085682e-02,-1.43100303164018916e+00,4.95500421033439693e+01,2.91878245995807096e-09,7.34836075831763615e-10,5.23166798692219156e-10,1.81513193520796781e-14
-2.99166666666666670e+00,5.02036941339287987e-02,-9.44864788328240057e-01,6.13098607545964000e-02,8.88983161969303382e+01,0.00000000000000000e+00,0.00000000000000000e+00,0.00000000000000000e+00,0.00000000000000000e+00,0.00000000000000000e+00,0.00000000000000000e+00,0.00000000000000000e+00,3.27830620760414582e-01,0.00000000000000000e+00,0.00000000000000000e+00,0.00000000000000000e+00,0.00000000000000000e+00,0.00000000000000000e+00,0.00000000000000000e+00,0.00000000000000000e+00,7.90301809556531498e+03,6.13098607226415238e-02,-1.43087778351964268e+00,4.92407304669039263e+01,2.91073279901933644e-09,7.32966839687348258e-10,5.21202884306608354e-10,1.85676268064099695e-14
-2.98749999999999982e+00,5.04133125946793770e-02,-9.44779904542351612e-01,6.16409164039678700e-02,8.83444344038013725e+01,0.00000000000000000e+00,0.00000000000000000e+00,0.00000000000000000e+00,0.00000000000000000e+00,0.00000000000000000e+00,0.00000000000000000e+00,0.00000000000000000e+00,3.25788094290963892e-01,0.00000000000000000e+00,0.00000000000000000e+00,0.00000000000000000e+00,0.00000000000000000e+00,0.00000000000000000e+00,0.00000000000000000e+00,0.00000000000000000e+00,7.80484522800994546e+03,6.16409163719758499e-02,-1.43075201244319228e+00,4.89333523452487071e+01,2.90153546688061027e-09,7.30834325976805572e-10,5.19006238503772909e-10,1.88016270256599412e-14
-2.98333333333333339e+00,5.06238062878176243e-02,-9.44694487555584383e-01,6.19736620242408373e-02,8.77940035765623747e+01,0.00000000000000000e+00,0.00000000000000000e+00,0.00000000000000000e+00,0.00000000000000000e+00,0.00000000000000000e+00,0.00000000000000000e+00,0.00000000000000000e+00,3.23758294251634993e-01,0.00000000000000000e+00,0.00000000000000000e+00,0.00000000000000000e+00,0.00000000000000000e+00,0.00000000000000000e+00,0.00000000000000000e+00,0.00000000000000000e+00,7.70789188343454407e+03,6.19736619921596871e-02,-1.43062571622730950e+00,4.86278956287428343e+01,2.89651589401466272e-09,7.29655532953079023e-10,5.17657811481256429e-10,1.90385741855286004e-14
-2.97916666666666652e+00,5.08351788677532598e-02,-9.44608534023326896e-01,6.23081052770727561e-02,8.72470022136599681e+01,0.00000000000000000e+00,0.00000000000000000e+00,0.00000000000000000e+00,0.00000000000000000e+00,0.00000000000000000e+00,0.00000000000000000e+00,0.00000000000000000e+00,3.21741141357157867e-01,0.00000000000000000e+00,0.00000000000000000e+00,0.00000000000000000e+00,0.00000000000000000e+00,0.00000000000000000e+00,0.00000000000000000e+00,0.00000000000000000e+00,7.61214291263242922e+03,6.23081052449274073e-02,-1.43049889267934804e+00,4.83243482838813847e+01,2.88935570662160553e-09,7.27954979573384400e-10,5.15909587627148313e-10,1.92785053780971715e-14
-2.97500000000000009e+00,5.10474340041543947e-02,-9.44522040579956479e-01,6.26442538489785788e-02,8.67034089477935623e+01,0.00000000000000000e+00,0.00000000000000000e+00,0.00000000000000000e+00,0.00000000000000000e+00,0.00000000000000000e+00,0.00000000000000000e+00,0.00000000000000000e+00,3.19736556817447892e-01,0.00000000000000000e+00,0.00000000000000000e+00,0.00000000000000000e+00,0.00000000000000000e+00,0.00000000000000000e+00,0.00000000000000000e+00,0.00000000000000000e+00,7.51758335463409458e+03,6.26442538167933938e-02,-1.43037153959750740e+00,4.80226983528092006e+01,2.88023937227746259e-09,7.25797119640635320e-10,5.13777132165531953e-10,1.97186446081099015e-14
-2.97083333333333321e+00,5.12605753820114113e-02,-9.44435003838724807e-01,6.29821154513356546e-02,8.61632025449813455e+01,0.00000000000000000e+00,0.00000000000000000e+00,0.00000000000000000e+00,0.00000000000000000e+00,0.00000000000000000e+00,0.00000000000000000e+00,0.00000000000000000e+00,3.17744462334162980e-01,0.00000000000000000e+00,0.00000000000000000e+00,0.00000000000000000e+00,0.00000000000000000e+00,0.00000000000000000e+00,0.00000000000000000e+00,0.00000000000000000e+00,7.42419843435082385e+03,6.29821154190785548e-02,-1.43024365477079307e+00,4.77229339528428156e+01,2.87375751621125050e-09,7.24253407620394884e-10,5.12162850587431304e-10,2.01668134081984801e-14
-2.96666666666666679e+00,5.14746067017007591e-02,-9.44347420391707826e-01,6.33216978205188297e-02,8.56263619032510803e+01,0.00000000000000000e+00,0.00000000000000000e+00,0.00000000000000000e+00,0.00000000000000000e+00,0.00000000000000000e+00,0.00000000000000000e+00,0.00000000000000000e+00,3.15764780095873887e-01,0.00000000000000000e+00,0.00000000000000000e+00,0.00000000000000000e+00,0.00000000000000000e+00,0.00000000000000000e+00,0.00000000000000000e+00,0.00000000000000000e+00,7.33197356018287701e+03,6.33216977881813775e-02,-1.43011523597897949e+00,4.74250432759957192e+01,2.86783383162809774e-09,7.22813919324535476e-10,5.10685172539778674e-10,2.04209564826933394e-14
-2.96249999999999991e+00,5.16895316790493900e-02,-9.44259286809633225e-01,6.36630087177921800e-02,8.50928660520476257e+01,0.00000000000000000e+00,0.00000000000000000e+00,0.00000000000000000e+00,0.00000000000000000e+00,0.00000000000000000e+00,0.00000000000000000e+00,0.00000000000000000e+00,3.13797432775883123e-01,0.00000000000000000e+00,0.00000000000000000e+00,0.00000000000000000e+00,0.00000000000000000e+00,0.00000000000000000e+00,0.00000000000000000e+00,0.00000000000000000e+00,7.24089432178053539e+03,6.36630086854100552e-02,-1.42998628099257030e+00,4.71290145885062159e+01,2.85897357968053285e-09,7.20670241205344725e-10,5.08648985149890424e-10,2.06783000593161712e-14
-2.95833333333333348e+00,5.19053540453990603e-02,-9.44170599641686703e-01,6.40060559291591585e-02,8.45626941517590183e+01,0.00000000000000000e+00,0.00000000000000000e+00,0.00000000000000000e+00,0.00000000000000000e+00,0.00000000000000000e+00,0.00000000000000000e+00,0.00000000000000000e+00,3.11842343530480792e-01,0.00000000000000000e+00,0.00000000000000000e+00,0.00000000000000000e+00,0.00000000000000000e+00,0.00000000000000000e+00,0.00000000000000000e+00,0.00000000000000000e+00,7.15094648785115714e+03,6.40060558967295995e-02,-1.42985678757276036e+00,4.68348362303688432e+01,2.85037277311855578e-09,7.18586957243221361e-10,5.06663917715426487e-10,2.11462001074248562e-14
-2.95416666666666661e+00,5.21220775476713277e-02,-9.44081355415421042e-01,6.43508472654168578e-02,8.40358254926480157e+01,0.00000000000000000e+00,0.00000000000000000e+00,0.00000000000000000e+00,0.00000000000000000e+00,0.00000000000000000e+00,0.00000000000000000e+00,0.00000000000000000e+00,3.09899435995005190e-01,0.00000000000000000e+00,0.00000000000000000e+00,0.00000000000000000e+00,0.00000000000000000e+00,0.00000000000000000e+00,0.00000000000000000e+00,0.00000000000000000e+00,7.06211600389122032e+03,6.43508472328863101e-02,-1.42972675347139733e+00,4.65424966148682628e+01,2.84608556322396426e-09,7.17520489975457273e-10,5.05518561120084465e-10,2.14126785750682319e-14
-2.95000000000000018e+00,5.23397059484323815e-02,-9.43991550636722132e-01,6.46973905623265955e-02,8.35122394934858931e+01,0.00000000000000000e+00,0.00000000000000000e+00,0.00000000000000000e+00,0.00000000000000000e+00,0.00000000000000000e+00,0.00000000000000000e+00,0.00000000000000000e+00,3.07968634278802111e-01,0.00000000000000000e+00,0.00000000000000000e+00,0.00000000000000000e+00,0.00000000000000000e+00,0.00000000000000000e+00,0.00000000000000000e+00,0.00000000000000000e+00,6.97438898989704376e+03,6.46973905297439505e-02,-1.42959617643094061e+00,4.62519842281164983e+01,2.83769876706826380e-09,7.15447476949135688e-10,5.03616060070893607e-10,2.16825128170779212e-14
-2.94583333333333330e+00,5.25582430259585939e-02,-9.43901181789488342e-01,6.50456936802059765e-02,8.29919157017680789e+01,0.00000000000000000e+00,0.00000000000000000e+00,0.00000000000000000e+00,0.00000000000000000e+00,0.00000000000000000e+00,0.00000000000000000e+00,0.00000000000000000e+00,3.06049862966029596e-01,0.00000000000000000e+00,0.00000000000000000e+00,0.00000000000000000e+00,0.00000000000000000e+00,0.00000000000000000e+00,0.00000000000000000e+00,0.00000000000000000e+00,6.88775173836800059e+03,6.50456936475811293e-02,-1.42946505418442493e+00,4.59632876285929086e+01,2.82851467813548191e-09,7.13179259288164165e-10,5.01568135239563004e-10,2.19557450687678872e-14
-2.94166666666666687e+00,5.27776925743018849e-02,-9.43810245335566678e-01,6.53957645040375429e-02,8.24748337925073258e+01,0.00000000000000000e+00,0.00000000000000000e+00,0.00000000000000000e+00,0.00000000000000000e+00,0.00000000000000000e+00,0.00000000000000000e+00,0.00000000000000000e+00,3.04143047111206100e-01,0.00000000000000000e+00,0.00000000000000000e+00,0.00000000000000000e+00,0.00000000000000000e+00,0.00000000000000000e+00,0.00000000000000000e+00,0.00000000000000000e+00,6.80219071209481444e+03,6.53957644713137748e-02,-1.42933338445541880e+00,4.56763954466873301e+01,2.82402074617131654e-09,7.12049624772686964e-10,5.00395834565550892e-10,2.22324180966777948e-14
-2.93750000000000000e+00,5.29980584033558008e-02,-9.43718737714734690e-01,6.57476109436790079e-02,8.19609735668005044e+01,0.00000000000000000e+00,0.00000000000000000e+00,0.00000000000000000e+00,0.00000000000000000e+00,0.00000000000000000e+00,0.00000000000000000e+00,0.00000000000000000e+00,3.02248112233923061e-01,0.00000000000000000e+00,0.00000000000000000e+00,0.00000000000000000e+00,0.00000000000000000e+00,0.00000000000000000e+00,0.00000000000000000e+00,0.00000000000000000e+00,6.71769254193912002e+03,6.57476109108925816e-02,-1.42920116495798633e+00,4.53912963842456989e+01,2.81637247785500998e-09,7.10118538595424711e-10,4.98670991955324853e-10,2.27332867268678764e-14
-2.93333333333333313e+00,5.32193443389215107e-02,-9.43626655344384724e-01,6.61012409334559431e-02,8.14503149519858880e+01,0.00000000000000000e+00,0.00000000000000000e+00,0.00000000000000000e+00,0.00000000000000000e+00,0.00000000000000000e+00,0.00000000000000000e+00,0.00000000000000000e+00,3.00364984319433259e-01,0.00000000000000000e+00,0.00000000000000000e+00,0.00000000000000000e+00,0.00000000000000000e+00,0.00000000000000000e+00,0.00000000000000000e+00,0.00000000000000000e+00,6.63424402490150169e+03,6.61012409006253993e-02,-1.42906839339664704e+00,4.51079792141191547e+01,2.80719609584129320e-09,7.07807637175621775e-10,4.96670613013529121e-10,2.30197529910624959e-14
-2.92916666666666670e+00,5.34415542227742457e-02,-9.43533994619431771e-01,6.64566624322169841e-02,8.09428380006014265e+01,0.00000000000000000e+00,0.00000000000000000e+00,0.00000000000000000e+00,0.00000000000000000e+00,0.00000000000000000e+00,0.00000000000000000e+00,0.00000000000000000e+00,2.98493589814810056e-01,0.00000000000000000e+00,0.00000000000000000e+00,0.00000000000000000e+00,0.00000000000000000e+00,0.00000000000000000e+00,0.00000000000000000e+00,0.00000000000000000e+00,6.55183212201476726e+03,6.64566623993007172e-02,-1.42893506746633547e+00,4.48264327797155389e+01,2.80152785318951340e-09,7.06369141912519752e-10,4.95304244088908867e-10,2.33098266084623919e-14
-2.92499999999999982e+00,5.36646919127301350e-02,-9.43440751912274611e-01,6.68138834235035978e-02,8.04385228890829893e+01,0.00000000000000000e+00,0.00000000000000000e+00,0.00000000000000000e+00,0.00000000000000000e+00,0.00000000000000000e+00,0.00000000000000000e+00,0.00000000000000000e+00,2.96633855624144349e-01,0.00000000000000000e+00,0.00000000000000000e+00,0.00000000000000000e+00,0.00000000000000000e+00,0.00000000000000000e+00,0.00000000000000000e+00,0.00000000000000000e+00,6.47044395622183038e+03,6.68138833905107948e-02,-1.42880118485236185e+00,4.45466459945538631e+01,2.79493369304366037e-09,7.04667953125004163e-10,4.93801606191376248e-10,2.37181333331389396e-14
-2.92083333333333339e+00,5.38887612827129506e-02,-9.43346923572555451e-01,6.71729119152956605e-02,7.99373499174984659e+01,0.00000000000000000e+00,0.00000000000000000e+00,0.00000000000000000e+00,0.00000000000000000e+00,0.00000000000000000e+00,0.00000000000000000e+00,0.00000000000000000e+00,2.94785709107570404e-01,0.00000000000000000e+00,0.00000000000000000e+00,0.00000000000000000e+00,0.00000000000000000e+00,0.00000000000000000e+00,0.00000000000000000e+00,0.00000000000000000e+00,6.39006681044688594e+03,6.71729118822548821e-02,-1.42866674323037213e+00,4.42686078418218969e+01,2.78591939373509746e-09,7.02353585990422850e-10,4.91876524639652714e-10,2.40170022384904089e-14
-2.91666666666666652e+00,5.41137662228216090e-02,-9.43252505926998608e-01,6.75337559399230986e-02,7.94392995088752087e+01,0.00000000000000000e+00,0.00000000000000000e+00,0.00000000000000000e+00,0.00000000000000000e+00,0.00000000000000000e+00,0.00000000000000000e+00,0.00000000000000000e+00,2.92949078078788616e-01,0.00000000000000000e+00,0.00000000000000000e+00,0.00000000000000000e+00,0.00000000000000000e+00,0.00000000000000000e+00,0.00000000000000000e+00,0.00000000000000000e+00,6.31068812562312814e+03,6.75337559068161647e-02,-1.42853174026630692e+00,4.39923073739361641e+01,2.77847732131853020e-09,7.00438322811303256e-10,4.90227937370021839e-10,2.44371207550144169e-14
-2.91250000000000009e+00,5.43397106393974719e-02,-9.43157495279337343e-01,6.78964235541652944e-02,7.89443522080822788e+01,0.00000000000000000e+00,0.00000000000000000e+00,0.00000000000000000e+00,0.00000000000000000e+00,0.00000000000000000e+00,0.00000000000000000e+00,0.00000000000000000e+00,2.91123890800942753e-01,0.00000000000000000e+00,0.00000000000000000e+00,0.00000000000000000e+00,0.00000000000000000e+00,0.00000000000000000e+00,0.00000000000000000e+00,0.00000000000000000e+00,6.23229549867354035e+03,6.78964235209640193e-02,-1.42839617361636151e+00,4.37177337121050300e+01,2.77330940876203846e-09,6.99076322240511100e-10,4.88998880070835448e-10,2.48640108920564844e-14
-2.90833333333333321e+00,5.45665984550923813e-02,-9.43061887910195185e-01,6.82609228392531547e-02,7.84524886809499975e+01,0.00000000000000000e+00,0.00000000000000000e+00,0.00000000000000000e+00,0.00000000000000000e+00,0.00000000000000000e+00,0.00000000000000000e+00,0.00000000000000000e+00,2.89310075983374160e-01,0.00000000000000000e+00,0.00000000000000000e+00,0.00000000000000000e+00,0.00000000000000000e+00,0.00000000000000000e+00,0.00000000000000000e+00,0.00000000000000000e+00,6.15487668055465292e+03,6.82609228059975759e-02,-1.42826004092694459e+00,4.34448760458944392e+01,2.76465390641091524e-09,6.96808211115646496e-10,4.87183259165324316e-10,2.51773109302119065e-14
-2.90416666666666679e+00,5.47944336089365713e-02,-9.42965680076818247e-01,6.86272619005543066e-02,7.79636897141164837e+01,0.00000000000000000e+00,0.00000000000000000e+00,0.00000000000000000e+00,0.00000000000000000e+00,0.00000000000000000e+00,0.00000000000000000e+00,0.00000000000000000e+00,2.87507562781063541e-01,0.00000000000000000e+00,0.00000000000000000e+00,0.00000000000000000e+00,0.00000000000000000e+00,0.00000000000000000e+00,0.00000000000000000e+00,0.00000000000000000e+00,6.07841957443768933e+03,6.86272618672504331e-02,-1.42812333983463802e+00,4.31737236327966158e+01,2.75551319523240921e-09,6.94412715407412488e-10,4.85286351832763777e-10,2.56165395799490936e-14
-2.89999999999999991e+00,5.50232200564072307e-02,-9.42868868012979755e-01,6.89954488676246536e-02,7.74779362140243961e+01,0.00000000000000000e+00,0.00000000000000000e+00,0.00000000000000000e+00,0.00000000000000000e+00,0.00000000000000000e+00,0.00000000000000000e+00,0.00000000000000000e+00,2.85716280790931088e-01,0.00000000000000000e+00,0.00000000000000000e+00,0.00000000000000000e+00,0.00000000000000000e+00,0.00000000000000000e+00,0.00000000000000000e+00,0.00000000000000000e+00,6.00291223377754250e+03,6.89954488342133798e-02,-1.42798606796615557e+00,4.29042657978010809e+01,2.75141866819507832e-09,6.93315044239527671e-10,4.84253299488740214e-10,2.60628370329563543e-14
-2.89583333333333348e+00,5.52529617694969971e-02,-9.42771447928973938e-01,6.93654918944568016e-02,7.69952092055154367e+01,0.00000000000000000e+00,0.00000000000000000e+00,0.00000000000000000e+00,0.00000000000000000e+00,0.00000000000000000e+00,0.00000000000000000e+00,0.00000000000000000e+00,2.83936160046649899e-01,0.00000000000000000e+00,0.00000000000000000e+00,0.00000000000000000e+00,0.00000000000000000e+00,0.00000000000000000e+00,0.00000000000000000e+00,0.00000000000000000e+00,5.92834286034407069e+03,6.93654918609822729e-02,-1.42784822293830160e+00,4.26364919329690153e+01,2.74336048983043360e-09,6.91160148733388544e-10,4.82581868972973439e-10,2.63912346821126265e-14
-2.89166666666666661e+00,5.54836627367830959e-02,-9.42673416011250875e-01,6.97373991589484571e-02,7.65154898321151791e+01,0.00000000000000000e+00,0.00000000000000000e+00,0.00000000000000000e+00,0.00000000000000000e+00,0.00000000000000000e+00,0.00000000000000000e+00,0.00000000000000000e+00,2.82167131019708028e-01,0.00000000000000000e+00,0.00000000000000000e+00,0.00000000000000000e+00,0.00000000000000000e+00,0.00000000000000000e+00,0.00000000000000000e+00,0.00000000000000000e+00,5.85469980253834910e+03,6.97373991254241071e-02,-1.42770980235792999e+00,4.23703914970097202e+01,2.73416142047253159e-09,6.88704436332009889e-10,4.80722688014765868e-10,2.68504203669722908e-14
-2.88750000000000018e+00,5.57153269634963963e-02,-9.42574768422344889e-01,7.01111788630084526e-02,7.60387593549281462e+01,0.00000000000000000e+00,0.00000000000000000e+00,0.00000000000000000e+00,0.00000000000000000e+00,0.00000000000000000e+00,0.00000000000000000e+00,0.00000000000000000e+00,2.80409124615332961e-01,0.00000000000000000e+00,0.00000000000000000e+00,0.00000000000000000e+00,0.00000000000000000e+00,0.00000000000000000e+00,0.00000000000000000e+00,0.00000000000000000e+00,5.78197155351384026e+03,7.01111788293862781e-02,-1.42757080382190216e+00,4.21059540148602238e+01,2.72915472911539693e-09,6.87352243651052553e-10,4.79555115893977826e-10,2.71887361017089275e-14
-2.88333333333333330e+00,5.59479584715911540e-02,-9.42475501300844787e-01,7.04868392327581694e-02,7.55649991513662229e+01,0.00000000000000000e+00,0.00000000000000000e+00,0.00000000000000000e+00,0.00000000000000000e+00,0.00000000000000000e+00,0.00000000000000000e+00,0.00000000000000000e+00,2.78662072167799535e-01,0.00000000000000000e+00,0.00000000000000000e+00,0.00000000000000000e+00,0.00000000000000000e+00,0.00000000000000000e+00,0.00000000000000000e+00,0.00000000000000000e+00,5.71014674929644298e+03,7.04868391990608745e-02,-1.42743122491704533e+00,4.18431690772673264e+01,2.72198509625786894e-09,6.85396377511816662e-10,4.78065059198205665e-10,2.76611764479696805e-14
-2.87916666666666687e+00,5.61815612998146086e-02,-9.42375610761089000e-01,7.08643885181255845e-02,7.50941907151208881e+01,0.00000000000000000e+00,0.00000000000000000e+00,0.00000000000000000e+00,0.00000000000000000e+00,0.00000000000000000e+00,0.00000000000000000e+00,0.00000000000000000e+00,2.76925905440336628e-01,0.00000000000000000e+00,0.00000000000000000e+00,0.00000000000000000e+00,0.00000000000000000e+00,0.00000000000000000e+00,0.00000000000000000e+00,0.00000000000000000e+00,5.63921416711605161e+03,7.08643884843752209e-02,-1.42729106322011123e+00,4.15820263403725221e+01,2.71286660582108515e-09,6.82916623803464234e-10,4.76266913986170796e-10,2.80097019269002251e-14
-2.87500000000000000e+00,5.64161395037773503e-02,-9.42275092893033461e-01,7.12438349928205261e-02,7.46263156553507372e+01,0.00000000000000000e+00,0.00000000000000000e+00,0.00000000000000000e+00,0.00000000000000000e+00,0.00000000000000000e+00,0.00000000000000000e+00,0.00000000000000000e+00,2.75200556622133163e-01,0.00000000000000000e+00,0.00000000000000000e+00,0.00000000000000000e+00,0.00000000000000000e+00,0.00000000000000000e+00,0.00000000000000000e+00,0.00000000000000000e+00,5.56916272363841199e+03,7.12438349589876313e-02,-1.42715031629773348e+00,4.13225155252991883e+01,2.70640470048971691e-09,6.81152325521952090e-10,4.74888737229542868e-10,2.83626158314589408e-14
-2.87083333333333313e+00,5.66516971560234936e-02,-9.42173943762194432e-01,7.16251869544785452e-02,7.41613556955458222e+01,0.00000000000000000e+00,0.00000000000000000e+00,0.00000000000000000e+00,0.00000000000000000e+00,0.00000000000000000e+00,0.00000000000000000e+00,0.00000000000000000e+00,2.73485958324147904e-01,0.00000000000000000e+00,0.00000000000000000e+00,0.00000000000000000e+00,0.00000000000000000e+00,0.00000000000000000e+00,0.00000000000000000e+00,0.00000000000000000e+00,5.49998147317066650e+03,7.16251869205552782e-02,-1.42700898170638579e+00,4.10646264177429074e+01,2.70046555898793537e-09,6.79500443450361596e-10,4.73622037606615301e-10,2.88548089409965271e-14
-2.86666666666666670e+00,5.68882383461015162e-02,-9.42072159409447885e-01,7.20084527244837930e-02,7.36992926730211622e+01,0.00000000000000000e+00,0.00000000000000000e+00,0.00000000000000000e+00,0.00000000000000000e+00,0.00000000000000000e+00,0.00000000000000000e+00,0.00000000000000000e+00,2.71782043577246613e-01,0.00000000000000000e+00,0.00000000000000000e+00,0.00000000000000000e+00,0.00000000000000000e+00,0.00000000000000000e+00,0.00000000000000000e+00,0.00000000000000000e+00,5.43165960598284164e+03,7.20084526905023919e-02,-1.42686705699233896e+00,4.08083488675639998e+01,2.69160158725405561e-09,6.77047079619823627e-10,4.71908501803941965e-10,2.92183649215910299e-14
-2.86249999999999982e+00,5.71257671806352924e-02,-9.41969735850807899e-01,7.23936406477446864e-02,7.32401085385007775e+01,0.00000000000000000e+00,0.00000000000000000e+00,0.00000000000000000e+00,0.00000000000000000e+00,0.00000000000000000e+00,0.00000000000000000e+00,0.00000000000000000e+00,2.70088745830673826e-01,0.00000000000000000e+00,0.00000000000000000e+00,0.00000000000000000e+00,0.00000000000000000e+00,0.00000000000000000e+00,0.00000000000000000e+00,0.00000000000000000e+00,5.36418644666199907e+03,7.23936406137023342e-02,-1.42672453969161861e+00,4.05536727883827055e+01,2.68302751622369562e-09,6.74674052048004646e-10,4.70239540128937233e-10,2.97247531467484695e-14
-2.85833333333333339e+00,5.73642877833952167e-02,-9.41866669077322527e-01,7.27807590927322529e-02,7.27837853551906733e+01,0.00000000000000000e+00,0.00000000000000000e+00,0.00000000000000000e+00,0.00000000000000000e+00,0.00000000000000000e+00,0.00000000000000000e+00,0.00000000000000000e+00,2.68405998948634761e-01,0.00000000000000000e+00,0.00000000000000000e+00,0.00000000000000000e+00,0.00000000000000000e+00,0.00000000000000000e+00,0.00000000000000000e+00,0.00000000000000000e+00,5.29755145241073933e+03,7.27807590585806130e-02,-1.42658142732996285e+00,4.03005881571772662e+01,2.67872165420256404e-09,6.73452576575357184e-10,4.69239951481477592e-10,3.02392603728680756e-14
-2.85416666666666652e+00,5.76038042953700216e-02,-9.41762955055031048e-01,7.31698164516636634e-02,7.23303052976032177e+01,0.00000000000000000e+00,0.00000000000000000e+00,0.00000000000000000e+00,0.00000000000000000e+00,0.00000000000000000e+00,0.00000000000000000e+00,0.00000000000000000e+00,2.66733737205957000e-01,0.00000000000000000e+00,0.00000000000000000e+00,0.00000000000000000e+00,0.00000000000000000e+00,0.00000000000000000e+00,0.00000000000000000e+00,0.00000000000000000e+00,5.23174421133105170e+03,7.31698164174465066e-02,-1.42643771742277803e+00,4.00490850138840813e+01,2.67032721250182968e-09,6.71088409486336613e-10,4.67640327132425039e-10,3.06202503051730742e-14
-2.85000000000000009e+00,5.78443208748384563e-02,-9.41658589724598150e-01,7.35608211399449013e-02,7.18796506517372933e+01,0.00000000000000000e+00,0.00000000000000000e+00,0.00000000000000000e+00,0.00000000000000000e+00,0.00000000000000000e+00,0.00000000000000000e+00,0.00000000000000000e+00,2.65071895288767845e-01,0.00000000000000000e+00,0.00000000000000000e+00,0.00000000000000000e+00,0.00000000000000000e+00,0.00000000000000000e+00,0.00000000000000000e+00,0.00000000000000000e+00,5.16675444092546968e+03,7.35608211056711925e-02,-1.42629340747509703e+00,3.97991534610007847e+01,2.66114339538498071e-09,6.68504404046080941e-10,4.65923413521395209e-10,3.11495836898780383e-14
-2.84583333333333321e+00,5.80858416974416661e-02,-9.41553569001238655e-01,7.39537815962775652e-02,7.14318038140349501e+01,0.00000000000000000e+00,0.00000000000000000e+00,0.00000000000000000e+00,0.00000000000000000e+00,0.00000000000000000e+00,0.00000000000000000e+00,0.00000000000000000e+00,2.63420408290645669e-01,0.00000000000000000e+00,0.00000000000000000e+00,0.00000000000000000e+00,0.00000000000000000e+00,0.00000000000000000e+00,0.00000000000000000e+00,0.00000000000000000e+00,5.10257198643828269e+03,7.39537815618960120e-02,-1.42614849498153484e+00,3.95507836631916874e+01,2.65665920368607186e-09,6.67224930494617649e-10,4.64905951175325890e-10,3.15420364893098239e-14
-2.84166666666666679e+00,5.83283709562555097e-02,-9.41447888774696873e-01,7.43487062828970674e-02,7.09867472901396184e+01,0.00000000000000000e+00,0.00000000000000000e+00,0.00000000000000000e+00,0.00000000000000000e+00,0.00000000000000000e+00,0.00000000000000000e+00,0.00000000000000000e+00,2.61779211708036252e-01,0.00000000000000000e+00,0.00000000000000000e+00,0.00000000000000000e+00,0.00000000000000000e+00,0.00000000000000000e+00,0.00000000000000000e+00,0.00000000000000000e+00,5.03918681918982656e+03,7.43487062484397415e-02,-1.42600297742624660e+00,3.93039658468958635e+01,2.64900085774496705e-09,6.65026576890156474e-10,4.63455621760725898e-10,3.19394305247519110e-14
-2.83749999999999991e+00,5.85719128618635287e-02,-9.41341544908882333e-01,7.47456036850123462e-02,7.05444636950345370e+01,0.00000000000000000e+00,0.00000000000000000e+00,0.00000000000000000e+00,0.00000000000000000e+00,0.00000000000000000e+00,0.00000000000000000e+00,0.00000000000000000e+00,2.60148241440776640e-01,0.00000000000000000e+00,0.00000000000000000e+00,0.00000000000000000e+00,0.00000000000000000e+00,0.00000000000000000e+00,0.00000000000000000e+00,0.00000000000000000e+00,4.97658903512757115e+03,7.47456036504956373e-02,-1.42585685228288184e+00,3.90586902999374033e+01,2.63982378974809974e-09,6.62397828383230679e-10,4.61789152133992652e-10,3.24908686533153824e-14
-2.83333333333333348e+00,5.88164716424298822e-02,-9.41234533241764093e-01,7.51444823108453480e-02,7.01049357521384167e+01,0.00000000000000000e+00,0.00000000000000000e+00,0.00000000000000000e+00,0.00000000000000000e+00,0.00000000000000000e+00,0.00000000000000000e+00,0.00000000000000000e+00,2.58527433788760530e-01,0.00000000000000000e+00,0.00000000000000000e+00,0.00000000000000000e+00,0.00000000000000000e+00,0.00000000000000000e+00,0.00000000000000000e+00,0.00000000000000000e+00,4.91476885324547675e+03,7.51444822762318276e-02,-1.42571011701454209e+00,3.88149473711386790e+01,2.63417117167668254e-09,6.60766391087978594e-10,4.60626240739985841e-10,3.29002101815580261e-14
-2.82916666666666661e+00,5.90620515437729268e-02,-9.41126849585326108e-01,7.55453506918169621e-02,6.96681462921765586e+01,0.00000000000000000e+00,0.00000000000000000e+00,0.00000000000000000e+00,0.00000000000000000e+00,0.00000000000000000e+00,0.00000000000000000e+00,0.00000000000000000e+00,2.56916725447771777e-01,0.00000000000000000e+00,0.00000000000000000e+00,0.00000000000000000e+00,0.00000000000000000e+00,0.00000000000000000e+00,0.00000000000000000e+00,0.00000000000000000e+00,4.85371661399192908e+03,7.55453506571143879e-02,-1.42556276907373602e+00,3.85727274699354936e+01,2.62756218668584546e-09,6.58831897442028302e-10,4.59360818975136132e-10,3.34675252173172503e-14
-2.82500000000000018e+00,5.93086568294387204e-02,-9.41018489725289231e-01,7.59482173821832696e-02,6.92340782529554701e+01,0.00000000000000000e+00,0.00000000000000000e+00,0.00000000000000000e+00,0.00000000000000000e+00,0.00000000000000000e+00,0.00000000000000000e+00,0.00000000000000000e+00,2.55316053508662877e-01,0.00000000000000000e+00,0.00000000000000000e+00,0.00000000000000000e+00,0.00000000000000000e+00,0.00000000000000000e+00,0.00000000000000000e+00,0.00000000000000000e+00,4.79342277782354086e+03,7.59482173474167466e-02,-1.42541480590233682e+00,3.83320210659951144e+01,2.61854526768058312e-09,6.56202341310809387e-10,4.57766149201352388e-10,3.38891644013176441e-14
-2.82083333333333330e+00,5.95562917807752959e-02,-9.40909449420926025e-01,7.63530909588908541e-02,6.88027146787764536e+01,0.00000000000000000e+00,0.00000000000000000e+00,0.00000000000000000e+00,0.00000000000000000e+00,0.00000000000000000e+00,0.00000000000000000e+00,0.00000000000000000e+00,2.53725355455196200e-01,0.00000000000000000e+00,0.00000000000000000e+00,0.00000000000000000e+00,0.00000000000000000e+00,0.00000000000000000e+00,0.00000000000000000e+00,0.00000000000000000e+00,4.73387792372512195e+03,7.63530909240441452e-02,-1.42526622493153488e+00,3.80928186888365019e+01,2.61112711107375737e-09,6.54035205952048375e-10,4.56388974304305274e-10,3.43161120926909152e-14
-2.81666666666666687e+00,5.98049606970067066e-02,-9.40799724404977500e-01,7.67599800216721417e-02,6.83740387194657586e+01,0.00000000000000000e+00,0.00000000000000000e+00,0.00000000000000000e+00,0.00000000000000000e+00,0.00000000000000000e+00,0.00000000000000000e+00,0.00000000000000000e+00,2.52144569160466403e-01,0.00000000000000000e+00,0.00000000000000000e+00,0.00000000000000000e+00,0.00000000000000000e+00,0.00000000000000000e+00,0.00000000000000000e+00,0.00000000000000000e+00,4.67507274769476044e+03,7.67599799867200866e-02,-1.42511702358179582e+00,3.78551109274531967e+01,2.60594192011982256e-09,6.52488155741378862e-10,4.55342160655642283e-10,3.49071037378638472e-14
-2.81250000000000000e+00,6.00546678953079449e-02,-9.40689310383512889e-01,7.71688931930101102e-02,6.79480336296186778e+01,0.00000000000000000e+00,0.00000000000000000e+00,0.00000000000000000e+00,0.00000000000000000e+00,0.00000000000000000e+00,0.00000000000000000e+00,0.00000000000000000e+00,2.50573632884114883e-01,0.00000000000000000e+00,0.00000000000000000e+00,0.00000000000000000e+00,0.00000000000000000e+00,0.00000000000000000e+00,0.00000000000000000e+00,0.00000000000000000e+00,4.61699806127728789e+03,7.71688931579877224e-02,-1.42496719926281523e+00,3.76188884299381598e+01,2.59728157974547069e-09,6.49918154930134068e-10,4.53840742486039368e-10,3.55075361785622192e-14
-2.80833333333333313e+00,6.03054177108796677e-02,-9.40578203035625227e-01,7.75798391177045521e-02,6.75246827684605933e+01,0.00000000000000000e+00,0.00000000000000000e+00,0.00000000000000000e+00,0.00000000000000000e+00,0.00000000000000000e+00,0.00000000000000000e+00,0.00000000000000000e+00,2.49012485271827955e-01,0.00000000000000000e+00,0.00000000000000000e+00,0.00000000000000000e+00,0.00000000000000000e+00,0.00000000000000000e+00,0.00000000000000000e+00,0.00000000000000000e+00,4.55964479019906048e+03,7.75798390826169942e-02,-1.42481674937347202e+00,3.73841419031115763e+01,2.58814186295492999e-09,6.47208200893305458e-10,4.52276754812893331e-10,3.57921700326707110e-14
-2.80416666666666670e+00,6.05572144970235593e-02,-9.40466398013319216e-01,7.79928264629031476e-02,6.71039695989805409e+01,0.00000000000000000e+00,0.00000000000000000e+00,0.00000000000000000e+00,0.00000000000000000e+00,0.00000000000000000e+00,0.00000000000000000e+00,0.00000000000000000e+00,2.47461065352141824e-01,0.00000000000000000e+00,0.00000000000000000e+00,0.00000000000000000e+00,0.00000000000000000e+00,0.00000000000000000e+00,0.00000000000000000e+00,0.00000000000000000e+00,4.50300397291976969e+03,7.79928264276981420e-02,-1.42466567130178579e+00,3.71508621121505769e+01,2.58405415427798008e-09,6.45970083806216724e-10,4.51387738974252864e-10,3.65725602389103831e-14
-2.79999999999999982e+00,6.08100626252179727e-02,-9.40353890941504122e-01,7.84078639183864723e-02,6.66858776867124163e+01,0.00000000000000000e+00,0.00000000000000000e+00,0.00000000000000000e+00,0.00000000000000000e+00,0.00000000000000000e+00,0.00000000000000000e+00,0.00000000000000000e+00,2.45919312531942658e-01,0.00000000000000000e+00,0.00000000000000000e+00,0.00000000000000000e+00,0.00000000000000000e+00,0.00000000000000000e+00,0.00000000000000000e+00,0.00000000000000000e+00,4.44706675915544565e+03,7.84078638831023494e-02,-1.42451396242486927e+00,3.69190398802214190e+01,2.57598921835002547e-09,6.43535206556660001e-10,4.50007449486280922e-10,3.70332954673982572e-14
-2.79583333333333339e+00,6.10639664851936673e-02,-9.40240677417573445e-01,7.88249601958517787e-02,6.62703906999845458e+01,0.00000000000000000e+00,0.00000000000000000e+00,0.00000000000000000e+00,0.00000000000000000e+00,0.00000000000000000e+00,0.00000000000000000e+00,0.00000000000000000e+00,2.44387166597404115e-01,0.00000000000000000e+00,0.00000000000000000e+00,0.00000000000000000e+00,0.00000000000000000e+00,0.00000000000000000e+00,0.00000000000000000e+00,0.00000000000000000e+00,4.39182440861579562e+03,7.88249601605001404e-02,-1.42436162010888379e+00,3.66886660881142888e+01,2.56679110325793059e-09,6.40764503074376139e-10,4.48482792904758051e-10,3.74998311541847540e-14
-2.79166666666666652e+00,6.13189304850101785e-02,-9.40126753011323202e-01,7.92441240290171350e-02,6.58574924089599136e+01,0.00000000000000000e+00,0.00000000000000000e+00,0.00000000000000000e+00,0.00000000000000000e+00,0.00000000000000000e+00,0.00000000000000000e+00,0.00000000000000000e+00,2.42864567710446649e-01,0.00000000000000000e+00,0.00000000000000000e+00,0.00000000000000000e+00,0.00000000000000000e+00,0.00000000000000000e+00,0.00000000000000000e+00,0.00000000000000000e+00,4.33726828959446175e+03,7.92441239935560565e-02,-1.42420864170899386e+00,3.64597316738799435e+01,2.56179478804571646e-09,6.39244118373628920e-10,4.47491583362362920e-10,3.81432864047080391e-14
-2.78750000000000009e+00,6.15749590511322081e-02,-9.40012113264915627e-01,7.96653641738438723e-02,6.54471666845348778e+01,0.00000000000000000e+00,0.00000000000000000e+00,0.00000000000000000e+00,0.00000000000000000e+00,0.00000000000000000e+00,0.00000000000000000e+00,0.00000000000000000e+00,2.41351456404671649e-01,0.00000000000000000e+00,0.00000000000000000e+00,0.00000000000000000e+00,0.00000000000000000e+00,0.00000000000000000e+00,0.00000000000000000e+00,0.00000000000000000e+00,4.28338987755880044e+03,7.96653641382924632e-02,-1.42405502456932065e+00,3.62322276324690762e+01,2.55461367623968862e-09,6.37037630895503450e-10,4.46259292522238151e-10,3.86237976183985854e-14
-2.78333333333333321e+00,6.18320566285066042e-02,-9.39896753692529452e-01,8.00886894079827910e-02,6.50393974983178964e+01,0.00000000000000000e+00,0.00000000000000000e+00,0.00000000000000000e+00,0.00000000000000000e+00,0.00000000000000000e+00,0.00000000000000000e+00,0.00000000000000000e+00,2.39847773585297325e-01,0.00000000000000000e+00,0.00000000000000000e+00,0.00000000000000000e+00,0.00000000000000000e+00,0.00000000000000000e+00,0.00000000000000000e+00,0.00000000000000000e+00,4.23018075389869409e+03,8.00886893723600640e-02,-1.42390076602289595e+00,3.60061450153737610e+01,2.54549401559062998e-09,6.34245381380017937e-10,4.44790984464770474e-10,3.91103581148519650e-14
-2.77916666666666679e+00,6.20902276806393968e-02,-9.39780669780207800e-01,8.05141085307099352e-02,6.46341689219236315e+01,0.00000000000000000e+00,0.00000000000000000e+00,0.00000000000000000e+00,0.00000000000000000e+00,0.00000000000000000e+00,0.00000000000000000e+00,0.00000000000000000e+00,2.38353460526557398e-01,0.00000000000000000e+00,0.00000000000000000e+00,0.00000000000000000e+00,0.00000000000000000e+00,0.00000000000000000e+00,0.00000000000000000e+00,0.00000000000000000e+00,4.17763260459990397e+03,8.05141084949902303e-02,-1.42374586339161624e+00,3.57814749302713651e+01,2.53905009341944267e-09,6.32266016477945584e-10,4.43645289494186005e-10,3.97806361255834322e-14
-2.77499999999999991e+00,6.23494766896734304e-02,-9.39663856985792134e-01,8.09416303630770412e-02,6.42314651259872988e+01,0.00000000000000000e+00,0.00000000000000000e+00,0.00000000000000000e+00,0.00000000000000000e+00,0.00000000000000000e+00,0.00000000000000000e+00,0.00000000000000000e+00,2.36868458868063986e-01,0.00000000000000000e+00,0.00000000000000000e+00,0.00000000000000000e+00,0.00000000000000000e+00,0.00000000000000000e+00,0.00000000000000000e+00,0.00000000000000000e+00,4.12573721889772969e+03,8.09416303272531001e-02,-1.42359031398619607e+00,3.55582085406703712e+01,2.53309614590663582e-09,6.30404415787306201e-10,4.42589813066673480e-10,4.04615909224060978e-14
-2.77083333333333348e+00,6.26098081564660236e-02,-9.39546310738689328e-01,8.13712637476473044e-02,6.38312703797317766e+01,0.00000000000000000e+00,0.00000000000000000e+00,0.00000000000000000e+00,0.00000000000000000e+00,0.00000000000000000e+00,0.00000000000000000e+00,0.00000000000000000e+00,2.35392710613218065e-01,0.00000000000000000e+00,0.00000000000000000e+00,0.00000000000000000e+00,0.00000000000000000e+00,0.00000000000000000e+00,0.00000000000000000e+00,0.00000000000000000e+00,4.07448648801863283e+03,8.13712637117464110e-02,-1.42343411510612050e+00,3.53363370655589222e+01,2.52422794141502314e-09,6.27645908600622966e-10,4.41198670533398222e-10,4.09712904031802414e-14
-2.76666666666666661e+00,6.28712266006672821e-02,-9.39428026439619090e-01,8.18030175481786470e-02,6.34335690506030758e+01,0.00000000000000000e+00,0.00000000000000000e+00,0.00000000000000000e+00,0.00000000000000000e+00,0.00000000000000000e+00,0.00000000000000000e+00,0.00000000000000000e+00,2.33926158127873540e-01,0.00000000000000000e+00,0.00000000000000000e+00,0.00000000000000000e+00,0.00000000000000000e+00,0.00000000000000000e+00,0.00000000000000000e+00,0.00000000000000000e+00,4.02387240394508490e+03,8.18030175121981090e-02,-1.42327726403959964e+00,3.51158517790551699e+01,2.51567917460921660e-09,6.24986700246113956e-10,4.39843652321368888e-10,4.13030179409357475e-14
-2.76250000000000018e+00,6.31337365607983758e-02,-9.39308999460493732e-01,8.22369006496398713e-02,6.30383456034652454e+01,0.00000000000000000e+00,0.00000000000000000e+00,0.00000000000000000e+00,0.00000000000000000e+00,0.00000000000000000e+00,0.00000000000000000e+00,0.00000000000000000e+00,2.32468744137368843e-01,0.00000000000000000e+00,0.00000000000000000e+00,0.00000000000000000e+00,0.00000000000000000e+00,0.00000000000000000e+00,0.00000000000000000e+00,0.00000000000000000e+00,3.97388705813892693e+03,8.22369006135384578e-02,-1.42311975806352109e+00,3.48967440100601465e+01,2.51135343422042251e-09,6.23610522972688206e-10,4.38992876141259785e-10,4.21967308754282808e-14
-2.75833333333333330e+00,6.33973425943305524e-02,-9.39189225144365536e-01,8.26729219584032976e-02,6.26455845995896468e+01,0.00000000000000000e+00,0.00000000000000000e+00,0.00000000000000000e+00,0.00000000000000000e+00,0.00000000000000000e+00,0.00000000000000000e+00,0.00000000000000000e+00,2.31020411722795693e-01,0.00000000000000000e+00,0.00000000000000000e+00,0.00000000000000000e+00,0.00000000000000000e+00,0.00000000000000000e+00,0.00000000000000000e+00,0.00000000000000000e+00,3.92452264025497607e+03,8.26729219222173961e-02,-1.42296159444340153e+00,3.46790051419126755e+01,2.50295438326435620e-09,6.20954079162318422e-10,4.37699559373256058e-10,4.27282750930702382e-14
-2.75416666666666687e+00,6.36620492777640046e-02,-9.39068698805009650e-01,8.31110904015072011e-02,6.22552706968044447e+01,0.00000000000000000e+00,0.00000000000000000e+00,0.00000000000000000e+00,0.00000000000000000e+00,0.00000000000000000e+00,0.00000000000000000e+00,0.00000000000000000e+00,2.29581104321568835e-01,0.00000000000000000e+00,0.00000000000000000e+00,0.00000000000000000e+00,0.00000000000000000e+00,0.00000000000000000e+00,0.00000000000000000e+00,0.00000000000000000e+00,3.87577143701585965e+03,8.31110903652443195e-02,-1.42280277043334147e+00,3.44626266120466695e+01,2.49377105407494077e-09,6.18055225986604333e-10,4.36318202866324539e-10,4.32665106716405468e-14
-2.75000000000000000e+00,6.39278612067075702e-02,-9.38947415726835710e-01,8.35514149267553019e-02,6.18673886485933977e+01,0.00000000000000000e+00,0.00000000000000000e+00,0.00000000000000000e+00,0.00000000000000000e+00,0.00000000000000000e+00,0.00000000000000000e+00,0.00000000000000000e+00,2.28150765724101090e-01,0.00000000000000000e+00,0.00000000000000000e+00,0.00000000000000000e+00,0.00000000000000000e+00,0.00000000000000000e+00,0.00000000000000000e+00,0.00000000000000000e+00,3.82762583096800381e+03,8.35514148903717807e-02,-1.42264328327597545e+00,3.42475999116502479e+01,2.48929700862010908e-09,6.16621443931198289e-10,4.35462657856559680e-10,4.40053780788292475e-14
-2.74583333333333313e+00,6.41947829959583494e-02,-9.38825371164862865e-01,8.39939045029840653e-02,6.14819233030190020e+01,0.00000000000000000e+00,0.00000000000000000e+00,0.00000000000000000e+00,0.00000000000000000e+00,0.00000000000000000e+00,0.00000000000000000e+00,0.00000000000000000e+00,2.26729340069826479e-01,0.00000000000000000e+00,0.00000000000000000e+00,0.00000000000000000e+00,0.00000000000000000e+00,0.00000000000000000e+00,0.00000000000000000e+00,0.00000000000000000e+00,3.78007829923195914e+03,8.39939044665064943e-02,-1.42248313020242501e+00,3.40339165853274608e+01,2.48162965002733515e-09,6.14157493409486866e-10,4.34288311699533223e-10,4.45596918778637838e-14
-2.74166666666666670e+00,6.44628192795818483e-02,-9.38702560344302106e-01,8.44385681193162152e-02,6.10988596028453941e+01,0.00000000000000000e+00,0.00000000000000000e+00,0.00000000000000000e+00,0.00000000000000000e+00,0.00000000000000000e+00,0.00000000000000000e+00,0.00000000000000000e+00,2.25316771847672237e-01,0.00000000000000000e+00,0.00000000000000000e+00,0.00000000000000000e+00,0.00000000000000000e+00,0.00000000000000000e+00,0.00000000000000000e+00,0.00000000000000000e+00,3.73312141241588870e+03,8.44385680827582225e-02,-1.42232230843225071e+00,3.38215682307618764e+01,2.47245122776765829e-09,6.11216802107086168e-10,4.32953726883748115e-10,4.51209834936047085e-14
-2.73749999999999982e+00,6.47319747109925542e-02,-9.38578978460433921e-01,8.48854147851781093e-02,6.07181825847521850e+01,0.00000000000000000e+00,0.00000000000000000e+00,0.00000000000000000e+00,0.00000000000000000e+00,0.00000000000000000e+00,0.00000000000000000e+00,0.00000000000000000e+00,2.23913005893159961e-01,0.00000000000000000e+00,0.00000000000000000e+00,0.00000000000000000e+00,0.00000000000000000e+00,0.00000000000000000e+00,0.00000000000000000e+00,0.00000000000000000e+00,3.68674783342951150e+03,8.48854147485083171e-02,-1.42216081517340442e+00,3.36105464983822628e+01,2.46681480156116192e-09,6.09400545790162143e-10,4.31991671494794951e-10,4.56893407027387366e-14
-2.73333333333333339e+00,6.50022539630345370e-02,-9.38454620678556339e-01,8.53344535304994545e-02,6.03398773783563982e+01,0.00000000000000000e+00,0.00000000000000000e+00,0.00000000000000000e+00,0.00000000000000000e+00,0.00000000000000000e+00,0.00000000000000000e+00,0.00000000000000000e+00,2.22517987384794697e-01,0.00000000000000000e+00,0.00000000000000000e+00,0.00000000000000000e+00,0.00000000000000000e+00,0.00000000000000000e+00,0.00000000000000000e+00,0.00000000000000000e+00,3.64095031628979586e+03,8.53344534937237609e-02,-1.42199864762217931e+00,3.34008430910307794e+01,2.46019388920543111e-09,6.07237889898426019e-10,4.30959502239072323e-10,4.64686623073217849e-14
-2.72916666666666652e+00,6.52736617280627457e-02,-9.38329482133664960e-01,8.57856934052156489e-02,5.99639292060208007e+01,0.00000000000000000e+00,0.00000000000000000e+00,0.00000000000000000e+00,0.00000000000000000e+00,0.00000000000000000e+00,0.00000000000000000e+00,0.00000000000000000e+00,2.21131661843370797e-01,0.00000000000000000e+00,0.00000000000000000e+00,0.00000000000000000e+00,0.00000000000000000e+00,0.00000000000000000e+00,0.00000000000000000e+00,0.00000000000000000e+00,3.59572170503654388e+03,8.57856933683545930e-02,-1.42183580296316237e+00,3.31924497636327374e+01,2.45117283629759227e-09,6.04304707598439873e-10,4.29687683656374929e-10,4.70539856667226703e-14
-2.72500000000000009e+00,6.55462027180243323e-02,-9.38203557930240462e-01,8.62391434790518163e-02,5.95903233823433354e+01,0.00000000000000000e+00,0.00000000000000000e+00,0.00000000000000000e+00,0.00000000000000000e+00,0.00000000000000000e+00,0.00000000000000000e+00,0.00000000000000000e+00,2.19753975130095314e-01,0.00000000000000000e+00,0.00000000000000000e+00,0.00000000000000000e+00,0.00000000000000000e+00,0.00000000000000000e+00,0.00000000000000000e+00,0.00000000000000000e+00,3.55105493262184018e+03,8.62391434420918812e-02,-1.42167227836918530e+00,3.29853583228689047e+01,2.44377741074799653e-09,6.01897736033121807e-10,4.28574932881296245e-10,4.76466769382809265e-14
-2.72083333333333321e+00,6.58198816645405860e-02,-9.38076843142152672e-01,8.66948128416100000e-02,5.92190453133147656e+01,0.00000000000000000e+00,0.00000000000000000e+00,0.00000000000000000e+00,0.00000000000000000e+00,0.00000000000000000e+00,0.00000000000000000e+00,0.00000000000000000e+00,2.18384873443480093e-01,0.00000000000000000e+00,0.00000000000000000e+00,0.00000000000000000e+00,0.00000000000000000e+00,0.00000000000000000e+00,0.00000000000000000e+00,0.00000000000000000e+00,3.50694301977337636e+03,8.66948128045299110e-02,-1.42150807100127574e+00,3.27795606268496300e+01,2.43857490216213069e-09,6.00170836727312976e-10,4.27708276882484747e-10,4.84584376989564725e-14
-2.71666666666666679e+00,6.60947033189889233e-02,-9.37949332812497483e-01,8.71527106022825099e-02,5.88500804956706958e+01,0.00000000000000000e+00,0.00000000000000000e+00,0.00000000000000000e+00,0.00000000000000000e+00,0.00000000000000000e+00,0.00000000000000000e+00,0.00000000000000000e+00,2.17024303316954686e-01,0.00000000000000000e+00,0.00000000000000000e+00,0.00000000000000000e+00,0.00000000000000000e+00,0.00000000000000000e+00,0.00000000000000000e+00,0.00000000000000000e+00,3.46337907389515067e+03,8.71527105651105777e-02,-1.42134317800860677e+00,3.25750485847912827e+01,2.42990898276565020e-09,5.97309594461158453e-10,4.26514929460702744e-10,4.90688093738893533e-14
-2.71249999999999991e+00,6.63706724525855996e-02,-9.37821021953247902e-01,8.76128458896757029e-02,5.84834145167652224e+01,0.00000000000000000e+00,0.00000000000000000e+00,0.00000000000000000e+00,0.00000000000000000e+00,0.00000000000000000e+00,0.00000000000000000e+00,0.00000000000000000e+00,2.15672211618415877e-01,0.00000000000000000e+00,0.00000000000000000e+00,0.00000000000000000e+00,0.00000000000000000e+00,0.00000000000000000e+00,0.00000000000000000e+00,0.00000000000000000e+00,3.42035628804264934e+03,8.76128458524159243e-02,-1.42117759652844855e+00,3.23718141566943629e+01,2.42077072131472170e-09,5.94296601203998560e-10,4.25277574690072750e-10,4.96868640552549265e-14
-2.70833333333333348e+00,6.66477938564682820e-02,-9.37691905545126159e-01,8.80752278516110793e-02,5.81190330538229034e+01,0.00000000000000000e+00,0.00000000000000000e+00,0.00000000000000000e+00,0.00000000000000000e+00,0.00000000000000000e+00,0.00000000000000000e+00,0.00000000000000000e+00,2.14328545547469385e-01,0.00000000000000000e+00,0.00000000000000000e+00,0.00000000000000000e+00,0.00000000000000000e+00,0.00000000000000000e+00,0.00000000000000000e+00,0.00000000000000000e+00,3.37786793983679581e+03,8.80752278142206135e-02,-1.42101132368611904e+00,3.21698493530241407e+01,2.41669042872733952e-09,5.92924842360161570e-10,4.24528742661506615e-10,5.05324044874994005e-14
-2.70416666666666661e+00,6.69260723417794551e-02,-9.37561978537591378e-01,8.85398656554483021e-02,5.77569218728822165e+01,0.00000000000000000e+00,0.00000000000000000e+00,0.00000000000000000e+00,0.00000000000000000e+00,0.00000000000000000e+00,0.00000000000000000e+00,0.00000000000000000e+00,2.12993252631526131e-01,0.00000000000000000e+00,0.00000000000000000e+00,0.00000000000000000e+00,0.00000000000000000e+00,0.00000000000000000e+00,0.00000000000000000e+00,0.00000000000000000e+00,3.33590739035588695e+03,8.85398656179574722e-02,-1.42084435659493225e+00,3.19691462343929018e+01,2.40861563100236307e-09,5.90218006895926563e-10,4.23434456596002959e-10,5.11688836102696408e-14
-2.70000000000000018e+00,6.72055127397497565e-02,-9.37431235848359967e-01,8.90067684871473086e-02,5.73970668290136032e+01,0.00000000000000000e+00,0.00000000000000000e+00,0.00000000000000000e+00,0.00000000000000000e+00,0.00000000000000000e+00,0.00000000000000000e+00,0.00000000000000000e+00,2.11666280726630601e-01,0.00000000000000000e+00,0.00000000000000000e+00,0.00000000000000000e+00,0.00000000000000000e+00,0.00000000000000000e+00,0.00000000000000000e+00,0.00000000000000000e+00,3.29446808318865033e+03,8.90067684495653849e-02,-1.42067669235615002e+00,3.17696969112444414e+01,2.39941755481371845e-09,5.87142481346106151e-10,4.22236694341832955e-10,5.18133741430475753e-14
-2.69583333333333330e+00,6.74861199017820629e-02,-9.37299672363309799e-01,8.94759455513649271e-02,5.70394538654864220e+01,0.00000000000000000e+00,0.00000000000000000e+00,0.00000000000000000e+00,0.00000000000000000e+00,0.00000000000000000e+00,0.00000000000000000e+00,0.00000000000000000e+00,2.10347578014387082e-01,0.00000000000000000e+00,0.00000000000000000e+00,0.00000000000000000e+00,0.00000000000000000e+00,0.00000000000000000e+00,0.00000000000000000e+00,0.00000000000000000e+00,3.25354354337653012e+03,8.94759455136580478e-02,-1.42050832805893057e+00,3.15714935435404982e+01,2.39443604745066475e-09,5.85461037306894771e-10,4.21419176619477441e-10,5.25800333213688776e-14
-2.69166666666666687e+00,6.77678986995354921e-02,-9.37167282936438251e-01,8.99474060716980300e-02,5.66840690128144047e+01,0.00000000000000000e+00,0.00000000000000000e+00,0.00000000000000000e+00,0.00000000000000000e+00,0.00000000000000000e+00,0.00000000000000000e+00,0.00000000000000000e+00,2.09037092998433399e-01,0.00000000000000000e+00,0.00000000000000000e+00,0.00000000000000000e+00,0.00000000000000000e+00,0.00000000000000000e+00,0.00000000000000000e+00,0.00000000000000000e+00,3.21312737635575513e+03,8.99474060338806419e-02,-1.42033926078027872e+00,3.13745283404492987e+01,2.38724361308984536e-09,5.83012881076028019e-10,4.20438896211013445e-10,5.32422867908181014e-14
-2.68750000000000000e+00,6.80508540250101962e-02,-9.37034062389459632e-01,9.04211592899494543e-02,5.63308983887405006e+01,0.00000000000000000e+00,0.00000000000000000e+00,0.00000000000000000e+00,0.00000000000000000e+00,0.00000000000000000e+00,0.00000000000000000e+00,0.00000000000000000e+00,2.07734774504404862e-01,0.00000000000000000e+00,0.00000000000000000e+00,0.00000000000000000e+00,0.00000000000000000e+00,0.00000000000000000e+00,0.00000000000000000e+00,0.00000000000000000e+00,3.17321326701914541e+03,9.04211592520363511e-02,-1.42016948758499373e+00,3.11787935600357748e+01,2.37812237496105508e-09,5.79919869687148028e-10,4.19294593500638983e-10,5.40298235273880466e-14
-2.68333333333333313e+00,6.83349907906320858e-02,-9.36900005511630996e-01,9.08972144660139397e-02,5.59799281976227547e+01,0.00000000000000000e+00,0.00000000000000000e+00,0.00000000000000000e+00,0.00000000000000000e+00,0.00000000000000000e+00,0.00000000000000000e+00,0.00000000000000000e+00,2.06440571677672630e-01,0.00000000000000000e+00,0.00000000000000000e+00,0.00000000000000000e+00,0.00000000000000000e+00,0.00000000000000000e+00,0.00000000000000000e+00,0.00000000000000000e+00,3.13379497872063394e+03,9.08972144279849431e-02,-1.41999900552562064e+00,3.09842815089541332e+01,2.37169756257155426e-09,5.77736117160539486e-10,4.18373619672926085e-10,5.47103259768240232e-14
-2.67916666666666670e+00,6.86203139293382336e-02,-9.36765107059675639e-01,9.13755808780307432e-02,5.56311447295796597e+01,0.00000000000000000e+00,0.00000000000000000e+00,0.00000000000000000e+00,0.00000000000000000e+00,0.00000000000000000e+00,0.00000000000000000e+00,0.00000000000000000e+00,2.05154433980188622e-01,0.00000000000000000e+00,0.00000000000000000e+00,0.00000000000000000e+00,0.00000000000000000e+00,0.00000000000000000e+00,0.00000000000000000e+00,0.00000000000000000e+00,3.09486635226522048e+03,9.13755808398792613e-02,-1.41982781164239702e+00,3.07909845421421231e+01,2.36572785499779879e-09,5.75674468119414283e-10,4.17523824450081231e-10,5.55193056600458250e-14
-2.67499999999999982e+00,6.89068283946625837e-02,-9.36629361757513879e-01,9.18562678220116724e-02,5.52845343601194443e+01,0.00000000000000000e+00,0.00000000000000000e+00,0.00000000000000000e+00,0.00000000000000000e+00,0.00000000000000000e+00,0.00000000000000000e+00,0.00000000000000000e+00,2.03876311189128329e-01,0.00000000000000000e+00,0.00000000000000000e+00,0.00000000000000000e+00,0.00000000000000000e+00,0.00000000000000000e+00,0.00000000000000000e+00,0.00000000000000000e+00,3.05642130496549180e+03,9.18562677837586744e-02,-1.41965590296320254e+00,3.05988950625172365e+01,2.35685693723872438e-09,5.72624173847273897e-10,4.16444069788253701e-10,5.62185563431423332e-14
-2.67083333333333339e+00,6.91945391608217303e-02,-9.36492764295974611e-01,9.23392846114112903e-02,5.49400835498213098e+01,0.00000000000000000e+00,0.00000000000000000e+00,0.00000000000000000e+00,0.00000000000000000e+00,0.00000000000000000e+00,0.00000000000000000e+00,0.00000000000000000e+00,2.02606153395727268e-01,0.00000000000000000e+00,0.00000000000000000e+00,0.00000000000000000e+00,0.00000000000000000e+00,0.00000000000000000e+00,0.00000000000000000e+00,0.00000000000000000e+00,3.01845382971474010e+03,9.23392845730546530e-02,-1.41948327650350681e+00,3.04080055206750970e+01,2.34833557714013133e-09,5.69698123133412694e-10,4.15388071156549234e-10,5.69266079540840121e-14
-2.66666666666666652e+00,6.94834512228015427e-02,-9.36355309332656427e-01,9.28246405771133709e-02,5.45977788436357727e+01,0.00000000000000000e+00,0.00000000000000000e+00,0.00000000000000000e+00,0.00000000000000000e+00,0.00000000000000000e+00,0.00000000000000000e+00,0.00000000000000000e+00,2.01343911002701326e-01,0.00000000000000000e+00,0.00000000000000000e+00,0.00000000000000000e+00,0.00000000000000000e+00,0.00000000000000000e+00,0.00000000000000000e+00,0.00000000000000000e+00,2.98095799402905959e+03,9.28246405386206341e-02,-1.41930992926631916e+00,3.02183084145894014e+01,2.34398851642298556e-09,5.68175950839301650e-10,4.14682314442066918e-10,5.77680713284150157e-14
-2.66250000000000009e+00,6.97735695964436381e-02,-9.36216991491864436e-01,9.33123450676252991e-02,5.42576068700161471e+01,0.00000000000000000e+00,0.00000000000000000e+00,0.00000000000000000e+00,0.00000000000000000e+00,0.00000000000000000e+00,0.00000000000000000e+00,0.00000000000000000e+00,2.00089534721038964e-01,0.00000000000000000e+00,0.00000000000000000e+00,0.00000000000000000e+00,0.00000000000000000e+00,0.00000000000000000e+00,0.00000000000000000e+00,0.00000000000000000e+00,2.94392793908312842e+03,9.33123450290238715e-02,-1.41913585824213362e+00,3.00297962893140706e+01,2.33558303368528026e-09,5.65246488938343013e-10,4.13679750497239448e-10,5.84956262368101701e-14
-2.65833333333333321e+00,7.00648993185326585e-02,-9.36077805364133764e-01,9.38024074481284414e-02,5.39195543410418807e+01,0.00000000000000000e+00,0.00000000000000000e+00,0.00000000000000000e+00,0.00000000000000000e+00,0.00000000000000000e+00,0.00000000000000000e+00,0.00000000000000000e+00,1.98842975570481917e-01,0.00000000000000000e+00,0.00000000000000000e+00,0.00000000000000000e+00,0.00000000000000000e+00,0.00000000000000000e+00,0.00000000000000000e+00,0.00000000000000000e+00,2.90735787886550224e+03,9.38024074094240407e-02,-1.41896106040888048e+00,2.98424617366871061e+01,2.32640081432399756e-09,5.62054178305910579e-10,4.12616284212385621e-10,5.92323380407158115e-14
-2.65416666666666679e+00,7.03574454468835625e-02,-9.35937745506127183e-01,9.42948371005616903e-02,5.35836080516406597e+01,0.00000000000000000e+00,0.00000000000000000e+00,0.00000000000000000e+00,0.00000000000000000e+00,0.00000000000000000e+00,0.00000000000000000e+00,0.00000000000000000e+00,1.97604184876654349e-01,0.00000000000000000e+00,0.00000000000000000e+00,0.00000000000000000e+00,0.00000000000000000e+00,0.00000000000000000e+00,0.00000000000000000e+00,0.00000000000000000e+00,2.87124209924573051e+03,9.42948370617206488e-02,-1.41878553273186991e+00,2.96562973950364999e+01,2.32193551923478457e-09,5.60482129638739919e-10,4.11910584974925517e-10,6.01075855174410376e-14
-2.64999999999999991e+00,7.06512130604295963e-02,-9.35796806440604367e-01,9.47896434239178659e-02,5.32497548786541870e+01,0.00000000000000000e+00,0.00000000000000000e+00,0.00000000000000000e+00,0.00000000000000000e+00,0.00000000000000000e+00,0.00000000000000000e+00,0.00000000000000000e+00,1.96373114267609949e-01,0.00000000000000000e+00,0.00000000000000000e+00,0.00000000000000000e+00,0.00000000000000000e+00,0.00000000000000000e+00,0.00000000000000000e+00,0.00000000000000000e+00,2.83557495703676250e+03,9.47896433849592518e-02,-1.41860927216374222e+00,2.94712959488877537e+01,2.31425883602072651e-09,5.57769700773959022e-10,4.11000745664775887e-10,6.08645859739844780e-14
-2.64583333333333348e+00,7.09462072593102372e-02,-9.35654982655942935e-01,9.52868358332741305e-02,5.29179817809472652e+01,0.00000000000000000e+00,0.00000000000000000e+00,0.00000000000000000e+00,0.00000000000000000e+00,0.00000000000000000e+00,0.00000000000000000e+00,0.00000000000000000e+00,1.95149715674260676e-01,0.00000000000000000e+00,0.00000000000000000e+00,0.00000000000000000e+00,0.00000000000000000e+00,0.00000000000000000e+00,0.00000000000000000e+00,0.00000000000000000e+00,2.80035087918019417e+03,9.52868357942081301e-02,-1.41843227564441388e+00,2.92874501286735693e+01,2.30507931473225737e-09,5.54536016420349412e-10,4.09983185074426441e-10,6.16311136284327431e-14
-2.64166666666666661e+00,7.12424331649600256e-02,-9.35512268605998898e-01,9.57864237597785412e-02,5.25882757987247231e+01,0.00000000000000000e+00,0.00000000000000000e+00,0.00000000000000000e+00,0.00000000000000000e+00,0.00000000000000000e+00,0.00000000000000000e+00,0.00000000000000000e+00,1.93933941327858378e-01,0.00000000000000000e+00,0.00000000000000000e+00,0.00000000000000000e+00,0.00000000000000000e+00,0.00000000000000000e+00,0.00000000000000000e+00,0.00000000000000000e+00,2.76556436185633538e+03,9.57864237205815205e-02,-1.41825454010102403e+00,2.91047527104450694e+01,2.29945757744155416e-09,5.52545792919107955e-10,4.09212695356582866e-10,6.24072882835718343e-14
-2.63750000000000018e+00,7.15398959201972162e-02,-9.35368658710044709e-01,9.62884166508606587e-02,5.22606240526834966e+01,0.00000000000000000e+00,0.00000000000000000e+00,0.00000000000000000e+00,0.00000000000000000e+00,0.00000000000000000e+00,0.00000000000000000e+00,0.00000000000000000e+00,1.92725743756862022e-01,0.00000000000000000e+00,0.00000000000000000e+00,0.00000000000000000e+00,0.00000000000000000e+00,0.00000000000000000e+00,0.00000000000000000e+00,0.00000000000000000e+00,2.73120996958822752e+03,9.62884166115356988e-02,-1.41807606244788165e+00,2.89231965155851434e+01,2.29282354990237888e-09,5.50166553088104602e-10,4.08408003152851299e-10,6.33291306684668839e-14
-2.63333333333333330e+00,7.18386006893132895e-02,-9.35224147352401336e-01,9.67928239695708958e-02,5.19350137438502131e+01,0.00000000000000000e+00,0.00000000000000000e+00,0.00000000000000000e+00,0.00000000000000000e+00,0.00000000000000000e+00,0.00000000000000000e+00,0.00000000000000000e+00,1.91525075786357163e-01,0.00000000000000000e+00,0.00000000000000000e+00,0.00000000000000000e+00,0.00000000000000000e+00,0.00000000000000000e+00,0.00000000000000000e+00,0.00000000000000000e+00,2.69728233442856526e+03,9.67928239301327764e-02,-1.41789683958641199e+00,2.87427744105233778e+01,2.28380073491760286e-09,5.46943949007877291e-10,4.07448794606089440e-10,6.39890653471120117e-14
-2.62916666666666687e+00,7.21385526581623526e-02,-9.35078728882196453e-01,9.72996551942778704e-02,5.16114321531360929e+01,0.00000000000000000e+00,0.00000000000000000e+00,0.00000000000000000e+00,0.00000000000000000e+00,0.00000000000000000e+00,0.00000000000000000e+00,0.00000000000000000e+00,1.90331890536423187e-01,0.00000000000000000e+00,0.00000000000000000e+00,0.00000000000000000e+00,0.00000000000000000e+00,0.00000000000000000e+00,0.00000000000000000e+00,0.00000000000000000e+00,2.66377615512632519e+03,9.72996551547165994e-02,-1.41771686840510247e+00,2.85634793064529511e+01,2.27642744179299249e-09,5.44309590230026716e-10,4.06592098018765314e-10,6.47949149578432601e-14
-2.62500000000000000e+00,7.24397570342514563e-02,-9.34932397613252308e-01,9.78089198187398479e-02,5.12898666406060784e+01,0.00000000000000000e+00,0.00000000000000000e+00,0.00000000000000000e+00,0.00000000000000000e+00,0.00000000000000000e+00,0.00000000000000000e+00,0.00000000000000000e+00,1.89146141419435643e-01,0.00000000000000000e+00,0.00000000000000000e+00,0.00000000000000000e+00,0.00000000000000000e+00,0.00000000000000000e+00,0.00000000000000000e+00,0.00000000000000000e+00,2.63068619627396993e+03,9.78089197790391746e-02,-1.41753614577944909e+00,2.83853041590492303e+01,2.27120743671837374e-09,5.42410550779439843e-10,4.05900335000899360e-10,6.58931034574962726e-14
-2.62083333333333313e+00,7.27422190468308139e-02,-9.34785147823895768e-01,9.83206273519520307e-02,5.09703046449225354e+01,0.00000000000000000e+00,0.00000000000000000e+00,0.00000000000000000e+00,0.00000000000000000e+00,0.00000000000000000e+00,0.00000000000000000e+00,0.00000000000000000e+00,1.87967782138019152e-01,0.00000000000000000e+00,0.00000000000000000e+00,0.00000000000000000e+00,0.00000000000000000e+00,0.00000000000000000e+00,0.00000000000000000e+00,0.00000000000000000e+00,2.59800728748333404e+03,9.83206273121313840e-02,-1.41735466857190140e+00,2.82082419681902437e+01,2.26253711682776806e-09,5.39272120637102856e-10,4.05008062586611841e-10,6.65800416509086123e-14
-2.61666666666666670e+00,7.30459439469845623e-02,-9.34636973756562517e-01,9.88347873173993779e-02,5.06527336832315456e+01,0.00000000000000000e+00,0.00000000000000000e+00,0.00000000000000000e+00,0.00000000000000000e+00,0.00000000000000000e+00,0.00000000000000000e+00,0.00000000000000000e+00,1.86796766684649285e-01,0.00000000000000000e+00,0.00000000000000000e+00,0.00000000000000000e+00,0.00000000000000000e+00,0.00000000000000000e+00,0.00000000000000000e+00,0.00000000000000000e+00,2.56573432261642347e+03,9.88347872774617692e-02,-1.41717243363180923e+00,2.80322857776788794e+01,2.25339957636235444e-09,5.35971048873513890e-10,4.04084532134549943e-10,6.74184990020650772e-14
-2.61249999999999982e+00,7.33509370077221334e-02,-9.34487869617646849e-01,9.93514092530181359e-02,5.03371413505162835e+01,0.00000000000000000e+00,0.00000000000000000e+00,0.00000000000000000e+00,0.00000000000000000e+00,0.00000000000000000e+00,0.00000000000000000e+00,0.00000000000000000e+00,1.85633049339268913e-01,0.00000000000000000e+00,0.00000000000000000e+00,0.00000000000000000e+00,0.00000000000000000e+00,0.00000000000000000e+00,0.00000000000000000e+00,0.00000000000000000e+00,2.53386225897086342e+03,9.93514092129328952e-02,-1.41698943779536668e+00,2.78574286749667444e+01,2.24932581961606672e-09,5.34475824798039937e-10,4.03469271345900672e-10,6.84140046035047518e-14
-2.60833333333333339e+00,7.36572035240695561e-02,-9.34337829577485790e-01,9.98705027115557170e-02,5.00235153186817882e+01,0.00000000000000000e+00,0.00000000000000000e+00,0.00000000000000000e+00,0.00000000000000000e+00,0.00000000000000000e+00,0.00000000000000000e+00,0.00000000000000000e+00,1.84476584665902277e-01,0.00000000000000000e+00,0.00000000000000000e+00,0.00000000000000000e+00,0.00000000000000000e+00,0.00000000000000000e+00,0.00000000000000000e+00,0.00000000000000000e+00,2.50238611644868161e+03,9.98705026713432725e-02,-1.41680567788555822e+00,2.76836637908800256e+01,2.24124431720993822e-09,5.31517431030259004e-10,4.02645860487046234e-10,6.91272007234760906e-14
-2.60416666666666652e+00,7.39647488131616043e-02,-9.34186847769811202e-01,1.00392077259370993e-01,4.97118433367449128e+01,0.00000000000000000e+00,0.00000000000000000e+00,0.00000000000000000e+00,0.00000000000000000e+00,0.00000000000000000e+00,0.00000000000000000e+00,0.00000000000000000e+00,1.83327327513389982e-01,0.00000000000000000e+00,0.00000000000000000e+00,0.00000000000000000e+00,0.00000000000000000e+00,0.00000000000000000e+00,0.00000000000000000e+00,0.00000000000000000e+00,2.47130097684608290e+03,1.00392077219037854e-01,-1.41662115071210293e+00,2.75109842993468305e+01,2.23204607235505106e-09,5.28161031088557383e-10,4.01756201517193529e-10,7.01479217651408786e-14
-2.60000000000000009e+00,7.42735782143338769e-02,-9.34034918291639094e-01,1.00916142476515994e-01,4.94021132301117305e+01,0.00000000000000000e+00,0.00000000000000000e+00,0.00000000000000000e+00,0.00000000000000000e+00,0.00000000000000000e+00,0.00000000000000000e+00,0.00000000000000000e+00,1.82185233012721853e-01,0.00000000000000000e+00,0.00000000000000000e+00,0.00000000000000000e+00,0.00000000000000000e+00,0.00000000000000000e+00,0.00000000000000000e+00,0.00000000000000000e+00,2.44060198305990843e+03,1.00916142436038678e-01,-1.41643585307139963e+00,2.73393834171264558e+01,2.22707667168563029e-09,5.26335908339753947e-10,4.01098525631135794e-10,7.10312791359520405e-14
-2.59583333333333321e+00,7.45836970892157225e-02,-9.33882035203219107e-01,1.01442707956996600e-01,4.90943128997497951e+01,0.00000000000000000e+00,0.00000000000000000e+00,0.00000000000000000e+00,0.00000000000000000e+00,0.00000000000000000e+00,0.00000000000000000e+00,0.00000000000000000e+00,1.81050256573976220e-01,0.00000000000000000e+00,0.00000000000000000e+00,0.00000000000000000e+00,0.00000000000000000e+00,0.00000000000000000e+00,0.00000000000000000e+00,0.00000000000000000e+00,2.41028433829394453e+03,1.01442707916383865e-01,-1.41624978174647054e+00,2.71688544035402195e+01,2.21987315981163001e-09,5.23669760796430357e-10,4.00351451879432329e-10,7.20797690844889636e-14
-2.59166666666666679e+00,7.48951108218231382e-02,-9.33728192527572998e-01,1.01971783307823957e-01,4.87884303221782432e+01,0.00000000000000000e+00,0.00000000000000000e+00,0.00000000000000000e+00,0.00000000000000000e+00,0.00000000000000000e+00,0.00000000000000000e+00,0.00000000000000000e+00,1.79922353886310810e-01,0.00000000000000000e+00,0.00000000000000000e+00,0.00000000000000000e+00,0.00000000000000000e+00,0.00000000000000000e+00,0.00000000000000000e+00,0.00000000000000000e+00,2.38034330535546951e+03,1.01971783267085822e-01,-1.41606293350690615e+00,2.69993905602041941e+01,2.21074986125316399e-09,5.20306959301519941e-10,3.99503997893564562e-10,7.28314815565368711e-14
-2.58749999999999991e+00,7.52078248186524023e-02,-9.33573384250296567e-01,1.02503378148838212e-01,4.84844535489330966e+01,0.00000000000000000e+00,0.00000000000000000e+00,0.00000000000000000e+00,0.00000000000000000e+00,0.00000000000000000e+00,0.00000000000000000e+00,0.00000000000000000e+00,1.78801480915995958e-01,0.00000000000000000e+00,0.00000000000000000e+00,0.00000000000000000e+00,0.00000000000000000e+00,0.00000000000000000e+00,0.00000000000000000e+00,0.00000000000000000e+00,2.35077420590822885e+03,1.02503378107960799e-01,-1.41587530510880866e+00,2.68309852307633179e+01,2.20434407666527413e-09,5.17941099241839763e-10,3.98790882022661911e-10,7.37486078552737350e-14
-2.58333333333333348e+00,7.55218445087737639e-02,-9.33417604319469074e-01,1.03037502112855825e-01,4.81823707058264148e+01,0.00000000000000000e+00,0.00000000000000000e+00,0.00000000000000000e+00,0.00000000000000000e+00,0.00000000000000000e+00,0.00000000000000000e+00,0.00000000000000000e+00,1.77687593903677554e-01,0.00000000000000000e+00,0.00000000000000000e+00,0.00000000000000000e+00,0.00000000000000000e+00,0.00000000000000000e+00,0.00000000000000000e+00,0.00000000000000000e+00,2.32157241971470694e+03,1.03037502071833126e-01,-1.41568689329473574e+00,2.66636318006276518e+01,2.19835915972692724e-09,5.15694880211654042e-10,3.98133672708184684e-10,7.46772746571120357e-14
-2.57916666666666661e+00,7.58371753439258944e-02,-9.33260846645343478e-01,1.03574164845166197e-01,4.78821699926290734e+01,0.00000000000000000e+00,0.00000000000000000e+00,0.00000000000000000e+00,0.00000000000000000e+00,0.00000000000000000e+00,0.00000000000000000e+00,0.00000000000000000e+00,1.76580649363221737e-01,0.00000000000000000e+00,0.00000000000000000e+00,0.00000000000000000e+00,0.00000000000000000e+00,0.00000000000000000e+00,0.00000000000000000e+00,0.00000000000000000e+00,2.29273338392875758e+03,1.03574164804011104e-01,-1.41549769479364440e+00,2.64973236967098025e+01,2.18948309828998103e-09,5.12375942682278980e-10,3.97349023282964983e-10,7.54557049233630068e-14
-2.57500000000000018e+00,7.61538227986103267e-02,-9.33103105100017927e-01,1.04113376002967786e-01,4.75838396827916199e+01,0.00000000000000000e+00,0.00000000000000000e+00,0.00000000000000000e+00,0.00000000000000000e+00,0.00000000000000000e+00,0.00000000000000000e+00,0.00000000000000000e+00,1.75480604080701846e-01,0.00000000000000000e+00,0.00000000000000000e+00,0.00000000000000000e+00,0.00000000000000000e+00,0.00000000000000000e+00,0.00000000000000000e+00,0.00000000000000000e+00,2.26425259240002288e+03,1.04113375961678259e-01,-1.41530770632083369e+00,2.63320543871644439e+01,2.18098809555049927e-09,5.09198325918126891e-10,3.96582350455283326e-10,7.65698118899429525e-14
-2.57083333333333330e+00,7.64717923701867114e-02,-9.32944373517276437e-01,1.04655145255312873e-01,4.72873681228366891e+01,0.00000000000000000e+00,0.00000000000000000e+00,0.00000000000000000e+00,0.00000000000000000e+00,0.00000000000000000e+00,0.00000000000000000e+00,0.00000000000000000e+00,1.74387415112158967e-01,0.00000000000000000e+00,0.00000000000000000e+00,0.00000000000000000e+00,0.00000000000000000e+00,0.00000000000000000e+00,0.00000000000000000e+00,0.00000000000000000e+00,2.23612559495522100e+03,1.04655145213866874e-01,-1.41511692457788785e+00,2.61678173811291970e+01,2.17662254330735886e-09,5.07527983336806060e-10,3.96024479499345672e-10,7.77000036031501541e-14
-2.56666666666666687e+00,7.67910895789680331e-02,-9.32784645692509407e-01,1.05199482283297188e-01,4.69927437316122720e+01,0.00000000000000000e+00,0.00000000000000000e+00,0.00000000000000000e+00,0.00000000000000000e+00,0.00000000000000000e+00,0.00000000000000000e+00,0.00000000000000000e+00,1.73301039780841215e-01,0.00000000000000000e+00,0.00000000000000000e+00,0.00000000000000000e+00,0.00000000000000000e+00,0.00000000000000000e+00,0.00000000000000000e+00,0.00000000000000000e+00,2.20834799667537345e+03,1.05199482241709344e-01,-1.41492534625261923e+00,2.60046062284673631e+01,2.16821020014934784e-09,5.04321686334908447e-10,3.95323659330188694e-10,7.85102758347627956e-14
-2.56250000000000000e+00,7.71117199683167137e-02,-9.32623915382175817e-01,1.05746396778859122e-01,4.66999550003937571e+01,0.00000000000000000e+00,0.00000000000000000e+00,0.00000000000000000e+00,0.00000000000000000e+00,0.00000000000000000e+00,0.00000000000000000e+00,0.00000000000000000e+00,1.72221435677616802e-01,0.00000000000000000e+00,0.00000000000000000e+00,0.00000000000000000e+00,0.00000000000000000e+00,0.00000000000000000e+00,0.00000000000000000e+00,0.00000000000000000e+00,2.18091545726170853e+03,1.05746396737132056e-01,-1.41473296801900994e+00,2.58424145195120865e+01,2.15902874942794893e-09,5.00824497697399788e-10,3.94595631948086841e-10,7.93286249240561235e-14
-2.55833333333333313e+00,7.74336891047405634e-02,-9.32462176303681112e-01,1.06295898444840220e-01,4.64089904922118848e+01,0.00000000000000000e+00,0.00000000000000000e+00,0.00000000000000000e+00,0.00000000000000000e+00,0.00000000000000000e+00,0.00000000000000000e+00,0.00000000000000000e+00,1.71148560658492654e-01,0.00000000000000000e+00,0.00000000000000000e+00,0.00000000000000000e+00,0.00000000000000000e+00,0.00000000000000000e+00,0.00000000000000000e+00,0.00000000000000000e+00,2.15382369033602845e+03,1.06295898402952019e-01,-1.41453978653715562e+00,2.56812358848123523e+01,2.15457381485885701e-09,4.99084742082954229e-10,3.94071660998303981e-10,8.04998789312019391e-14
-2.55416666666666670e+00,7.77570025779896201e-02,-9.32299422135339562e-01,1.06847996995306477e-01,4.61198388410429061e+01,0.00000000000000000e+00,0.00000000000000000e+00,0.00000000000000000e+00,0.00000000000000000e+00,0.00000000000000000e+00,0.00000000000000000e+00,0.00000000000000000e+00,1.70082372841617230e-01,0.00000000000000000e+00,0.00000000000000000e+00,0.00000000000000000e+00,0.00000000000000000e+00,0.00000000000000000e+00,0.00000000000000000e+00,0.00000000000000000e+00,2.12706846273732162e+03,1.06847996953266994e-01,-1.41434579845320618e+00,2.55210639948804641e+01,2.14688742999267836e-09,4.96101963822913653e-10,3.93451297212791115e-10,8.15134948978308186e-14
-2.54999999999999982e+00,7.80816660011531688e-02,-9.32135646515828475e-01,1.07402702154318061e-01,4.58324887519047266e+01,0.00000000000000000e+00,0.00000000000000000e+00,0.00000000000000000e+00,0.00000000000000000e+00,0.00000000000000000e+00,0.00000000000000000e+00,0.00000000000000000e+00,1.69022830607671953e-01,0.00000000000000000e+00,0.00000000000000000e+00,0.00000000000000000e+00,0.00000000000000000e+00,0.00000000000000000e+00,0.00000000000000000e+00,0.00000000000000000e+00,2.10064559391073999e+03,1.07402702112133167e-01,-1.41415100039930808e+00,2.53618925599410794e+01,2.13770670038511775e-09,4.92560173716801909e-10,3.92773120572503253e-10,8.21863744468821148e-14
-2.54583333333333339e+00,7.84076850107570805e-02,-9.31970843044027553e-01,1.07960023655872955e-01,4.55469290002639369e+01,0.00000000000000000e+00,0.00000000000000000e+00,0.00000000000000000e+00,0.00000000000000000e+00,0.00000000000000000e+00,0.00000000000000000e+00,0.00000000000000000e+00,1.67969892597685910e-01,0.00000000000000000e+00,0.00000000000000000e+00,0.00000000000000000e+00,0.00000000000000000e+00,0.00000000000000000e+00,0.00000000000000000e+00,0.00000000000000000e+00,2.07455095523990349e+03,1.07960023613528758e-01,-1.41395538899354567e+00,2.52037153296820122e+01,2.13210090012674680e-09,4.90373118465558948e-10,3.92221084948347214e-10,8.34001768797971015e-14
-2.54166666666666652e+00,7.87350652668618589e-02,-9.31805005278944609e-01,1.08519971244123603e-01,4.52631484313002659e+01,0.00000000000000000e+00,0.00000000000000000e+00,0.00000000000000000e+00,0.00000000000000000e+00,0.00000000000000000e+00,0.00000000000000000e+00,0.00000000000000000e+00,1.66923517710315050e-01,0.00000000000000000e+00,0.00000000000000000e+00,0.00000000000000000e+00,0.00000000000000000e+00,0.00000000000000000e+00,0.00000000000000000e+00,0.00000000000000000e+00,2.04878046937468434e+03,1.08519971201619964e-01,-1.41375896083988284e+00,2.50465260930064524e+01,2.12545296219810870e-09,4.87758077059373964e-10,3.91666520238045633e-10,8.42690585957385885e-14
-2.53750000000000009e+00,7.90638124531606451e-02,-9.31638126739295136e-01,1.09082554672521453e-01,4.49811359597694747e+01,0.00000000000000000e+00,0.00000000000000000e+00,0.00000000000000000e+00,0.00000000000000000e+00,0.00000000000000000e+00,0.00000000000000000e+00,0.00000000000000000e+00,1.65883665101362682e-01,0.00000000000000000e+00,0.00000000000000000e+00,0.00000000000000000e+00,0.00000000000000000e+00,0.00000000000000000e+00,0.00000000000000000e+00,0.00000000000000000e+00,2.02333010962161393e+03,1.09082554629866324e-01,-1.41356171252810370e+00,2.48903186777868690e+01,2.11642815121417968e-09,4.84238212044395044e-10,3.91035299579450186e-10,8.51465886580881933e-14
-2.53333333333333321e+00,7.93939322770782219e-02,-9.31470200903226297e-01,1.09647783703410481e-01,4.47008805696149096e+01,0.00000000000000000e+00,0.00000000000000000e+00,0.00000000000000000e+00,0.00000000000000000e+00,0.00000000000000000e+00,0.00000000000000000e+00,0.00000000000000000e+00,1.64850294182358914e-01,0.00000000000000000e+00,0.00000000000000000e+00,0.00000000000000000e+00,0.00000000000000000e+00,0.00000000000000000e+00,0.00000000000000000e+00,0.00000000000000000e+00,1.99819589931846781e+03,1.09647783660598422e-01,-1.41336364063375308e+00,2.47350869506203495e+01,2.10907780415089121e-09,4.81364438170181472e-10,3.90450750793393916e-10,8.62186630674845436e-14
-2.52916666666666679e+00,7.97254304698697402e-02,-9.31301221208187369e-01,1.10215668108072373e-01,4.44223713133337412e+01,0.00000000000000000e+00,0.00000000000000000e+00,0.00000000000000000e+00,0.00000000000000000e+00,0.00000000000000000e+00,0.00000000000000000e+00,0.00000000000000000e+00,1.63823364618220724e-01,0.00000000000000000e+00,0.00000000000000000e+00,0.00000000000000000e+00,0.00000000000000000e+00,0.00000000000000000e+00,0.00000000000000000e+00,0.00000000000000000e+00,1.97337391119449126e+03,1.10215668065092684e-01,-1.41316474171807815e+00,2.45808248165857037e+01,2.10384013836682561e-09,4.79272411315449843e-10,3.89959885074228624e-10,8.74923811016308391e-14
-2.52499999999999991e+00,8.00583127867205424e-02,-9.31131181050707579e-01,1.10786217666489661e-01,4.41455973114991238e+01,0.00000000000000000e+00,0.00000000000000000e+00,0.00000000000000000e+00,0.00000000000000000e+00,0.00000000000000000e+00,0.00000000000000000e+00,0.00000000000000000e+00,1.62802836325496081e-01,0.00000000000000000e+00,0.00000000000000000e+00,0.00000000000000000e+00,0.00000000000000000e+00,0.00000000000000000e+00,0.00000000000000000e+00,0.00000000000000000e+00,1.94886026675255448e+03,1.10786217623351807e-01,-1.41296501232796778e+00,2.44275262190018232e+01,2.09516461270208069e-09,4.75850252634084016e-10,3.89379250642417697e-10,8.84034452860768090e-14
-2.52083333333333348e+00,8.03925850068458320e-02,-9.30960073785948694e-01,1.11359442166399814e-01,4.38705477526580978e+01,0.00000000000000000e+00,0.00000000000000000e+00,0.00000000000000000e+00,0.00000000000000000e+00,0.00000000000000000e+00,0.00000000000000000e+00,0.00000000000000000e+00,1.61788669472016755e-01,0.00000000000000000e+00,0.00000000000000000e+00,0.00000000000000000e+00,0.00000000000000000e+00,0.00000000000000000e+00,0.00000000000000000e+00,0.00000000000000000e+00,1.92465113569182404e+03,1.11359442123105321e-01,-1.41276444899589260e+00,2.42751851391878510e+01,2.08602834873943462e-09,4.72256032208184988e-10,3.88781518345020637e-10,8.91306472634587020e-14
-2.51666666666666661e+00,8.07282529335912186e-02,-9.30787892727530153e-01,1.11935351403202696e-01,4.35972118927728403e+01,0.00000000000000000e+00,0.00000000000000000e+00,0.00000000000000000e+00,0.00000000000000000e+00,0.00000000000000000e+00,0.00000000000000000e+00,0.00000000000000000e+00,1.60780824474839573e-01,0.00000000000000000e+00,0.00000000000000000e+00,0.00000000000000000e+00,0.00000000000000000e+00,0.00000000000000000e+00,0.00000000000000000e+00,0.00000000000000000e+00,1.90074273529685252e+03,1.11935351359734800e-01,-1.41256304823984524e+00,2.41237955962246424e+01,2.08196167486509577e-09,4.70609947106416003e-10,3.88330365888056520e-10,9.04481935565474011e-14
-2.51250000000000018e+00,8.10653223945332346e-02,-9.30614631147506643e-01,1.12513955180353731e-01,4.33255790544274433e+01,0.00000000000000000e+00,0.00000000000000000e+00,0.00000000000000000e+00,0.00000000000000000e+00,0.00000000000000000e+00,0.00000000000000000e+00,0.00000000000000000e+00,1.59779261997306521e-01,0.00000000000000000e+00,0.00000000000000000e+00,0.00000000000000000e+00,0.00000000000000000e+00,0.00000000000000000e+00,0.00000000000000000e+00,0.00000000000000000e+00,1.87713132981400622e+03,1.12513955136720675e-01,-1.41236080656328000e+00,2.39733516467179442e+01,2.07387252911919357e-09,4.67382430207236622e-10,3.87801277175034185e-10,9.13891526201014226e-14
-2.50833333333333330e+00,8.14037992415807959e-02,-9.30440282275745711e-01,1.13095263307860627e-01,4.30556386269937974e+01,0.00000000000000000e+00,0.00000000000000000e+00,0.00000000000000000e+00,0.00000000000000000e+00,0.00000000000000000e+00,0.00000000000000000e+00,0.00000000000000000e+00,1.58783942949704659e-01,0.00000000000000000e+00,0.00000000000000000e+00,0.00000000000000000e+00,0.00000000000000000e+00,0.00000000000000000e+00,0.00000000000000000e+00,0.00000000000000000e+00,1.85381322991881893e+03,1.13095263264065410e-01,-1.41215772045505150e+00,2.38238473845628889e+01,2.06467426433738815e-09,4.63729810522139297e-10,3.87241836559608311e-10,9.23394567483466604e-14
-2.50416666666666687e+00,8.17436893510764540e-02,-9.30264839299799862e-01,1.13679285602340779e-01,4.27873800660044381e+01,0.00000000000000000e+00,0.00000000000000000e+00,0.00000000000000000e+00,0.00000000000000000e+00,0.00000000000000000e+00,0.00000000000000000e+00,0.00000000000000000e+00,1.57794828486949923e-01,0.00000000000000000e+00,0.00000000000000000e+00,0.00000000000000000e+00,0.00000000000000000e+00,0.00000000000000000e+00,0.00000000000000000e+00,0.00000000000000000e+00,1.83078479212061120e+03,1.13679285558372062e-01,-1.41195378638935409e+00,2.36752769407101589e+01,2.05971722107464247e-09,4.61729646701227663e-10,3.86778623209813556e-10,9.37048406164614952e-14
-2.50000000000000000e+00,8.20849986238988000e-02,-9.30088295364843165e-01,1.14266031887293784e-01,4.25207928924351535e+01,0.00000000000000000e+00,0.00000000000000000e+00,0.00000000000000000e+00,0.00000000000000000e+00,0.00000000000000000e+00,0.00000000000000000e+00,0.00000000000000000e+00,1.56811880005930382e-01,0.00000000000000000e+00,0.00000000000000000e+00,0.00000000000000000e+00,0.00000000000000000e+00,0.00000000000000000e+00,0.00000000000000000e+00,0.00000000000000000e+00,1.80804241816707486e+03,1.14266031843152857e-01,-1.41174900082566079e+00,2.35276344829334505e+01,2.05250256117905365e-09,4.58815694597855884e-10,3.86299640519936419e-10,9.46792006898825644e-14
-2.49583333333333313e+00,8.24277329855645641e-02,-9.29910643573148010e-01,1.14855511991901249e-01,4.22558666926987243e+01,0.00000000000000000e+00,0.00000000000000000e+00,0.00000000000000000e+00,0.00000000000000000e+00,0.00000000000000000e+00,0.00000000000000000e+00,0.00000000000000000e+00,1.55835059145521926e-01,0.00000000000000000e+00,0.00000000000000000e+00,0.00000000000000000e+00,0.00000000000000000e+00,0.00000000000000000e+00,0.00000000000000000e+00,0.00000000000000000e+00,1.78558255451678428e+03,1.14855511947592123e-01,-1.41154336020866111e+00,2.33809142155986116e+01,2.04337826635318317e-09,4.55156666330982088e-10,3.85781448896403474e-10,9.56632301653754798e-14
-2.49166666666666670e+00,8.27718983863316576e-02,-9.29731876983857619e-01,1.15447735750772232e-01,4.19925911181799876e+01,0.00000000000000000e+00,0.00000000000000000e+00,0.00000000000000000e+00,0.00000000000000000e+00,0.00000000000000000e+00,0.00000000000000000e+00,0.00000000000000000e+00,1.54864327784880462e-01,0.00000000000000000e+00,0.00000000000000000e+00,0.00000000000000000e+00,0.00000000000000000e+00,0.00000000000000000e+00,0.00000000000000000e+00,0.00000000000000000e+00,1.76340169177866892e+03,1.15447735706289231e-01,-1.41133686096820110e+00,2.32351103794340865e+01,2.03699037813688698e-09,4.52580184919529853e-10,3.85308558406841747e-10,9.68675996581371915e-14
-2.48749999999999982e+00,8.31175008013025629e-02,-9.29551988612878466e-01,1.16042713004079173e-01,4.17309558845930439e+01,0.00000000000000000e+00,0.00000000000000000e+00,0.00000000000000000e+00,0.00000000000000000e+00,0.00000000000000000e+00,0.00000000000000000e+00,0.00000000000000000e+00,1.53899648041064679e-01,0.00000000000000000e+00,0.00000000000000000e+00,0.00000000000000000e+00,0.00000000000000000e+00,0.00000000000000000e+00,0.00000000000000000e+00,0.00000000000000000e+00,1.74149636414351789e+03,1.16042712959417302e-01,-1.41112949951921829e+00,2.30902172513028461e+01,2.03099038702685698e-09,4.50125282398634394e-10,3.84874416362521107e-10,9.80871192677683042e-14
-2.48333333333333339e+00,8.34645462305278057e-02,-9.29370971432526449e-01,1.16640453596894664e-01,4.14709507717103065e+01,0.00000000000000000e+00,0.00000000000000000e+00,0.00000000000000000e+00,0.00000000000000000e+00,0.00000000000000000e+00,0.00000000000000000e+00,0.00000000000000000e+00,1.52940982268057579e-01,0.00000000000000000e+00,0.00000000000000000e+00,0.00000000000000000e+00,0.00000000000000000e+00,0.00000000000000000e+00,0.00000000000000000e+00,0.00000000000000000e+00,1.71986314885367688e+03,1.16640453552058196e-01,-1.41092127226168329e+00,2.29462291439758701e+01,2.02211091290924786e-09,4.46529292768636375e-10,3.84398949990178949e-10,9.88901446322760495e-14
-2.47916666666666652e+00,8.38130406991104554e-02,-9.29188818371153302e-01,1.17240967378470284e-01,4.12125656231177189e+01,0.00000000000000000e+00,0.00000000000000000e+00,0.00000000000000000e+00,0.00000000000000000e+00,0.00000000000000000e+00,0.00000000000000000e+00,0.00000000000000000e+00,1.51988293055886431e-01,0.00000000000000000e+00,0.00000000000000000e+00,0.00000000000000000e+00,0.00000000000000000e+00,0.00000000000000000e+00,0.00000000000000000e+00,0.00000000000000000e+00,1.69849866568101038e+03,1.17240967333458679e-01,-1.41071217558053386e+00,2.28031404059068912e+01,2.01364199869985230e-09,4.43103431300248956e-10,3.83923867037886882e-10,9.99164657678486965e-14
-2.47500000000000009e+00,8.41629902573103605e-02,-9.29005522312964183e-01,1.17844264202126958e-01,4.09557903456874968e+01,0.00000000000000000e+00,0.00000000000000000e+00,0.00000000000000000e+00,0.00000000000000000e+00,0.00000000000000000e+00,0.00000000000000000e+00,0.00000000000000000e+00,1.51041543228680158e-01,0.00000000000000000e+00,0.00000000000000000e+00,0.00000000000000000e+00,0.00000000000000000e+00,0.00000000000000000e+00,0.00000000000000000e+00,0.00000000000000000e+00,1.67739957638769010e+03,1.17844264156930875e-01,-1.41050220584561381e+00,2.26609454210087797e+01,2.00925684099351478e-09,4.41280136325949927e-10,3.83523825368934149e-10,1.01174329967040624e-13
-2.47083333333333321e+00,8.45144009806495511e-02,-9.28821076097917531e-01,1.18450353925425120e-01,4.07006149089357692e+01,0.00000000000000000e+00,0.00000000000000000e+00,0.00000000000000000e+00,0.00000000000000000e+00,0.00000000000000000e+00,0.00000000000000000e+00,0.00000000000000000e+00,1.50100695842291909e-01,0.00000000000000000e+00,0.00000000000000000e+00,0.00000000000000000e+00,0.00000000000000000e+00,0.00000000000000000e+00,0.00000000000000000e+00,0.00000000000000000e+00,1.65656258418437687e+03,1.18450353880047821e-01,-1.41029135941161021e+00,2.25196386084311193e+01,2.00083883394792280e-09,4.37835222822188324e-10,3.83091292292806338e-10,1.02223841079407346e-13
-2.46666666666666679e+00,8.48672789700174041e-02,-9.28635472521121441e-01,1.19059246408681554e-01,4.04470293451071612e+01,0.00000000000000000e+00,0.00000000000000000e+00,0.00000000000000000e+00,0.00000000000000000e+00,0.00000000000000000e+00,0.00000000000000000e+00,0.00000000000000000e+00,1.49165714184660680e-01,0.00000000000000000e+00,0.00000000000000000e+00,0.00000000000000000e+00,0.00000000000000000e+00,0.00000000000000000e+00,0.00000000000000000e+00,0.00000000000000000e+00,1.63598443325424819e+03,1.19059246363124163e-01,-1.41007963261798963e+00,2.23792144223394232e+01,1.99165780433566661e-09,4.34093212793950302e-10,3.82644713320981501e-10,1.03283728708140329e-13
-2.46249999999999991e+00,8.52216303517768364e-02,-9.28448704332688668e-01,1.19670951514991283e-01,4.01950237485939113e+01,0.00000000000000000e+00,0.00000000000000000e+00,0.00000000000000000e+00,0.00000000000000000e+00,0.00000000000000000e+00,0.00000000000000000e+00,0.00000000000000000e+00,1.48236561773666176e-01,0.00000000000000000e+00,0.00000000000000000e+00,0.00000000000000000e+00,0.00000000000000000e+00,0.00000000000000000e+00,0.00000000000000000e+00,0.00000000000000000e+00,1.61566190822827502e+03,1.19670951469247014e-01,-1.40986702178893397e+00,2.22396673516954984e+01,1.98721200019283899e-09,4.32241584825665562e-10,3.82250403475776871e-10,1.04583942415976911e-13
-2.45833333333333348e+00,8.55774612778703730e-02,-9.28260764237688329e-01,1.20285479110567819e-01,3.99445882752339898e+01,0.00000000000000000e+00,0.00000000000000000e+00,0.00000000000000000e+00,0.00000000000000000e+00,0.00000000000000000e+00,0.00000000000000000e+00,0.00000000000000000e+00,1.47313202354525330e-01,0.00000000000000000e+00,0.00000000000000000e+00,0.00000000000000000e+00,0.00000000000000000e+00,0.00000000000000000e+00,0.00000000000000000e+00,0.00000000000000000e+00,1.59559183365754870e+03,1.20285479064636130e-01,-1.40965352323327764e+00,2.21009919200395046e+01,1.97951600553887394e-09,4.29059431906357931e-10,3.81855643465597748e-10,1.05667761602251250e-13
-2.45416666666666661e+00,8.59347779259272831e-02,-9.28071644895528625e-01,1.20902839063210962e-01,3.96957131423959027e+01,0.00000000000000000e+00,0.00000000000000000e+00,0.00000000000000000e+00,0.00000000000000000e+00,0.00000000000000000e+00,0.00000000000000000e+00,0.00000000000000000e+00,1.46395599900157353e-01,0.00000000000000000e+00,0.00000000000000000e+00,0.00000000000000000e+00,0.00000000000000000e+00,0.00000000000000000e+00,0.00000000000000000e+00,0.00000000000000000e+00,1.57577107355505291e+03,1.20902839017093033e-01,-1.40943913324444359e+00,2.19631826852730612e+01,1.97033454706707145e-09,4.25285782504046740e-10,3.81446203373728186e-10,1.06644440984746323e-13
-2.45000000000000018e+00,8.62935864993704949e-02,-9.27881338919771315e-01,1.21523041242195359e-01,3.94483886284636753e+01,0.00000000000000000e+00,0.00000000000000000e+00,0.00000000000000000e+00,0.00000000000000000e+00,0.00000000000000000e+00,0.00000000000000000e+00,0.00000000000000000e+00,1.45483718609285689e-01,0.00000000000000000e+00,0.00000000000000000e+00,0.00000000000000000e+00,0.00000000000000000e+00,0.00000000000000000e+00,0.00000000000000000e+00,0.00000000000000000e+00,1.55619653089468261e+03,1.21523041195888443e-01,-1.40922384810037782e+00,2.18262342394440303e+01,1.96474408279646765e-09,4.22965132387347635e-10,3.81054622883390570e-10,1.07867595470043057e-13
-2.44583333333333330e+00,8.66538932275246060e-02,-9.27689838878042350e-01,1.22146095518483461e-01,3.92026050721991410e+01,0.00000000000000000e+00,0.00000000000000000e+00,0.00000000000000000e+00,0.00000000000000000e+00,0.00000000000000000e+00,0.00000000000000000e+00,0.00000000000000000e+00,1.44577522904075606e-01,0.00000000000000000e+00,0.00000000000000000e+00,0.00000000000000000e+00,0.00000000000000000e+00,0.00000000000000000e+00,0.00000000000000000e+00,0.00000000000000000e+00,1.53686514710694269e+03,1.22146095471983573e-01,-1.40900766406348521e+00,2.16901412085324630e+01,1.95808356221641769e-09,4.20180129273675246e-10,3.80690738368098376e-10,1.09104630368174457e-13
-2.44166666666666687e+00,8.70157043657237145e-02,-9.27497137291553253e-01,1.22772011763643774e-01,3.89583528726258663e+01,0.00000000000000000e+00,0.00000000000000000e+00,0.00000000000000000e+00,0.00000000000000000e+00,0.00000000000000000e+00,0.00000000000000000e+00,0.00000000000000000e+00,1.43676977429742614e-01,0.00000000000000000e+00,0.00000000000000000e+00,0.00000000000000000e+00,0.00000000000000000e+00,0.00000000000000000e+00,0.00000000000000000e+00,0.00000000000000000e+00,1.51777390162187930e+03,1.22772011716951318e-01,-1.40879057738056579e+00,2.15548982522380328e+01,1.94905600560381515e-09,4.16437475231421026e-10,3.80318403230856261e-10,1.10111009917386616e-13
-2.43750000000000000e+00,8.73790261954203867e-02,-9.27303226634788480e-01,1.23400799849319606e-01,3.87156224886906060e+01,0.00000000000000000e+00,0.00000000000000000e+00,0.00000000000000000e+00,0.00000000000000000e+00,0.00000000000000000e+00,0.00000000000000000e+00,0.00000000000000000e+00,1.42782047053320177e-01,0.00000000000000000e+00,0.00000000000000000e+00,0.00000000000000000e+00,0.00000000000000000e+00,0.00000000000000000e+00,0.00000000000000000e+00,0.00000000000000000e+00,1.49891981139976656e+03,1.23400799802434485e-01,-1.40857258428274790e+00,2.14205000637686673e+01,1.94172793120117601e-09,4.13394689044615297e-10,3.79941790173403935e-10,1.11125422021168022e-13
-2.43333333333333313e+00,8.77438650242943347e-02,-9.27108099335353431e-01,1.24032469647236868e-01,3.84744044387133073e+01,0.00000000000000000e+00,0.00000000000000000e+00,0.00000000000000000e+00,0.00000000000000000e+00,0.00000000000000000e+00,0.00000000000000000e+00,0.00000000000000000e+00,1.41892696861628170e-01,0.00000000000000000e+00,0.00000000000000000e+00,0.00000000000000000e+00,0.00000000000000000e+00,0.00000000000000000e+00,0.00000000000000000e+00,0.00000000000000000e+00,1.48029993045110496e+03,1.24032469600154543e-01,-1.40835368098542335e+00,2.12869413696307390e+01,1.93647332124285328e-09,4.11169193700856620e-10,3.79596764478655228e-10,1.12524244534476086e-13
-2.42916666666666670e+00,8.81102271863621611e-02,-9.26911747773716765e-01,1.24667031028860079e-01,3.82346892999771910e+01,0.00000000000000000e+00,0.00000000000000000e+00,0.00000000000000000e+00,0.00000000000000000e+00,0.00000000000000000e+00,0.00000000000000000e+00,0.00000000000000000e+00,1.41008892159770499e-01,0.00000000000000000e+00,0.00000000000000000e+00,0.00000000000000000e+00,0.00000000000000000e+00,0.00000000000000000e+00,0.00000000000000000e+00,0.00000000000000000e+00,1.46191134937345828e+03,1.24667030981578872e-01,-1.40813386368818261e+00,2.11542169294204001e+01,1.92779247401951509e-09,4.07537005323210037e-10,3.79259908215637316e-10,1.13432562336695574e-13
-2.42499999999999982e+00,8.84781190420873137e-02,-9.26714164282707364e-01,1.25304493864220462e-01,3.79964677086366152e+01,0.00000000000000000e+00,0.00000000000000000e+00,0.00000000000000000e+00,0.00000000000000000e+00,0.00000000000000000e+00,0.00000000000000000e+00,0.00000000000000000e+00,1.40130598470835699e-01,0.00000000000000000e+00,0.00000000000000000e+00,0.00000000000000000e+00,0.00000000000000000e+00,0.00000000000000000e+00,0.00000000000000000e+00,0.00000000000000000e+00,1.44375119491809278e+03,1.25304493816740331e-01,-1.40791312857474749e+00,2.10223215356162463e+01,1.91865709941226499e-09,4.03727470969026434e-10,3.78918021946341547e-10,1.14474524642983317e-13
-2.42083333333333339e+00,8.88475469784903715e-02,-9.26515341147311156e-01,1.25944868021751033e-01,3.77597303592348084e+01,0.00000000000000000e+00,0.00000000000000000e+00,0.00000000000000000e+00,0.00000000000000000e+00,0.00000000000000000e+00,0.00000000000000000e+00,0.00000000000000000e+00,1.39257781534121022e-01,0.00000000000000000e+00,0.00000000000000000e+00,0.00000000000000000e+00,0.00000000000000000e+00,0.00000000000000000e+00,0.00000000000000000e+00,0.00000000000000000e+00,1.42581662953183672e+03,1.25944867974071201e-01,-1.40769147181290588e+00,2.08912500133734440e+01,1.91459813543302124e-09,4.01988293673745423e-10,3.78577016051160794e-10,1.16045697143178866e-13
-2.41666666666666652e+00,8.92185174092601091e-02,-9.26315270604636920e-01,1.26588163368707374e-01,3.75244680040159295e+01,0.00000000000000000e+00,0.00000000000000000e+00,0.00000000000000000e+00,0.00000000000000000e+00,0.00000000000000000e+00,0.00000000000000000e+00,0.00000000000000000e+00,1.38390407302576096e-01,0.00000000000000000e+00,0.00000000000000000e+00,0.00000000000000000e+00,0.00000000000000000e+00,0.00000000000000000e+00,0.00000000000000000e+00,0.00000000000000000e+00,1.40810485088924861e+03,1.26588163320822761e-01,-1.40746888955444405e+00,2.07609972203190267e+01,1.90650079327222805e-09,3.98568525174427778e-10,3.78270856336824281e-10,1.17110742901515693e-13
-2.41250000000000009e+00,8.95910367748646713e-02,-9.26113944843217629e-01,1.27234389769317696e-01,3.72906714530703454e+01,0.00000000000000000e+00,0.00000000000000000e+00,0.00000000000000000e+00,0.00000000000000000e+00,0.00000000000000000e+00,0.00000000000000000e+00,0.00000000000000000e+00,1.37528441943404883e-01,0.00000000000000000e+00,0.00000000000000000e+00,0.00000000000000000e+00,0.00000000000000000e+00,0.00000000000000000e+00,0.00000000000000000e+00,0.00000000000000000e+00,1.39061309149317913e+03,1.27234389721227636e-01,-1.40724537793508109e+00,2.06315580463485695e+01,1.89730280670014695e-09,3.94703476966401166e-10,3.77964320947711444e-10,1.17917114215489934e-13
-2.40833333333333321e+00,8.99651115426635534e-02,-9.25911356002859343e-01,1.27883557084804922e-01,3.70583315737899142e+01,0.00000000000000000e+00,0.00000000000000000e+00,0.00000000000000000e+00,0.00000000000000000e+00,0.00000000000000000e+00,0.00000000000000000e+00,0.00000000000000000e+00,1.36671851836052460e-01,0.00000000000000000e+00,0.00000000000000000e+00,0.00000000000000000e+00,0.00000000000000000e+00,0.00000000000000000e+00,0.00000000000000000e+00,0.00000000000000000e+00,1.37333861822803874e+03,1.27883557036511802e-01,-1.40702093307440190e+00,2.05029274134240360e+01,1.89235836936222498e-09,3.92595473134939095e-10,3.77633533368141601e-10,1.19401324954540744e-13
-2.40416666666666679e+00,9.03407482070197193e-02,-9.25707496174562383e-01,1.28535675173659131e-01,3.68274392902466019e+01,0.00000000000000000e+00,0.00000000000000000e+00,0.00000000000000000e+00,0.00000000000000000e+00,0.00000000000000000e+00,0.00000000000000000e+00,0.00000000000000000e+00,1.35820603569899001e-01,0.00000000000000000e+00,0.00000000000000000e+00,0.00000000000000000e+00,0.00000000000000000e+00,0.00000000000000000e+00,0.00000000000000000e+00,0.00000000000000000e+00,1.35627873191315325e+03,1.28535675125156207e-01,-1.40679555107578813e+00,2.03751002753731392e+01,1.88513235255172150e-09,3.89512966886588673e-10,3.77349898012634021e-10,1.20493426133542919e-13
-2.39999999999999991e+00,9.07179532894125118e-02,-9.25502357399931586e-01,1.29190753890151389e-01,3.65979855831887306e+01,0.00000000000000000e+00,0.00000000000000000e+00,0.00000000000000000e+00,0.00000000000000000e+00,0.00000000000000000e+00,0.00000000000000000e+00,0.00000000000000000e+00,1.34974663944299106e-01,0.00000000000000000e+00,0.00000000000000000e+00,0.00000000000000000e+00,0.00000000000000000e+00,0.00000000000000000e+00,0.00000000000000000e+00,0.00000000000000000e+00,1.33943076690719704e+03,1.29190753841436495e-01,-1.40656922802635265e+00,2.02480716176896536e+01,1.87600600433429529e-09,3.85648786088245558e-10,3.77077242619313177e-10,1.21455436859761384e-13
-2.39583333333333348e+00,9.10967333385507005e-02,-9.25295931670915839e-01,1.29848803083982639e-01,3.63699614896368999e+01,0.00000000000000000e+00,0.00000000000000000e+00,0.00000000000000000e+00,0.00000000000000000e+00,0.00000000000000000e+00,0.00000000000000000e+00,0.00000000000000000e+00,1.34133999967101153e-01,0.00000000000000000e+00,0.00000000000000000e+00,0.00000000000000000e+00,0.00000000000000000e+00,0.00000000000000000e+00,0.00000000000000000e+00,0.00000000000000000e+00,1.32279209068761838e+03,1.29848803035059301e-01,-1.40634195999686940e+00,2.01218364573353163e+01,1.86963695105243971e-09,3.82939842715771401e-10,3.76771571703308962e-10,1.22843735436270474e-13
-2.39166666666666661e+00,9.14770949304863773e-02,-9.25088210929680521e-01,1.30509832600394976e-01,3.61433581023263315e+01,0.00000000000000000e+00,0.00000000000000000e+00,0.00000000000000000e+00,0.00000000000000000e+00,0.00000000000000000e+00,0.00000000000000000e+00,0.00000000000000000e+00,1.33298578852582256e-01,0.00000000000000000e+00,0.00000000000000000e+00,0.00000000000000000e+00,0.00000000000000000e+00,0.00000000000000000e+00,0.00000000000000000e+00,0.00000000000000000e+00,1.30636010342412260e+03,1.30509832551258836e-01,-1.40611374304170811e+00,1.99963898425427296e+01,1.86362158620219303e-09,3.80348000533787940e-10,3.76493775534184992e-10,1.24105561681854585e-13
-2.38750000000000018e+00,9.18590446687288925e-02,-9.24879187068203046e-01,1.31173852279321462e-01,3.59181665694752468e+01,0.00000000000000000e+00,0.00000000000000000e+00,0.00000000000000000e+00,0.00000000000000000e+00,0.00000000000000000e+00,0.00000000000000000e+00,0.00000000000000000e+00,1.32468368020622895e-01,0.00000000000000000e+00,0.00000000000000000e+00,0.00000000000000000e+00,0.00000000000000000e+00,0.00000000000000000e+00,0.00000000000000000e+00,0.00000000000000000e+00,1.29013223758109530e+03,1.31173852229967386e-01,-1.40588457319876259e+00,1.98717268526197017e+01,1.85473859586306246e-09,3.76560179067467820e-10,3.76249348039017364e-10,1.25091773373081077e-13
-2.38333333333333330e+00,9.22425891843597634e-02,-9.24668851927853863e-01,1.31840871954482963e-01,3.56943780945705100e+01,0.00000000000000000e+00,0.00000000000000000e+00,0.00000000000000000e+00,0.00000000000000000e+00,0.00000000000000000e+00,0.00000000000000000e+00,0.00000000000000000e+00,1.31643335095947472e-01,0.00000000000000000e+00,0.00000000000000000e+00,0.00000000000000000e+00,0.00000000000000000e+00,0.00000000000000000e+00,0.00000000000000000e+00,0.00000000000000000e+00,1.27410595752583026e+03,1.31840871904912033e-01,-1.40565444648938409e+00,1.97478425977546621e+01,1.84629559595839839e-09,3.72967290983915756e-10,3.75990616394957758e-10,1.26083130787802123e-13
-2.37916666666666687e+00,9.26277351361474849e-02,-9.24457197299183964e-01,1.32510901453208457e-01,3.54719839359098543e+01,0.00000000000000000e+00,0.00000000000000000e+00,0.00000000000000000e+00,0.00000000000000000e+00,0.00000000000000000e+00,0.00000000000000000e+00,0.00000000000000000e+00,1.30823447906438822e-01,0.00000000000000000e+00,0.00000000000000000e+00,0.00000000000000000e+00,0.00000000000000000e+00,0.00000000000000000e+00,0.00000000000000000e+00,0.00000000000000000e+00,1.25827875912396871e+03,1.32510901403424197e-01,-1.40542335891831138e+00,1.96247322188234889e+01,1.84189086126689601e-09,3.71045807302308707e-10,3.75699353943658228e-10,1.27669988512669143e-13
-2.37500000000000000e+00,9.30144892106634924e-02,-9.24244214921801310e-01,1.33183950596568484e-01,3.52509754060495410e+01,0.00000000000000000e+00,0.00000000000000000e+00,0.00000000000000000e+00,0.00000000000000000e+00,0.00000000000000000e+00,0.00000000000000000e+00,0.00000000000000000e+00,1.30008674481091102e-01,0.00000000000000000e+00,0.00000000000000000e+00,0.00000000000000000e+00,0.00000000000000000e+00,0.00000000000000000e+00,0.00000000000000000e+00,0.00000000000000000e+00,1.24264816933334987e+03,1.33183950546560903e-01,-1.40519130647360191e+00,1.95023908871973930e+01,1.83346669802693504e-09,3.67426822303879925e-10,3.75477534672460735e-10,1.28678985622468747e-13
-2.37083333333333313e+00,9.34028581223978888e-02,-9.24029896483698154e-01,1.33860029197575642e-01,3.50313438718740784e+01,0.00000000000000000e+00,0.00000000000000000e+00,0.00000000000000000e+00,0.00000000000000000e+00,0.00000000000000000e+00,0.00000000000000000e+00,0.00000000000000000e+00,1.29198983050333893e-01,0.00000000000000000e+00,0.00000000000000000e+00,0.00000000000000000e+00,0.00000000000000000e+00,0.00000000000000000e+00,0.00000000000000000e+00,0.00000000000000000e+00,1.22721174584671076e+03,1.33860029147343434e-01,-1.40495828512656118e+00,1.93808138045521474e+01,1.82428665759804030e-09,3.63500507682920521e-10,3.75259198751009706e-10,1.29541802890685216e-13
-2.36666666666666670e+00,9.37928486138762535e-02,-9.23814233621079617e-01,1.34539147061151221e-01,3.48130807540945142e+01,0.00000000000000000e+00,0.00000000000000000e+00,0.00000000000000000e+00,0.00000000000000000e+00,0.00000000000000000e+00,0.00000000000000000e+00,0.00000000000000000e+00,1.28394342044178850e-01,0.00000000000000000e+00,0.00000000000000000e+00,0.00000000000000000e+00,0.00000000000000000e+00,0.00000000000000000e+00,0.00000000000000000e+00,0.00000000000000000e+00,1.21196707669817488e+03,1.34539147010702909e-01,-1.40472429083167416e+00,1.92599962026784688e+01,1.81985022090414876e-09,3.61566010276070323e-10,3.74971250489263978e-10,1.31172127092238981e-13
-2.36249999999999982e+00,9.41844674557766881e-02,-9.23597217918297519e-01,1.35221313984473429e-01,3.45961775266396216e+01,0.00000000000000000e+00,0.00000000000000000e+00,0.00000000000000000e+00,0.00000000000000000e+00,0.00000000000000000e+00,0.00000000000000000e+00,0.00000000000000000e+00,1.27594720089954872e-01,0.00000000000000000e+00,0.00000000000000000e+00,0.00000000000000000e+00,0.00000000000000000e+00,0.00000000000000000e+00,0.00000000000000000e+00,0.00000000000000000e+00,1.19691177986735920e+03,1.35221313933797216e-01,-1.40448931952653400e+00,1.91399333432935705e+01,1.81214428247430602e-09,3.58228180392319121e-10,3.74764981580881543e-10,1.32202279520494547e-13
-2.35833333333333339e+00,9.45777214470471944e-02,-9.23378840907162046e-01,1.35906539755105860e-01,3.43806257167311955e+01,0.00000000000000000e+00,0.00000000000000000e+00,0.00000000000000000e+00,0.00000000000000000e+00,0.00000000000000000e+00,0.00000000000000000e+00,0.00000000000000000e+00,1.26800086012656771e-01,0.00000000000000000e+00,0.00000000000000000e+00,0.00000000000000000e+00,0.00000000000000000e+00,0.00000000000000000e+00,0.00000000000000000e+00,0.00000000000000000e+00,1.18204350293577113e+03,1.35906539704198082e-01,-1.40425336713177162e+00,1.90206205178540095e+01,1.80296264874264800e-09,3.54273785838931142e-10,3.74579310928705752e-10,1.33080443372579462e-13
-2.35416666666666652e+00,9.49726174150239688e-02,-9.23159094066726249e-01,1.36594834150815220e-01,3.41664169044362680e+01,0.00000000000000000e+00,0.00000000000000000e+00,0.00000000000000000e+00,0.00000000000000000e+00,0.00000000000000000e+00,0.00000000000000000e+00,0.00000000000000000e+00,1.26010408833296422e-01,0.00000000000000000e+00,0.00000000000000000e+00,0.00000000000000000e+00,0.00000000000000000e+00,0.00000000000000000e+00,0.00000000000000000e+00,0.00000000000000000e+00,1.16735992271088276e+03,1.36594834099684675e-01,-1.40401642955098560e+00,1.89020530473695949e+01,1.79738692303111595e-09,3.51851394477060956e-10,3.74322679038360354e-10,1.34596137930012541e-13
-2.35000000000000009e+00,9.53691622155496133e-02,-9.22937968823175026e-01,1.37286206939765537e-01,3.39535427221146620e+01,0.00000000000000000e+00,0.00000000000000000e+00,0.00000000000000000e+00,0.00000000000000000e+00,0.00000000000000000e+00,0.00000000000000000e+00,0.00000000000000000e+00,1.25225657766851323e-01,0.00000000000000000e+00,0.00000000000000000e+00,0.00000000000000000e+00,0.00000000000000000e+00,0.00000000000000000e+00,0.00000000000000000e+00,0.00000000000000000e+00,1.15285874484782858e+03,1.37286206888403928e-01,-1.40377850267067017e+00,1.87842262822186221e+01,1.79071372033281337e-09,3.48930724809756397e-10,3.74120682434943058e-10,1.35645584010940120e-13
-2.34583333333333321e+00,9.57673627330925120e-02,-9.22715456549287549e-01,1.37980667879179175e-01,3.37419948543203816e+01,0.00000000000000000e+00,0.00000000000000000e+00,0.00000000000000000e+00,0.00000000000000000e+00,0.00000000000000000e+00,0.00000000000000000e+00,0.00000000000000000e+00,1.24445802221951229e-01,0.00000000000000000e+00,0.00000000000000000e+00,0.00000000000000000e+00,0.00000000000000000e+00,0.00000000000000000e+00,0.00000000000000000e+00,0.00000000000000000e+00,1.13853770350667378e+03,1.37980667827578840e-01,-1.40353958236014442e+00,1.86671356019641195e+01,1.78168425830829586e-09,3.45011922557196710e-10,3.73967860340728704e-10,1.36700103954176768e-13
-2.34166666666666679e+00,9.61672258808660280e-02,-9.22491548564084218e-01,1.38678226714658376e-01,3.35317650375069007e+01,0.00000000000000000e+00,0.00000000000000000e+00,0.00000000000000000e+00,0.00000000000000000e+00,0.00000000000000000e+00,0.00000000000000000e+00,0.00000000000000000e+00,1.23670811799813540e-01,0.00000000000000000e+00,0.00000000000000000e+00,0.00000000000000000e+00,0.00000000000000000e+00,0.00000000000000000e+00,0.00000000000000000e+00,0.00000000000000000e+00,1.12439456100026155e+03,1.38678226662825033e-01,-1.40329966447148036e+00,1.85507764151714341e+01,1.77437802927880308e-09,3.41838661834485343e-10,3.73766988664936979e-10,1.37759659053595818e-13
-2.33749999999999991e+00,9.65687586009488230e-02,-9.22266236132646466e-01,1.39378893180140934e-01,3.33228450595496000e+01,0.00000000000000000e+00,0.00000000000000000e+00,0.00000000000000000e+00,0.00000000000000000e+00,0.00000000000000000e+00,0.00000000000000000e+00,0.00000000000000000e+00,1.22900656292478108e-01,0.00000000000000000e+00,0.00000000000000000e+00,0.00000000000000000e+00,0.00000000000000000e+00,0.00000000000000000e+00,0.00000000000000000e+00,0.00000000000000000e+00,1.11042710743406633e+03,1.39378893128076470e-01,-1.40305874483943072e+00,1.84351441592267591e+01,1.76910604828700954e-09,3.39507072763005060e-10,3.73546257132825273e-10,1.39158724989590500e-13
-2.33333333333333348e+00,9.69719678644050537e-02,-9.22039510465819778e-01,1.40082676997424715e-01,3.31152267593942327e+01,0.00000000000000000e+00,0.00000000000000000e+00,0.00000000000000000e+00,0.00000000000000000e+00,0.00000000000000000e+00,0.00000000000000000e+00,0.00000000000000000e+00,1.22135305681524670e-01,0.00000000000000000e+00,0.00000000000000000e+00,0.00000000000000000e+00,0.00000000000000000e+00,0.00000000000000000e+00,0.00000000000000000e+00,0.00000000000000000e+00,1.09663316035899379e+03,1.40082676945115808e-01,-1.40281681928135704e+00,1.83202343001571037e+01,1.76042031549189398e-09,3.35711814882272751e-10,3.73414531664400067e-10,1.40063073807449757e-13
-2.32916666666666661e+00,9.73768606714057600e-02,-9.21811362719653915e-01,1.40789587874740690e-01,3.29089020269741113e+01,0.00000000000000000e+00,0.00000000000000000e+00,0.00000000000000000e+00,0.00000000000000000e+00,0.00000000000000000e+00,0.00000000000000000e+00,0.00000000000000000e+00,1.21374730137821726e-01,0.00000000000000000e+00,0.00000000000000000e+00,0.00000000000000000e+00,0.00000000000000000e+00,0.00000000000000000e+00,0.00000000000000000e+00,0.00000000000000000e+00,1.08301056444609685e+03,1.40789587822186313e-01,-1.40257388359715662e+00,1.82060423324510552e+01,1.75128635020375623e-09,3.31738749220230380e-10,3.73283126468665734e-10,1.40968121305456215e-13
-2.32500000000000018e+00,9.77834440513500464e-02,-9.21581783995166548e-01,1.41499635506497939e-01,3.27038628027934593e+01,0.00000000000000000e+00,0.00000000000000000e+00,0.00000000000000000e+00,0.00000000000000000e+00,0.00000000000000000e+00,0.00000000000000000e+00,0.00000000000000000e+00,1.20618900019994757e-01,0.00000000000000000e+00,0.00000000000000000e+00,0.00000000000000000e+00,0.00000000000000000e+00,0.00000000000000000e+00,0.00000000000000000e+00,0.00000000000000000e+00,1.06955719114297972e+03,1.41499635453714634e-01,-1.40232993356918989e+00,1.80925637788809901e+01,1.74723382916004614e-09,3.29935986707976542e-10,3.73027855053689773e-10,1.42742002081109427e-13
-2.32083333333333330e+00,9.81917250629874422e-02,-9.21350765338289968e-01,1.42212829573717586e-01,3.25001010773312373e+01,0.00000000000000000e+00,0.00000000000000000e+00,0.00000000000000000e+00,0.00000000000000000e+00,0.00000000000000000e+00,0.00000000000000000e+00,0.00000000000000000e+00,1.19867785872201940e-01,0.00000000000000000e+00,0.00000000000000000e+00,0.00000000000000000e+00,0.00000000000000000e+00,0.00000000000000000e+00,0.00000000000000000e+00,0.00000000000000000e+00,1.05627093832283686e+03,1.42212829520686979e-01,-1.40208496496220736e+00,1.79797941903262348e+01,1.73912928098792917e-09,3.26381002046515117e-10,3.72896087235219246e-10,1.43483154843574314e-13
-2.31666666666666687e+00,9.86017107945401095e-02,-9.21118297739097036e-01,1.42929179741799917e-01,3.22976088911679113e+01,0.00000000000000000e+00,0.00000000000000000e+00,0.00000000000000000e+00,0.00000000000000000e+00,0.00000000000000000e+00,0.00000000000000000e+00,0.00000000000000000e+00,1.19121358424691501e-01,0.00000000000000000e+00,0.00000000000000000e+00,0.00000000000000000e+00,0.00000000000000000e+00,0.00000000000000000e+00,0.00000000000000000e+00,0.00000000000000000e+00,1.04314972998488156e+03,1.42929179688518759e-01,-1.40183897352327591e+00,1.78677291455974121e+01,1.72993147747784217e-09,3.22373937706981949e-10,3.72780123555664086e-10,1.44220331268103946e-13
-2.31250000000000000e+00,9.90134083638262996e-02,-9.20884372131623774e-01,1.43648695660494985e-01,3.20963783345127212e+01,0.00000000000000000e+00,0.00000000000000000e+00,0.00000000000000000e+00,0.00000000000000000e+00,0.00000000000000000e+00,0.00000000000000000e+00,0.00000000000000000e+00,1.18379588592052748e-01,0.00000000000000000e+00,0.00000000000000000e+00,0.00000000000000000e+00,0.00000000000000000e+00,0.00000000000000000e+00,0.00000000000000000e+00,0.00000000000000000e+00,1.03019151591917284e+03,1.43648695606979321e-01,-1.40159195498170419e+00,1.77563642512618429e+01,1.72499865685007613e-09,3.20200038290614269e-10,3.72545423376417142e-10,1.45854764846821841e-13
-2.30833333333333313e+00,9.94268249183835329e-02,-9.20648979393765110e-01,1.44371386964156190e-01,3.18964015466651603e+01,0.00000000000000000e+00,0.00000000000000000e+00,0.00000000000000000e+00,0.00000000000000000e+00,0.00000000000000000e+00,0.00000000000000000e+00,0.00000000000000000e+00,1.17642447471212094e-01,0.00000000000000000e+00,0.00000000000000000e+00,0.00000000000000000e+00,0.00000000000000000e+00,0.00000000000000000e+00,0.00000000000000000e+00,0.00000000000000000e+00,1.01739427137155064e+03,1.44371386910392807e-01,-1.40134390504896977e+00,1.76456951414701955e+01,1.71776203353334233e-09,3.17016690262406709e-10,3.72396385359316868e-10,1.46959791638764813e-13
-2.30416666666666670e+00,9.98419676355929014e-02,-9.20412110346620849e-01,1.45097263269938909e-01,3.16976707160134943e+01,0.00000000000000000e+00,0.00000000000000000e+00,0.00000000000000000e+00,0.00000000000000000e+00,0.00000000000000000e+00,0.00000000000000000e+00,0.00000000000000000e+00,1.16909906341499073e-01,0.00000000000000000e+00,0.00000000000000000e+00,0.00000000000000000e+00,0.00000000000000000e+00,0.00000000000000000e+00,0.00000000000000000e+00,0.00000000000000000e+00,1.00475599674702028e+03,1.45097263215920480e-01,-1.40109481941864411e+00,1.75357174777840648e+01,1.70863389837429823e-09,3.13032558913729651e-10,3.72291161265312087e-10,1.47699794283332095e-13
-2.29999999999999982e+00,1.00258843722803748e-01,-9.20173755754198908e-01,1.45826334177332512e-01,3.15001780796831490e+01,0.00000000000000000e+00,0.00000000000000000e+00,0.00000000000000000e+00,0.00000000000000000e+00,0.00000000000000000e+00,0.00000000000000000e+00,0.00000000000000000e+00,1.16181936663363183e-01,0.00000000000000000e+00,0.00000000000000000e+00,0.00000000000000000e+00,0.00000000000000000e+00,0.00000000000000000e+00,0.00000000000000000e+00,0.00000000000000000e+00,9.92274717294157654e+02,1.45826334123072138e-01,-1.40084469376631771e+00,1.74264269490046928e+01,1.70228293827983129e-09,3.10261195482547722e-10,3.72088994062768771e-10,1.48996668661889277e-13
-2.29583333333333339e+00,1.00677460417458536e-01,-9.19933906323258888e-01,1.46558609268228557e-01,3.13039159230533741e+01,0.00000000000000000e+00,0.00000000000000000e+00,0.00000000000000000e+00,0.00000000000000000e+00,0.00000000000000000e+00,0.00000000000000000e+00,0.00000000000000000e+00,1.15458510076580603e-01,0.00000000000000000e+00,0.00000000000000000e+00,0.00000000000000000e+00,0.00000000000000000e+00,0.00000000000000000e+00,0.00000000000000000e+00,0.00000000000000000e+00,9.79948482785143710e+02,1.46558609213721630e-01,-1.40059352374952484e+00,1.73178192710029002e+01,1.69625282465273725e-09,3.07595904264734932e-10,3.71912145197987543e-10,1.50302765698134506e-13
-2.29166666666666652e+00,1.01097824987218810e-01,-9.19692552702856991e-01,1.47294098105855725e-01,3.11088765795588778e+01,0.00000000000000000e+00,0.00000000000000000e+00,0.00000000000000000e+00,0.00000000000000000e+00,0.00000000000000000e+00,0.00000000000000000e+00,0.00000000000000000e+00,1.14739598399562645e-01,0.00000000000000000e+00,0.00000000000000000e+00,0.00000000000000000e+00,0.00000000000000000e+00,0.00000000000000000e+00,0.00000000000000000e+00,0.00000000000000000e+00,9.67775367217667736e+02,1.47294098051086397e-01,-1.40034130500766874e+00,1.72098901865499165e+01,1.68736589219766051e-09,3.03686052459295275e-10,3.71836541222331433e-10,1.51042346798194101e-13
-2.28750000000000009e+00,1.01519944730091044e-01,-9.19449685483878842e-01,1.48032810233668960e-01,3.09150524305025023e+01,0.00000000000000000e+00,0.00000000000000000e+00,0.00000000000000000e+00,0.00000000000000000e+00,0.00000000000000000e+00,0.00000000000000000e+00,0.00000000000000000e+00,1.14025173628706941e-01,0.00000000000000000e+00,0.00000000000000000e+00,0.00000000000000000e+00,0.00000000000000000e+00,0.00000000000000000e+00,0.00000000000000000e+00,0.00000000000000000e+00,9.55753468520939691e+02,1.48032810178638979e-01,-1.40008803316194541e+00,1.71026354651494152e+01,1.67894979624448444e-09,2.99985521157506933e-10,3.71741781473834815e-10,1.51971050582626470e-13
-2.28333333333333321e+00,1.01943826974553689e-01,-9.19205295198793793e-01,1.48774755175083151e-01,3.07224359046573845e+01,0.00000000000000000e+00,0.00000000000000000e+00,0.00000000000000000e+00,0.00000000000000000e+00,0.00000000000000000e+00,0.00000000000000000e+00,0.00000000000000000e+00,1.13315207936934240e-01,0.00000000000000000e+00,0.00000000000000000e+00,0.00000000000000000e+00,0.00000000000000000e+00,0.00000000000000000e+00,0.00000000000000000e+00,0.00000000000000000e+00,9.43880908252131007e+02,1.48774755119807867e-01,-1.39983370381526773e+00,1.69960509028705182e+01,1.67452572750672751e-09,2.97994722879976134e-10,3.71536718747499825e-10,1.53292745369861639e-13
-2.27916666666666679e+00,1.02369479079684050e-01,-9.18959372321497492e-01,1.49519942433545799e-01,3.05310194777924799e+01,0.00000000000000000e+00,0.00000000000000000e+00,0.00000000000000000e+00,0.00000000000000000e+00,0.00000000000000000e+00,0.00000000000000000e+00,0.00000000000000000e+00,1.12609673671926841e-01,0.00000000000000000e+00,0.00000000000000000e+00,0.00000000000000000e+00,0.00000000000000000e+00,0.00000000000000000e+00,0.00000000000000000e+00,0.00000000000000000e+00,9.32155831291948289e+02,1.49519942378002091e-01,-1.39957831255218945e+00,1.68901323221820014e+01,1.66609479274806710e-09,2.94254323108774702e-10,3.71480269709004019e-10,1.54225095386291676e-13
-2.27499999999999991e+00,1.02796908435286397e-01,-9.18711907266575811e-01,1.50268381490394648e-01,3.03407956727294881e+01,0.00000000000000000e+00,0.00000000000000000e+00,0.00000000000000000e+00,0.00000000000000000e+00,0.00000000000000000e+00,0.00000000000000000e+00,0.00000000000000000e+00,1.11908543356427734e-01,0.00000000000000000e+00,0.00000000000000000e+00,0.00000000000000000e+00,0.00000000000000000e+00,0.00000000000000000e+00,0.00000000000000000e+00,0.00000000000000000e+00,9.20576405576396610e+02,1.50268381434578963e-01,-1.39932185493882821e+00,1.67848755717873281e+01,1.65691537998355089e-09,2.90201918616044234e-10,3.71439985405129951e-10,1.54753080389220939e-13
-2.27083333333333348e+00,1.03226122462019898e-01,-9.18462890389101227e-01,1.51020081804747408e-01,3.01517570589097090e+01,0.00000000000000000e+00,0.00000000000000000e+00,0.00000000000000000e+00,0.00000000000000000e+00,0.00000000000000000e+00,0.00000000000000000e+00,0.00000000000000000e+00,1.11211789686640056e-01,0.00000000000000000e+00,0.00000000000000000e+00,0.00000000000000000e+00,0.00000000000000000e+00,0.00000000000000000e+00,0.00000000000000000e+00,0.00000000000000000e+00,9.09140821801676680e+02,1.51020081748683588e-01,-1.39906432652278800e+00,1.66802765264609860e+01,1.65248810282470574e-09,2.88214351163449354e-10,3.71234206760750389e-10,1.56495721316714043e-13
-2.26666666666666661e+00,1.03657128611527857e-01,-9.18212311984538454e-01,1.51775052813840433e-01,2.99638962518660890e+01,0.00000000000000000e+00,0.00000000000000000e+00,0.00000000000000000e+00,0.00000000000000000e+00,0.00000000000000000e+00,0.00000000000000000e+00,0.00000000000000000e+00,1.10519385530255254e-01,0.00000000000000000e+00,0.00000000000000000e+00,0.00000000000000000e+00,0.00000000000000000e+00,0.00000000000000000e+00,0.00000000000000000e+00,0.00000000000000000e+00,8.97847293127172634e+02,1.51775052757505940e-01,-1.39880572283308324e+00,1.65763310868856486e+01,1.64477310063158988e-09,2.84773661063222554e-10,3.71170963889082612e-10,1.57430191058878875e-13
-2.26250000000000018e+00,1.04089934366566647e-01,-9.17960162287990267e-01,1.52533303930786235e-01,2.97772059132896949e+01,0.00000000000000000e+00,0.00000000000000000e+00,0.00000000000000000e+00,0.00000000000000000e+00,0.00000000000000000e+00,0.00000000000000000e+00,0.00000000000000000e+00,1.09831303926793369e-01,0.00000000000000000e+00,0.00000000000000000e+00,0.00000000000000000e+00,0.00000000000000000e+00,0.00000000000000000e+00,0.00000000000000000e+00,0.00000000000000000e+00,8.86694054917777066e+02,1.52533303874173076e-01,-1.39854603938005995e+00,1.64730351794905125e+01,1.63559082156718969e-09,2.80704818532796752e-10,3.71152772329653113e-10,1.57734943726601352e-13
-2.25833333333333330e+00,1.04524547241136037e-01,-9.17706431473947482e-01,1.53294844544300035e-01,2.95916787506407850e+01,0.00000000000000000e+00,0.00000000000000000e+00,0.00000000000000000e+00,0.00000000000000000e+00,0.00000000000000000e+00,0.00000000000000000e+00,0.00000000000000000e+00,1.09147518086172526e-01,0.00000000000000000e+00,0.00000000000000000e+00,0.00000000000000000e+00,0.00000000000000000e+00,0.00000000000000000e+00,0.00000000000000000e+00,0.00000000000000000e+00,8.75679364461829778e+02,1.53294844487428777e-01,-1.39828527165531824e+00,1.63703847562905587e+01,1.63003023283611136e-09,2.78224149213369824e-10,3.70992631182807487e-10,1.59082966354551020e-13
-2.25416666666666687e+00,1.04960974780609242e-01,-9.17451109656146513e-01,1.54059684018856335e-01,2.94073075166698565e+01,0.00000000000000000e+00,0.00000000000000000e+00,0.00000000000000000e+00,0.00000000000000000e+00,0.00000000000000000e+00,0.00000000000000000e+00,0.00000000000000000e+00,1.08468001386925555e-01,0.00000000000000000e+00,0.00000000000000000e+00,0.00000000000000000e+00,0.00000000000000000e+00,0.00000000000000000e+00,0.00000000000000000e+00,0.00000000000000000e+00,8.64801500687312227e+02,1.54059683961714988e-01,-1.39802341513163442e+00,1.62683757947269427e+01,1.62334413536681574e-09,2.75224859428742498e-10,3.70903962282995735e-10,1.60225127706950880e-13
-2.25000000000000000e+00,1.05399224561864333e-01,-9.17194186886975404e-01,1.54827831693063439e-01,2.92240850093342281e+01,0.00000000000000000e+00,0.00000000000000000e+00,0.00000000000000000e+00,0.00000000000000000e+00,0.00000000000000000e+00,0.00000000000000000e+00,0.00000000000000000e+00,1.07792727375959616e-01,0.00000000000000000e+00,0.00000000000000000e+00,0.00000000000000000e+00,0.00000000000000000e+00,0.00000000000000000e+00,0.00000000000000000e+00,0.00000000000000000e+00,8.54058763904868670e+02,1.54827831635637597e-01,-1.39776046526288145e+00,1.61670042975082744e+01,1.61431177347500437e-09,2.71207842284588253e-10,3.70901285982412084e-10,1.60718370923984497e-13
-2.24583333333333313e+00,1.05839304193415432e-01,-9.16935653157077701e-01,1.55599296878817378e-01,2.90420040715411965e+01,0.00000000000000000e+00,0.00000000000000000e+00,0.00000000000000000e+00,0.00000000000000000e+00,0.00000000000000000e+00,0.00000000000000000e+00,0.00000000000000000e+00,1.07121669767639274e-01,0.00000000000000000e+00,0.00000000000000000e+00,0.00000000000000000e+00,0.00000000000000000e+00,0.00000000000000000e+00,0.00000000000000000e+00,0.00000000000000000e+00,8.43449475543549283e+02,1.55599296821118338e-01,-1.39749641748395081e+00,1.60662662924530188e+01,1.60702837617865760e-09,2.67969163703088911e-10,3.70818128160589126e-10,1.61639064694668917e-13
-2.24166666666666670e+00,1.06281221315544905e-01,-9.16675498395138288e-01,1.56374088861182453e-01,2.88610575907337079e+01,0.00000000000000000e+00,0.00000000000000000e+00,0.00000000000000000e+00,0.00000000000000000e+00,0.00000000000000000e+00,0.00000000000000000e+00,0.00000000000000000e+00,1.06454802442254332e-01,0.00000000000000000e+00,0.00000000000000000e+00,0.00000000000000000e+00,0.00000000000000000e+00,0.00000000000000000e+00,0.00000000000000000e+00,0.00000000000000000e+00,8.32971977880610893e+02,1.56374088803217737e-01,-1.39723126721067303e+00,1.59661578323328346e+01,1.60173888231090675e-09,2.65580739367487210e-10,3.70679802540988873e-10,1.62891932162075278e-13
-2.23749999999999982e+00,1.06724983600436210e-01,-9.16413712467540331e-01,1.57152216897758740e-01,2.86812384985885309e+01,0.00000000000000000e+00,0.00000000000000000e+00,0.00000000000000000e+00,0.00000000000000000e+00,0.00000000000000000e+00,0.00000000000000000e+00,0.00000000000000000e+00,1.05792099444926735e-01,0.00000000000000000e+00,0.00000000000000000e+00,0.00000000000000000e+00,0.00000000000000000e+00,0.00000000000000000e+00,0.00000000000000000e+00,0.00000000000000000e+00,8.22624633781221860e+02,1.57152216839505116e-01,-1.39696500983973815e+00,1.58666749947168757e+01,1.59304750162783212e-09,2.61701096149211076e-10,3.70682802433385832e-10,1.63360432420312785e-13
-2.23333333333333339e+00,1.07170598752306737e-01,-9.16150285177754764e-01,1.57933690216978784e-01,2.85025397709422883e+01,0.00000000000000000e+00,0.00000000000000000e+00,0.00000000000000000e+00,0.00000000000000000e+00,0.00000000000000000e+00,0.00000000000000000e+00,0.00000000000000000e+00,1.05133534985409366e-01,0.00000000000000000e+00,0.00000000000000000e+00,0.00000000000000000e+00,0.00000000000000000e+00,0.00000000000000000e+00,0.00000000000000000e+00,0.00000000000000000e+00,8.12405826454325393e+02,1.57933690158433976e-01,-1.39669764074861602e+00,1.57678138818171831e+01,1.58391539591260739e-09,2.57642452263776519e-10,3.70692331900433579e-10,1.63586273327660757e-13
-2.22916666666666652e+00,1.07618074507541933e-01,-9.15885206266064178e-01,1.58718518017738341e-01,2.83249544274312051e+01,0.00000000000000000e+00,0.00000000000000000e+00,0.00000000000000000e+00,0.00000000000000000e+00,0.00000000000000000e+00,0.00000000000000000e+00,0.00000000000000000e+00,1.04479083436765235e-01,0.00000000000000000e+00,0.00000000000000000e+00,0.00000000000000000e+00,0.00000000000000000e+00,0.00000000000000000e+00,0.00000000000000000e+00,0.00000000000000000e+00,8.02313959194930476e+02,1.58718517958933103e-01,-1.39642915529547484e+00,1.56695706203349356e+01,1.57986969856347364e-09,2.55805901308721588e-10,3.70500173594660120e-10,1.65412464324470314e-13
-2.22500000000000009e+00,1.08067418634829257e-01,-9.15618465409477444e-01,1.59506709469819652e-01,2.81484755309747037e+01,0.00000000000000000e+00,0.00000000000000000e+00,0.00000000000000000e+00,0.00000000000000000e+00,0.00000000000000000e+00,0.00000000000000000e+00,0.00000000000000000e+00,1.03828719333431144e-01,0.00000000000000000e+00,0.00000000000000000e+00,0.00000000000000000e+00,0.00000000000000000e+00,0.00000000000000000e+00,0.00000000000000000e+00,0.00000000000000000e+00,7.92347455120839982e+02,1.59506709410723119e-01,-1.39615954881910254e+00,1.55719413613078377e+01,1.57175732723901365e-09,2.52171157737902785e-10,3.70495595081124895e-10,1.65969363780209859e-13
-2.22083333333333321e+00,1.08518638935293413e-01,-9.15350052220893606e-01,1.60298273711251715e-01,2.79730961878858011e+01,0.00000000000000000e+00,0.00000000000000000e+00,0.00000000000000000e+00,0.00000000000000000e+00,0.00000000000000000e+00,0.00000000000000000e+00,0.00000000000000000e+00,1.03182417371743121e-01,0.00000000000000000e+00,0.00000000000000000e+00,0.00000000000000000e+00,0.00000000000000000e+00,0.00000000000000000e+00,0.00000000000000000e+00,0.00000000000000000e+00,7.82504756947965802e+02,1.60298273651857032e-01,-1.39588881663882391e+00,1.54749222799582498e+01,1.56256007984159819e-09,2.48073972274410442e-10,3.70526034140686036e-10,1.66039323997903738e-13
-2.21666666666666679e+00,1.08971743242631411e-01,-9.15079956248887716e-01,1.61093219848204044e-01,2.77988095474610830e+01,0.00000000000000000e+00,0.00000000000000000e+00,0.00000000000000000e+00,0.00000000000000000e+00,0.00000000000000000e+00,0.00000000000000000e+00,0.00000000000000000e+00,1.02540152408418642e-01,0.00000000000000000e+00,0.00000000000000000e+00,0.00000000000000000e+00,0.00000000000000000e+00,0.00000000000000000e+00,0.00000000000000000e+00,0.00000000000000000e+00,7.72784326738869368e+02,1.61093219788539993e-01,-1.39561695405442121e+00,1.53785095755425232e+01,1.55763953958868923e-09,2.45858588705420974e-10,3.70369724781024767e-10,1.67526869879956489e-13
-2.21249999999999991e+00,1.09426739423248931e-01,-9.14808166977572057e-01,1.61891556955206517e-01,2.76256088015137173e+01,0.00000000000000000e+00,0.00000000000000000e+00,0.00000000000000000e+00,0.00000000000000000e+00,0.00000000000000000e+00,0.00000000000000000e+00,0.00000000000000000e+00,1.01901899458811715e-01,0.00000000000000000e+00,0.00000000000000000e+00,0.00000000000000000e+00,0.00000000000000000e+00,0.00000000000000000e+00,0.00000000000000000e+00,0.00000000000000000e+00,7.63184645651385495e+02,1.61891556895251643e-01,-1.39534395634605080e+00,1.52826994712011057e+01,1.55039179770838236e-09,2.42597753726665408e-10,3.70339723382015077e-10,1.68173705046195909e-13
-2.20833333333333348e+00,1.09883635376396574e-01,-9.14534673825885047e-01,1.62693294072997652e-01,2.74534871843739054e+01,0.00000000000000000e+00,0.00000000000000000e+00,0.00000000000000000e+00,0.00000000000000000e+00,0.00000000000000000e+00,0.00000000000000000e+00,0.00000000000000000e+00,1.01267633697010015e-01,0.00000000000000000e+00,0.00000000000000000e+00,0.00000000000000000e+00,0.00000000000000000e+00,0.00000000000000000e+00,0.00000000000000000e+00,0.00000000000000000e+00,7.53704213716216827e+02,1.62693294012738660e-01,-1.39506981877416214e+00,1.51874882138097291e+01,1.54126180946681521e-09,2.38521663672481040e-10,3.70383995272561728e-10,1.68194170235738530e-13
-2.20416666666666661e+00,1.10342439034307321e-01,-9.14259466147253286e-01,1.63498440207921591e-01,2.72824379725829651e+01,0.00000000000000000e+00,0.00000000000000000e+00,0.00000000000000000e+00,0.00000000000000000e+00,0.00000000000000000e+00,0.00000000000000000e+00,0.00000000000000000e+00,1.00637330454725185e-01,0.00000000000000000e+00,0.00000000000000000e+00,0.00000000000000000e+00,0.00000000000000000e+00,0.00000000000000000e+00,0.00000000000000000e+00,0.00000000000000000e+00,7.44341549600117901e+02,1.63498440147379243e-01,-1.39479453657941566e+00,1.50928720738314013e+01,1.53492918248947808e-09,2.35688167036339257e-10,3.70293128530022250e-10,1.69186654449998515e-13
-2.20000000000000018e+00,1.10803158362333870e-01,-9.13982533229398264e-01,1.64307004331929074e-01,2.71124544844741884e+01,0.00000000000000000e+00,0.00000000000000000e+00,0.00000000000000000e+00,0.00000000000000000e+00,0.00000000000000000e+00,0.00000000000000000e+00,0.00000000000000000e+00,1.00010965219734599e-01,0.00000000000000000e+00,0.00000000000000000e+00,0.00000000000000000e+00,0.00000000000000000e+00,0.00000000000000000e+00,0.00000000000000000e+00,0.00000000000000000e+00,7.35095190365848680e+02,1.64307004271099982e-01,-1.39451810498259965e+00,1.49988473451695210e+01,1.52888423981172445e-09,2.32956484177890104e-10,3.70216060072954295e-10,1.70177453566953132e-13
-2.19583333333333330e+00,1.11265801359087341e-01,-9.13703864293830326e-01,1.65118995381272698e-01,2.69435300800032316e+01,0.00000000000000000e+00,0.00000000000000000e+00,0.00000000000000000e+00,0.00000000000000000e+00,0.00000000000000000e+00,0.00000000000000000e+00,0.00000000000000000e+00,9.93885136353096915e-02,0.00000000000000000e+00,0.00000000000000000e+00,0.00000000000000000e+00,0.00000000000000000e+00,0.00000000000000000e+00,0.00000000000000000e+00,0.00000000000000000e+00,7.25963691248681585e+02,1.65118995320134992e-01,-1.39424051918454750e+00,1.49054103450217461e+01,1.51999371921164959e-09,2.28978504373771805e-10,3.70264522808973368e-10,1.70142951697212383e-13
-2.19166666666666687e+00,1.11730376056575723e-01,-9.13423448495336632e-01,1.65934422255170605e-01,2.67756581605841788e+01,0.00000000000000000e+00,0.00000000000000000e+00,0.00000000000000000e+00,0.00000000000000000e+00,0.00000000000000000e+00,0.00000000000000000e+00,0.00000000000000000e+00,9.87699514996664696e-02,0.00000000000000000e+00,0.00000000000000000e+00,0.00000000000000000e+00,0.00000000000000000e+00,0.00000000000000000e+00,0.00000000000000000e+00,0.00000000000000000e+00,7.16945625435777401e+02,1.65934422193728948e-01,-1.39396177436605440e+00,1.48125574137349147e+01,1.51160350090350034e-09,2.25236690669966954e-10,3.70276742493732352e-10,1.70339690794131230e-13
-2.18750000000000000e+00,1.12196890520343734e-01,-9.13141274921695167e-01,1.66753293815426473e-01,2.66088321687440903e+01,0.00000000000000000e+00,0.00000000000000000e+00,0.00000000000000000e+00,0.00000000000000000e+00,0.00000000000000000e+00,0.00000000000000000e+00,0.00000000000000000e+00,9.81552547646984269e-02,0.00000000000000000e+00,0.00000000000000000e+00,0.00000000000000000e+00,0.00000000000000000e+00,0.00000000000000000e+00,0.00000000000000000e+00,0.00000000000000000e+00,7.08039583838428257e+02,1.66753293753707038e-01,-1.39368186568779384e+00,1.47202849146607804e+01,1.50715993552452165e-09,2.23216832335361005e-10,3.70124234004000257e-10,1.71826070720959645e-13
-2.18333333333333313e+00,1.12665352849612488e-01,-9.12857332593471793e-01,1.67575618886413757e-01,2.64430455877150727e+01,0.00000000000000000e+00,0.00000000000000000e+00,0.00000000000000000e+00,0.00000000000000000e+00,0.00000000000000000e+00,0.00000000000000000e+00,0.00000000000000000e+00,9.75443995344596471e-02,0.00000000000000000e+00,0.00000000000000000e+00,0.00000000000000000e+00,0.00000000000000000e+00,0.00000000000000000e+00,0.00000000000000000e+00,0.00000000000000000e+00,6.99244174863858120e+02,1.67575618824383155e-01,-1.39340078829023239e+00,1.46285892340128321e+01,1.49872334800882924e-09,2.19433619225008572e-10,3.70164844454304882e-10,1.71861889001381396e-13
-2.17916666666666670e+00,1.13135771177420241e-01,-9.12571610463237537e-01,1.68401406252571134e-01,2.62782919414810046e+01,0.00000000000000000e+00,0.00000000000000000e+00,0.00000000000000000e+00,0.00000000000000000e+00,0.00000000000000000e+00,0.00000000000000000e+00,0.00000000000000000e+00,9.69373620654529339e-02,0.00000000000000000e+00,0.00000000000000000e+00,0.00000000000000000e+00,0.00000000000000000e+00,0.00000000000000000e+00,0.00000000000000000e+00,0.00000000000000000e+00,6.90558024213869658e+02,1.68401406190224506e-01,-1.39311853729354773e+00,1.45374667807238183e+01,1.48954400877268347e-09,2.15340593298511314e-10,3.70226290094009737e-10,1.71602416321636504e-13
-2.17499999999999982e+00,1.13608153670763767e-01,-9.12284097415320461e-01,1.69230664658192115e-01,2.61145647944031865e+01,0.00000000000000000e+00,0.00000000000000000e+00,0.00000000000000000e+00,0.00000000000000000e+00,0.00000000000000000e+00,0.00000000000000000e+00,0.00000000000000000e+00,9.63341187652471259e-02,0.00000000000000000e+00,0.00000000000000000e+00,0.00000000000000000e+00,0.00000000000000000e+00,0.00000000000000000e+00,0.00000000000000000e+00,0.00000000000000000e+00,6.81979774663520629e+02,1.69230664595565322e-01,-1.39283510779754183e+00,1.44469139863042599e+01,1.48512570444414167e-09,2.13341509176795686e-10,3.70067639871021995e-10,1.72943300082288320e-13
-2.17083333333333339e+00,1.14082508530739785e-01,-9.11994782265671433e-01,1.70063402807724862e-01,2.59518577507628478e+01,0.00000000000000000e+00,0.00000000000000000e+00,0.00000000000000000e+00,0.00000000000000000e+00,0.00000000000000000e+00,0.00000000000000000e+00,0.00000000000000000e+00,9.57346461907600393e-02,0.00000000000000000e+00,0.00000000000000000e+00,0.00000000000000000e+00,0.00000000000000000e+00,0.00000000000000000e+00,0.00000000000000000e+00,0.00000000000000000e+00,6.73508085838310990e+02,1.70063402744787179e-01,-1.39255049488155613e+00,1.43569273047019816e+01,1.47740188555235803e-09,2.09871105056981040e-10,3.70083638380481701e-10,1.73187615111082772e-13
-2.16666666666666652e+00,1.14558843992687731e-01,-9.11703653761058996e-01,1.70899629363141736e-01,2.57901644548195286e+01,0.00000000000000000e+00,0.00000000000000000e+00,0.00000000000000000e+00,0.00000000000000000e+00,0.00000000000000000e+00,0.00000000000000000e+00,0.00000000000000000e+00,9.51389210485976272e-02,0.00000000000000000e+00,0.00000000000000000e+00,0.00000000000000000e+00,0.00000000000000000e+00,0.00000000000000000e+00,0.00000000000000000e+00,0.00000000000000000e+00,6.65141634020934930e+02,1.70899629299882116e-01,-1.39226469360438720e+00,1.42675032121623104e+01,1.46821830230405245e-09,2.05773852472923614e-10,3.70156565136360768e-10,1.72852188200760380e-13
-2.16250000000000009e+00,1.15037168326332373e-01,-9.11410700578777822e-01,1.71739352943549500e-01,2.56294785904735321e+01,0.00000000000000000e+00,0.00000000000000000e+00,0.00000000000000000e+00,0.00000000000000000e+00,0.00000000000000000e+00,0.00000000000000000e+00,0.00000000000000000e+00,9.45469201938157339e-02,0.00000000000000000e+00,0.00000000000000000e+00,0.00000000000000000e+00,0.00000000000000000e+00,0.00000000000000000e+00,0.00000000000000000e+00,0.00000000000000000e+00,6.56879111939659310e+02,1.71739352879997531e-01,-1.39197769900420054e+00,1.41786382070893389e+01,1.46267328221453497e-09,2.03286195972770408e-10,3.70048961853768775e-10,1.73611912068536274e-13
-2.15833333333333321e+00,1.15517489835927717e-01,-9.11115911326461747e-01,1.72582582125281742e-01,2.54697938808504354e+01,0.00000000000000000e+00,0.00000000000000000e+00,0.00000000000000000e+00,0.00000000000000000e+00,0.00000000000000000e+00,0.00000000000000000e+00,0.00000000000000000e+00,9.39586206283680725e-02,0.00000000000000000e+00,0.00000000000000000e+00,0.00000000000000000e+00,0.00000000000000000e+00,0.00000000000000000e+00,0.00000000000000000e+00,0.00000000000000000e+00,6.48719228555396739e+02,1.72582582061422574e-01,-1.39168950609844333e+00,1.40903288099079909e+01,1.45597486214391176e-09,2.00268969290781324e-10,3.70020932534589641e-10,1.74077048409906064e-13
-2.15416666666666679e+00,1.15999816860400826e-01,-9.10819274541443402e-01,1.73429325439964477e-01,2.53111040882308274e+01,0.00000000000000000e+00,0.00000000000000000e+00,0.00000000000000000e+00,0.00000000000000000e+00,0.00000000000000000e+00,0.00000000000000000e+00,0.00000000000000000e+00,9.33739995009352508e-02,0.00000000000000000e+00,0.00000000000000000e+00,0.00000000000000000e+00,0.00000000000000000e+00,0.00000000000000000e+00,0.00000000000000000e+00,0.00000000000000000e+00,6.40660708869038103e+02,1.73429325375778792e-01,-1.39140010988375940e+00,1.40025715629270238e+01,1.44693943876356036e-09,1.96234747327602462e-10,3.70097066375957769e-10,1.73511691562398215e-13
-2.14999999999999991e+00,1.16484157773496966e-01,-9.10520778690314891e-01,1.74279591373482590e-01,2.51534030138262175e+01,0.00000000000000000e+00,0.00000000000000000e+00,0.00000000000000000e+00,0.00000000000000000e+00,0.00000000000000000e+00,0.00000000000000000e+00,0.00000000000000000e+00,9.27930341061387193e-02,0.00000000000000000e+00,0.00000000000000000e+00,0.00000000000000000e+00,0.00000000000000000e+00,0.00000000000000000e+00,0.00000000000000000e+00,0.00000000000000000e+00,6.32702293723140428e+02,1.74279591308986098e-01,-1.39110950533590172e+00,1.39153630302027445e+01,1.43967785413439457e-09,1.92996621082399610e-10,3.70074837773362757e-10,1.73785211082869568e-13
-2.14583333333333348e+00,1.16970520983924631e-01,-9.10220412168668891e-01,1.75133388365758647e-01,2.49966844974197215e+01,0.00000000000000000e+00,0.00000000000000000e+00,0.00000000000000000e+00,0.00000000000000000e+00,0.00000000000000000e+00,0.00000000000000000e+00,0.00000000000000000e+00,9.22157018832122088e-02,0.00000000000000000e+00,0.00000000000000000e+00,0.00000000000000000e+00,0.00000000000000000e+00,0.00000000000000000e+00,0.00000000000000000e+00,0.00000000000000000e+00,6.24842739599217225e+02,1.75133388300963144e-01,-1.39081768740964518e+00,1.38286997974038481e+01,1.43437103250656686e-09,1.90598809077370827e-10,3.69978008908492194e-10,1.74483994259177870e-13
-2.14166666666666661e+00,1.17458914935501854e-01,-9.09918163300706517e-01,1.75990724809935717e-01,2.48409424171069944e+01,0.00000000000000000e+00,0.00000000000000000e+00,0.00000000000000000e+00,0.00000000000000000e+00,0.00000000000000000e+00,0.00000000000000000e+00,0.00000000000000000e+00,9.16419804150747919e-02,0.00000000000000000e+00,0.00000000000000000e+00,0.00000000000000000e+00,0.00000000000000000e+00,0.00000000000000000e+00,0.00000000000000000e+00,0.00000000000000000e+00,6.17080818422599805e+02,1.75990724744810895e-01,-1.39052465103869882e+00,1.37425784716768646e+01,1.42567486695122431e-09,1.86714184958175628e-10,3.70046900460802905e-10,1.73968884268684852e-13
-2.13750000000000018e+00,1.17949348107302482e-01,-9.09614020338588292e-01,1.76851609050383191e-01,2.46861706892299821e+01,0.00000000000000000e+00,0.00000000000000000e+00,0.00000000000000000e+00,0.00000000000000000e+00,0.00000000000000000e+00,0.00000000000000000e+00,0.00000000000000000e+00,9.10718474281789203e-02,0.00000000000000000e+00,0.00000000000000000e+00,0.00000000000000000e+00,0.00000000000000000e+00,0.00000000000000000e+00,0.00000000000000000e+00,0.00000000000000000e+00,6.09415317379191492e+02,1.76851608984926356e-01,-1.39023039113561842e+00,1.36569956815126119e+01,1.41654436987560215e-09,1.82654979773385124e-10,3.70122922674460095e-10,1.73260800121747156e-13
-2.13333333333333330e+00,1.18441829013803707e-01,-9.09307971462110953e-01,1.77716049382186353e-01,2.45323632680657227e+01,0.00000000000000000e+00,0.00000000000000000e+00,0.00000000000000000e+00,0.00000000000000000e+00,0.00000000000000000e+00,0.00000000000000000e+00,0.00000000000000000e+00,9.05052807913749036e-02,0.00000000000000000e+00,0.00000000000000000e+00,0.00000000000000000e+00,0.00000000000000000e+00,0.00000000000000000e+00,0.00000000000000000e+00,0.00000000000000000e+00,6.01845038722191475e+02,1.77716049316439029e-01,-1.38993490259171759e+00,1.35719480766134062e+01,1.41250519938879918e-09,1.80827409283620904e-10,3.69957156399003875e-10,1.74513255855468591e-13
-2.12916666666666687e+00,1.18936366205033534e-01,-9.09000004778571347e-01,1.78584054051527857e-01,2.43795141453787849e+01,0.00000000000000000e+00,0.00000000000000000e+00,0.00000000000000000e+00,0.00000000000000000e+00,0.00000000000000000e+00,0.00000000000000000e+00,0.00000000000000000e+00,8.99422585142226061e-02,0.00000000000000000e+00,0.00000000000000000e+00,0.00000000000000000e+00,0.00000000000000000e+00,0.00000000000000000e+00,0.00000000000000000e+00,0.00000000000000000e+00,5.94368799574590867e+02,1.78584053985451074e-01,-1.38963818027697972e+00,1.34874323277612564e+01,1.40438502660209645e-09,1.77198339771451513e-10,3.70003824302899943e-10,1.73894882770994805e-13
-2.12500000000000000e+00,1.19432968266719619e-01,-9.08690108321894119e-01,1.79455631252629894e-01,2.42276173505176224e+01,0.00000000000000000e+00,0.00000000000000000e+00,0.00000000000000000e+00,0.00000000000000000e+00,0.00000000000000000e+00,0.00000000000000000e+00,0.00000000000000000e+00,8.93827587474985835e-02,0.00000000000000000e+00,0.00000000000000000e+00,0.00000000000000000e+00,0.00000000000000000e+00,0.00000000000000000e+00,0.00000000000000000e+00,0.00000000000000000e+00,5.86985431760663914e+02,1.79455631186215492e-01,-1.38934021903996818e+00,1.34034451266866732e+01,1.39518807363201659e-09,1.73114189641118165e-10,3.70088145559527217e-10,1.72916913794954247e-13
-2.12083333333333313e+00,1.19931643820437958e-01,-9.08378270052371151e-01,1.80330789127546132e-01,2.40766669500586943e+01,0.00000000000000000e+00,0.00000000000000000e+00,0.00000000000000000e+00,0.00000000000000000e+00,0.00000000000000000e+00,0.00000000000000000e+00,0.00000000000000000e+00,8.88267597818786780e-02,0.00000000000000000e+00,0.00000000000000000e+00,0.00000000000000000e+00,0.00000000000000000e+00,0.00000000000000000e+00,0.00000000000000000e+00,0.00000000000000000e+00,5.79693781617301966e+02,1.80330789060831137e-01,-1.38904101370773714e+00,1.33199831859385220e+01,1.39027982041901362e-09,1.70916679889813221e-10,3.69958979203119776e-10,1.73809127740719898e-13
-2.11666666666666670e+00,1.20432401523762708e-01,-9.08064477856468821e-01,1.81209535766310159e-01,2.39266570474018430e+01,0.00000000000000000e+00,0.00000000000000000e+00,0.00000000000000000e+00,0.00000000000000000e+00,0.00000000000000000e+00,0.00000000000000000e+00,0.00000000000000000e+00,8.82742400464200105e-02,0.00000000000000000e+00,0.00000000000000000e+00,0.00000000000000000e+00,0.00000000000000000e+00,0.00000000000000000e+00,0.00000000000000000e+00,0.00000000000000000e+00,5.72492709805440086e+02,1.81209535699269064e-01,-1.38874055908574245e+00,1.32370432387546249e+01,1.38302067495707186e-09,1.67671462047309773e-10,3.69964497944556339e-10,1.73398735211965744e-13
-2.11249999999999982e+00,1.20935250070416694e-01,-9.07748719546082161e-01,1.82091879204427681e-01,2.37775817827717972e+01,0.00000000000000000e+00,0.00000000000000000e+00,0.00000000000000000e+00,0.00000000000000000e+00,0.00000000000000000e+00,0.00000000000000000e+00,0.00000000000000000e+00,8.77251781086891697e-02,0.00000000000000000e+00,0.00000000000000000e+00,0.00000000000000000e+00,0.00000000000000000e+00,0.00000000000000000e+00,0.00000000000000000e+00,0.00000000000000000e+00,5.65381091143275398e+02,1.82091879137044804e-01,-1.38843884995774980e+00,1.31546220389330983e+01,1.37388884937346522e-09,1.63622528320306472e-10,3.70048776338695611e-10,1.72293516324876260e-13
-2.10833333333333339e+00,1.21440198190421927e-01,-9.07430982858152824e-01,1.82977827422111217e-01,2.36294353329523581e+01,0.00000000000000000e+00,0.00000000000000000e+00,0.00000000000000000e+00,0.00000000000000000e+00,0.00000000000000000e+00,0.00000000000000000e+00,0.00000000000000000e+00,8.71795526738073090e-02,0.00000000000000000e+00,0.00000000000000000e+00,0.00000000000000000e+00,0.00000000000000000e+00,0.00000000000000000e+00,0.00000000000000000e+00,0.00000000000000000e+00,5.58357814428581719e+02,1.82977827354412426e-01,-1.38813588108574670e+00,1.30727163607046517e+01,1.36757518478424659e-09,1.60821488531528658e-10,3.69983576678978689e-10,1.72130911359466157e-13
-2.10416666666666652e+00,1.21947254650251607e-01,-9.07111255454421173e-01,1.83867388344185062e-01,2.34822119109226506e+01,0.00000000000000000e+00,0.00000000000000000e+00,0.00000000000000000e+00,0.00000000000000000e+00,0.00000000000000000e+00,0.00000000000000000e+00,0.00000000000000000e+00,8.66373425830960636e-02,0.00000000000000000e+00,0.00000000000000000e+00,0.00000000000000000e+00,0.00000000000000000e+00,0.00000000000000000e+00,0.00000000000000000e+00,0.00000000000000000e+00,5.51421782258607550e+02,1.83867388276167665e-01,-1.38783164720984908e+00,1.29913229986056109e+01,1.36151454676286196e-09,1.58111964531759293e-10,3.69926379591927854e-10,1.72105333690694410e-13
-2.10000000000000009e+00,1.22456428252981905e-01,-9.06789524920879941e-01,1.84760569838517741e-01,2.33359057657124005e+01,0.00000000000000000e+00,0.00000000000000000e+00,0.00000000000000000e+00,0.00000000000000000e+00,0.00000000000000000e+00,0.00000000000000000e+00,0.00000000000000000e+00,8.60985268136140874e-02,0.00000000000000000e+00,0.00000000000000000e+00,0.00000000000000000e+00,0.00000000000000000e+00,0.00000000000000000e+00,0.00000000000000000e+00,0.00000000000000000e+00,5.44571910862528739e+02,1.84760569770156063e-01,-1.38752614304821087e+00,1.29104387673517884e+01,1.35262082109267970e-09,1.54174866707340521e-10,3.70001443029780830e-10,1.70858233627474706e-13
-2.09583333333333321e+00,1.22967727838445201e-01,-9.06465778767224450e-01,1.85657379714445736e-01,2.31905111822581915e+01,0.00000000000000000e+00,0.00000000000000000e+00,0.00000000000000000e+00,0.00000000000000000e+00,0.00000000000000000e+00,0.00000000000000000e+00,0.00000000000000000e+00,8.55630844776982813e-02,0.00000000000000000e+00,0.00000000000000000e+00,0.00000000000000000e+00,0.00000000000000000e+00,0.00000000000000000e+00,0.00000000000000000e+00,0.00000000000000000e+00,5.37807129935867579e+02,1.85657379645746051e-01,-1.38721936329693296e+00,1.28300605017130831e+01,1.34425716282576729e-09,1.50487694222112718e-10,3.70034764903477837e-10,1.69725190287543607e-13
-2.09166666666666679e+00,1.23481162283383156e-01,-9.06140004426518431e-01,1.86557825722252907e-01,2.30460224811037691e+01,0.00000000000000000e+00,0.00000000000000000e+00,0.00000000000000000e+00,0.00000000000000000e+00,0.00000000000000000e+00,0.00000000000000000e+00,0.00000000000000000e+00,8.50309948218695016e-02,0.00000000000000000e+00,0.00000000000000000e+00,0.00000000000000000e+00,0.00000000000000000e+00,0.00000000000000000e+00,0.00000000000000000e+00,0.00000000000000000e+00,5.31126382469620694e+02,1.86557825653246717e-01,-1.38691130262996998e+00,1.27501850563889896e+01,1.33979330163976293e-09,1.48489001727618783e-10,3.69891691274285726e-10,1.70459745020205544e-13
-2.08749999999999991e+00,1.23996740501601227e-01,-9.05812189254929678e-01,1.87461915553029213e-01,2.29024340180491492e+01,0.00000000000000000e+00,0.00000000000000000e+00,0.00000000000000000e+00,0.00000000000000000e+00,0.00000000000000000e+00,0.00000000000000000e+00,0.00000000000000000e+00,8.45022372255274795e-02,0.00000000000000000e+00,0.00000000000000000e+00,0.00000000000000000e+00,0.00000000000000000e+00,0.00000000000000000e+00,0.00000000000000000e+00,0.00000000000000000e+00,5.24528624579190932e+02,1.87461915483678465e-01,-1.38660195569903921e+00,1.26708093058848039e+01,1.33135042274711724e-09,1.44756299584960431e-10,3.69945795059707792e-10,1.69061554105712838e-13
-2.08333333333333348e+00,1.24514471444122962e-01,-9.05482320530930695e-01,1.88369656835806892e-01,2.27597401841889173e+01,0.00000000000000000e+00,0.00000000000000000e+00,0.00000000000000000e+00,0.00000000000000000e+00,0.00000000000000000e+00,0.00000000000000000e+00,0.00000000000000000e+00,8.39767912012374801e-02,0.00000000000000000e+00,0.00000000000000000e+00,0.00000000000000000e+00,0.00000000000000000e+00,0.00000000000000000e+00,0.00000000000000000e+00,0.00000000000000000e+00,5.18012825353244239e+02,1.88369656766106286e-01,-1.38629131713352605e+00,1.25919301443886624e+01,1.32217240290571358e-09,1.40723102293921338e-10,3.70020350380558439e-10,1.67063469369099861e-13
-2.07916666666666661e+00,1.25034364099345929e-01,-9.05150385454996709e-01,1.89281057137216407e-01,2.26179354055887885e+01,0.00000000000000000e+00,0.00000000000000000e+00,0.00000000000000000e+00,0.00000000000000000e+00,0.00000000000000000e+00,0.00000000000000000e+00,0.00000000000000000e+00,8.34546363935382701e-02,0.00000000000000000e+00,0.00000000000000000e+00,0.00000000000000000e+00,0.00000000000000000e+00,0.00000000000000000e+00,0.00000000000000000e+00,0.00000000000000000e+00,5.11577966687722494e+02,1.89281057067207659e-01,-1.38597938154039246e+00,1.25135444856492875e+01,1.31776342449988977e-09,1.38763172483036633e-10,3.69866641083301952e-10,1.67710974556093183e-13
-2.07500000000000018e+00,1.25556427493197204e-01,-9.04816371149404830e-01,1.90196123961709707e-01,2.24770141428889758e+01,0.00000000000000000e+00,0.00000000000000000e+00,0.00000000000000000e+00,0.00000000000000000e+00,0.00000000000000000e+00,0.00000000000000000e+00,0.00000000000000000e+00,8.29357525774461896e-02,0.00000000000000000e+00,0.00000000000000000e+00,0.00000000000000000e+00,0.00000000000000000e+00,0.00000000000000000e+00,0.00000000000000000e+00,0.00000000000000000e+00,5.05223043118686576e+02,1.90196123891358759e-01,-1.38566614350408157e+00,1.24356492628546960e+01,1.31003039370313267e-09,1.35347525484946850e-10,3.69886335486494399e-10,1.66510438126209363e-13
-2.07083333333333330e+00,1.26080670689290603e-01,-9.04480264657416044e-01,1.91114864748542029e-01,2.23369708913556764e+01,0.00000000000000000e+00,0.00000000000000000e+00,0.00000000000000000e+00,0.00000000000000000e+00,0.00000000000000000e+00,0.00000000000000000e+00,0.00000000000000000e+00,8.24201196588008889e-02,0.00000000000000000e+00,0.00000000000000000e+00,0.00000000000000000e+00,0.00000000000000000e+00,0.00000000000000000e+00,0.00000000000000000e+00,0.00000000000000000e+00,4.98947061677395368e+02,1.91114864677836838e-01,-1.38535159758642568e+00,1.23582414285114179e+01,1.30084609058088662e-09,1.31321151646922180e-10,3.69961760016314292e-10,1.64322694675573797e-13
-2.06666666666666687e+00,1.26607102789083548e-01,-9.04142052942932706e-01,1.92037286871238250e-01,2.21978001805878939e+01,0.00000000000000000e+00,0.00000000000000000e+00,0.00000000000000000e+00,0.00000000000000000e+00,0.00000000000000000e+00,0.00000000000000000e+00,0.00000000000000000e+00,8.19077176731952405e-02,0.00000000000000000e+00,0.00000000000000000e+00,0.00000000000000000e+00,0.00000000000000000e+00,0.00000000000000000e+00,0.00000000000000000e+00,0.00000000000000000e+00,4.92749041731522368e+02,1.92037286800212398e-01,-1.38503573832654991e+00,1.22813179543246758e+01,1.29531574185923306e-09,1.28888342582918281e-10,3.69854485293118887e-10,1.64126383494390897e-13
-2.06250000000000000e+00,1.27135732932035589e-01,-9.03801722890245407e-01,1.92963397637583772e-01,2.20594965741572508e+01,0.00000000000000000e+00,0.00000000000000000e+00,0.00000000000000000e+00,0.00000000000000000e+00,0.00000000000000000e+00,0.00000000000000000e+00,0.00000000000000000e+00,8.13985267846265709e-02,0.00000000000000000e+00,0.00000000000000000e+00,0.00000000000000000e+00,0.00000000000000000e+00,0.00000000000000000e+00,0.00000000000000000e+00,0.00000000000000000e+00,4.86628014825418234e+02,1.92963397566221828e-01,-1.38471856024077855e+00,1.22048758310792778e+01,1.28860443508777429e-09,1.25928638114068957e-10,3.69821142412353279e-10,1.63135913461513464e-13
-2.05833333333333313e+00,1.27666570295766529e-01,-9.03459261303369954e-01,1.93893204287373583e-01,2.19220546695485652e+01,0.00000000000000000e+00,0.00000000000000000e+00,0.00000000000000000e+00,0.00000000000000000e+00,0.00000000000000000e+00,0.00000000000000000e+00,0.00000000000000000e+00,8.08925272853895649e-02,0.00000000000000000e+00,0.00000000000000000e+00,0.00000000000000000e+00,0.00000000000000000e+00,0.00000000000000000e+00,0.00000000000000000e+00,0.00000000000000000e+00,4.80583024535646700e+02,1.93893204215655313e-01,-1.38440005782253994e+00,1.21289120685212399e+01,1.27956701937831661e-09,1.21979651976351922e-10,3.69885424822290059e-10,1.60742169767848237e-13
-2.05416666666666670e+00,1.28199624096216186e-01,-9.03114654905568859e-01,1.94826713991171158e-01,2.17854690979646826e+01,0.00000000000000000e+00,0.00000000000000000e+00,0.00000000000000000e+00,0.00000000000000000e+00,0.00000000000000000e+00,0.00000000000000000e+00,0.00000000000000000e+00,8.03896995954087729e-02,0.00000000000000000e+00,0.00000000000000000e+00,0.00000000000000000e+00,0.00000000000000000e+00,0.00000000000000000e+00,0.00000000000000000e+00,0.00000000000000000e+00,4.74613126322175162e+02,1.94826713919114658e-01,-1.38408022554227017e+00,1.20534236952401592e+01,1.27232701172005261e-09,1.18826154844761439e-10,3.69849176257369606e-10,1.59240581266656116e-13
-2.04999999999999982e+00,1.28734903587804234e-01,-9.02767890339032264e-01,1.95763933849955246e-01,2.16497345240145229e+01,0.00000000000000000e+00,0.00000000000000000e+00,0.00000000000000000e+00,0.00000000000000000e+00,0.00000000000000000e+00,0.00000000000000000e+00,0.00000000000000000e+00,7.98900242610877664e-02,0.00000000000000000e+00,0.00000000000000000e+00,0.00000000000000000e+00,0.00000000000000000e+00,0.00000000000000000e+00,0.00000000000000000e+00,0.00000000000000000e+00,4.68717387376282772e+02,1.95763933777573923e-01,-1.38375905784731756e+00,1.19784077585523416e+01,1.26700275084777009e-09,1.16485722977278973e-10,3.69737784486818662e-10,1.59062408667732514e-13
-2.04583333333333339e+00,1.29272418063590799e-01,-9.02418954164436959e-01,1.96704870894088862e-01,2.15148456454910217e+01,0.00000000000000000e+00,0.00000000000000000e+00,0.00000000000000000e+00,0.00000000000000000e+00,0.00000000000000000e+00,0.00000000000000000e+00,0.00000000000000000e+00,7.93934819545299153e-02,0.00000000000000000e+00,0.00000000000000000e+00,0.00000000000000000e+00,0.00000000000000000e+00,0.00000000000000000e+00,0.00000000000000000e+00,0.00000000000000000e+00,4.62894886474280838e+02,1.96704870821352323e-01,-1.38343654916184544e+00,1.19038613243847458e+01,1.25830222844622528e-09,1.12703754318127619e-10,3.69774976645762517e-10,1.56447663003412527e-13
-2.04166666666666652e+00,1.29812176855438000e-01,-9.02067832860283358e-01,1.97649532081035695e-01,2.13807971933116505e+01,0.00000000000000000e+00,0.00000000000000000e+00,0.00000000000000000e+00,0.00000000000000000e+00,0.00000000000000000e+00,0.00000000000000000e+00,0.00000000000000000e+00,7.89000534734337067e-02,0.00000000000000000e+00,0.00000000000000000e+00,0.00000000000000000e+00,0.00000000000000000e+00,0.00000000000000000e+00,0.00000000000000000e+00,0.00000000000000000e+00,4.57144713839961469e+02,1.97649532007942691e-01,-1.38311269388673708e+00,1.18297814771594947e+01,1.24917229400776866e-09,1.08762372789382524e-10,3.69811165901306136e-10,1.53538942834362272e-13
-2.03750000000000009e+00,1.30354189334171644e-01,-9.01714512822519021e-01,1.98597924294677819e-01,2.12475839312497889e+01,0.00000000000000000e+00,0.00000000000000000e+00,0.00000000000000000e+00,0.00000000000000000e+00,0.00000000000000000e+00,0.00000000000000000e+00,0.00000000000000000e+00,7.84097197401211893e-02,0.00000000000000000e+00,0.00000000000000000e+00,0.00000000000000000e+00,0.00000000000000000e+00,0.00000000000000000e+00,0.00000000000000000e+00,0.00000000000000000e+00,4.51465970999653962e+02,1.98597924221271066e-01,-1.38278748639949711e+00,1.17561653196792903e+01,1.24514022255977415e-09,1.06999421336099795e-10,3.69624975619969538e-10,1.53617052398687380e-13
-2.03333333333333321e+00,1.30898464909744328e-01,-9.01358980364317275e-01,1.99550054345606215e-01,2.11152006555466052e+01,0.00000000000000000e+00,0.00000000000000000e+00,0.00000000000000000e+00,0.00000000000000000e+00,0.00000000000000000e+00,0.00000000000000000e+00,0.00000000000000000e+00,7.79224618000663866e-02,0.00000000000000000e+00,0.00000000000000000e+00,0.00000000000000000e+00,0.00000000000000000e+00,0.00000000000000000e+00,0.00000000000000000e+00,0.00000000000000000e+00,4.45857770634048791e+02,1.99550054271848326e-01,-1.38246092105415341e+00,1.16830099730134958e+01,1.23701337599526402e-09,1.03487723873997336e-10,3.69620990356115602e-10,1.51382304116038078e-13
-2.02916666666666679e+00,1.31445013031398356e-01,-9.01001221715226563e-01,2.00505928967666863e-01,2.09836421949953795e+01,0.00000000000000000e+00,0.00000000000000000e+00,0.00000000000000000e+00,0.00000000000000000e+00,0.00000000000000000e+00,0.00000000000000000e+00,0.00000000000000000e+00,7.74382608223922880e-02,0.00000000000000000e+00,0.00000000000000000e+00,0.00000000000000000e+00,0.00000000000000000e+00,0.00000000000000000e+00,0.00000000000000000e+00,0.00000000000000000e+00,4.40319236451829738e+02,2.00505928893550955e-01,-1.38213299218116092e+00,1.16103125763849135e+01,1.22781558877222285e-09,9.95443317561936772e-11,3.69644470188168323e-10,1.48223715661779167e-13
-2.02499999999999991e+00,1.31993843187830223e-01,-9.00641223020845372e-01,2.01465554817614328e-01,2.08529034106324360e+01,0.00000000000000000e+00,0.00000000000000000e+00,0.00000000000000000e+00,0.00000000000000000e+00,0.00000000000000000e+00,0.00000000000000000e+00,0.00000000000000000e+00,7.69570980987296371e-02,0.00000000000000000e+00,0.00000000000000000e+00,0.00000000000000000e+00,0.00000000000000000e+00,0.00000000000000000e+00,0.00000000000000000e+00,0.00000000000000000e+00,4.34849503048113661e+02,2.01465554743178094e-01,-1.38180369408730197e+00,1.15380702870572414e+01,1.22291922218096156e-09,9.74413445493623381e-11,3.69473754699715906e-10,1.47523729125970424e-13
-2.02083333333333348e+00,1.32544964907354929e-01,-9.00278970342547336e-01,2.02428938475145176e-01,2.07229791953866354e+01,0.00000000000000000e+00,0.00000000000000000e+00,0.00000000000000000e+00,0.00000000000000000e+00,0.00000000000000000e+00,0.00000000000000000e+00,0.00000000000000000e+00,7.64789550418984443e-02,0.00000000000000000e+00,0.00000000000000000e+00,0.00000000000000000e+00,0.00000000000000000e+00,0.00000000000000000e+00,0.00000000000000000e+00,0.00000000000000000e+00,4.29447715762991663e+02,2.02428938400363329e-01,-1.38147302105558700e+00,1.14662802802234491e+01,1.21564914153322159e-09,9.43137841984364885e-11,3.69422711852026194e-10,1.45269473113730502e-13
-2.01666666666666661e+00,1.33098387758071868e-01,-8.99914449656744941e-01,2.03396086440040730e-01,2.05938644740817018e+01,0.00000000000000000e+00,0.00000000000000000e+00,0.00000000000000000e+00,0.00000000000000000e+00,0.00000000000000000e+00,0.00000000000000000e+00,0.00000000000000000e+00,7.60038131860680116e-02,0.00000000000000000e+00,0.00000000000000000e+00,0.00000000000000000e+00,0.00000000000000000e+00,0.00000000000000000e+00,0.00000000000000000e+00,0.00000000000000000e+00,4.24113030556463229e+02,2.03396086364897866e-01,-1.38114096734515690e+00,1.13949397488945756e+01,1.20651576398441074e-09,9.04115016273475494e-11,3.69441052166624347e-10,1.41621897668381687e-13
-2.01250000000000018e+00,1.33654121348030397e-01,-8.99547646854459870e-01,2.04367005131217860e-01,2.04655542032050946e+01,0.00000000000000000e+00,0.00000000000000000e+00,0.00000000000000000e+00,0.00000000000000000e+00,0.00000000000000000e+00,0.00000000000000000e+00,0.00000000000000000e+00,7.55316541859390594e-02,0.00000000000000000e+00,0.00000000000000000e+00,0.00000000000000000e+00,0.00000000000000000e+00,0.00000000000000000e+00,0.00000000000000000e+00,0.00000000000000000e+00,4.18844613875109758e+02,2.04367005055738876e-01,-1.38080752719118172e+00,1.13240459037894379e+01,1.20022028759349923e-09,8.77221866909517241e-11,3.69330578355056179e-10,1.39854457199332230e-13
-2.00833333333333330e+00,1.34212175325397198e-01,-8.99178547740998257e-01,2.05341700886495782e-01,2.03380433705925441e+01,0.00000000000000000e+00,0.00000000000000000e+00,0.00000000000000000e+00,0.00000000000000000e+00,0.00000000000000000e+00,0.00000000000000000e+00,0.00000000000000000e+00,7.50624598155705397e-02,0.00000000000000000e+00,0.00000000000000000e+00,0.00000000000000000e+00,0.00000000000000000e+00,0.00000000000000000e+00,0.00000000000000000e+00,0.00000000000000000e+00,4.13641642516976901e+02,2.05341700810678041e-01,-1.38047269480476165e+00,1.12535959732249822e+01,1.19414502101238366e-09,8.51124285846950942e-11,3.69227198737475640e-10,1.38020206484507415e-13
-2.00416666666666687e+00,1.34772559378623313e-01,-8.98807138035382147e-01,2.06320179960757438e-01,2.02113269953043435e+01,0.00000000000000000e+00,0.00000000000000000e+00,0.00000000000000000e+00,0.00000000000000000e+00,0.00000000000000000e+00,0.00000000000000000e+00,0.00000000000000000e+00,7.45962119680125407e-02,0.00000000000000000e+00,0.00000000000000000e+00,0.00000000000000000e+00,0.00000000000000000e+00,0.00000000000000000e+00,0.00000000000000000e+00,0.00000000000000000e+00,4.08503303505958115e+02,2.06320179884578209e-01,-1.38013646437282600e+00,1.11835872030073329e+01,1.18524764101719211e-09,8.13274516451916889e-11,3.69228204598068952e-10,1.34186195609314110e-13
-2.00000000000000000e+00,1.35335283236612702e-01,-8.98433403369783168e-01,2.07302448524126076e-01,2.00854001274996037e+01,0.00000000000000000e+00,0.00000000000000000e+00,0.00000000000000000e+00,0.00000000000000000e+00,0.00000000000000000e+00,0.00000000000000000e+00,0.00000000000000000e+00,7.41328926549309764e-02,0.00000000000000000e+00,0.00000000000000000e+00,0.00000000000000000e+00,0.00000000000000000e+00,0.00000000000000000e+00,0.00000000000000000e+00,0.00000000000000000e+00,4.03428793967534489e+02,2.07302448447592436e-01,-1.37979883005803239e+00,1.11140168563234631e+01,1.17690999288808578e-09,7.78002490405811194e-11,3.69188309686162054e-10,1.30579186521436092e-13
-1.99583333333333335e+00,1.35900356668890832e-01,-8.98057329289127404e-01,2.08288512661274322e-01,1.99602578481759920e+01,0.00000000000000000e+00,0.00000000000000000e+00,0.00000000000000000e+00,0.00000000000000000e+00,0.00000000000000000e+00,0.00000000000000000e+00,0.00000000000000000e+00,7.36724840056659919e-02,0.00000000000000000e+00,0.00000000000000000e+00,0.00000000000000000e+00,0.00000000000000000e+00,0.00000000000000000e+00,0.00000000000000000e+00,0.00000000000000000e+00,3.98417321000570837e+02,2.08288512584414526e-01,-1.37945978599866548e+00,1.10448822136336950e+01,1.17242701107954656e-09,7.58821721639933264e-11,3.69006410154660631e-10,1.29656169316918496e-13
-1.99166666666666670e+00,1.36467789485774621e-01,-8.97678901250746675e-01,2.09278378371111129e-01,1.98358952688681462e+01,0.00000000000000000e+00,0.00000000000000000e+00,0.00000000000000000e+00,0.00000000000000000e+00,0.00000000000000000e+00,0.00000000000000000e+00,0.00000000000000000e+00,7.32149682661142193e-02,0.00000000000000000e+00,0.00000000000000000e+00,0.00000000000000000e+00,0.00000000000000000e+00,0.00000000000000000e+00,0.00000000000000000e+00,0.00000000000000000e+00,3.93468101549083883e+02,2.09278378293892536e-01,-1.37911932630853507e+00,1.09761805725647914e+01,1.16397787636650619e-09,7.23108108103402454e-11,3.68975492168487395e-10,1.25622467880622837e-13
-1.98750000000000004e+00,1.37037591538542447e-01,-8.97298104623623249e-01,2.10272051563586915e-01,1.97123075316787784e+01,0.00000000000000000e+00,0.00000000000000000e+00,0.00000000000000000e+00,0.00000000000000000e+00,0.00000000000000000e+00,0.00000000000000000e+00,0.00000000000000000e+00,7.27603277990175323e-02,0.00000000000000000e+00,0.00000000000000000e+00,0.00000000000000000e+00,0.00000000000000000e+00,0.00000000000000000e+00,0.00000000000000000e+00,0.00000000000000000e+00,3.88580362288781316e+02,2.10272051486006667e-01,-1.37877744507687439e+00,1.09079092478036870e+01,1.15479979286199289e-09,6.84600492361580724e-11,3.68951780482564060e-10,1.20989202136196244e-13
-1.98333333333333339e+00,1.37609772719605394e-01,-8.96914924688016479e-01,2.11269538059177892e-01,1.95894898089993568e+01,0.00000000000000000e+00,0.00000000000000000e+00,0.00000000000000000e+00,0.00000000000000000e+00,0.00000000000000000e+00,0.00000000000000000e+00,0.00000000000000000e+00,7.23085450829401566e-02,0.00000000000000000e+00,0.00000000000000000e+00,0.00000000000000000e+00,0.00000000000000000e+00,0.00000000000000000e+00,0.00000000000000000e+00,0.00000000000000000e+00,3.83753339502581696e+02,2.11269537981272126e-01,-1.37843413636823664e+00,1.08400655709919480e+01,1.15039991403236909e-09,6.65997327283190571e-11,3.68750582392098325e-10,1.19726855284664663e-13
-1.97916666666666674e+00,1.38184342962678924e-01,-8.96529346635156266e-01,2.12270843588979269e-01,1.94674373031661645e+01,0.00000000000000000e+00,0.00000000000000000e+00,0.00000000000000000e+00,0.00000000000000000e+00,0.00000000000000000e+00,0.00000000000000000e+00,0.00000000000000000e+00,7.18596027109685287e-02,0.00000000000000000e+00,0.00000000000000000e+00,0.00000000000000000e+00,0.00000000000000000e+00,0.00000000000000000e+00,0.00000000000000000e+00,0.00000000000000000e+00,3.78986278955207297e+02,2.12270843510719787e-01,-1.37808939422239263e+00,1.07726468906210062e+01,1.14265813097052998e-09,6.33494600136931008e-11,3.68677492083348980e-10,1.15842117265237332e-13
-1.97500000000000009e+00,1.38761312242955237e-01,-8.96141355566483444e-01,2.13275973791330981e-01,1.93461452465057384e+01,0.00000000000000000e+00,0.00000000000000000e+00,0.00000000000000000e+00,0.00000000000000000e+00,0.00000000000000000e+00,0.00000000000000000e+00,0.00000000000000000e+00,7.14134833910652217e-02,0.00000000000000000e+00,0.00000000000000000e+00,0.00000000000000000e+00,0.00000000000000000e+00,0.00000000000000000e+00,0.00000000000000000e+00,0.00000000000000000e+00,3.74278435784506598e+02,2.13275973712709871e-01,-1.37774321265422683e+00,1.07056505719278210e+01,1.13347280751355910e-09,5.95258238221890423e-11,3.68635567588830238e-10,1.10848951634608491e-13
-1.97083333333333344e+00,1.39340690577276660e-01,-8.95750936493242111e-01,2.14284934211109168e-01,1.92256089010801574e+01,0.00000000000000000e+00,0.00000000000000000e+00,0.00000000000000000e+00,0.00000000000000000e+00,0.00000000000000000e+00,0.00000000000000000e+00,0.00000000000000000e+00,7.09701699451484036e-02,0.00000000000000000e+00,0.00000000000000000e+00,0.00000000000000000e+00,0.00000000000000000e+00,0.00000000000000000e+00,0.00000000000000000e+00,0.00000000000000000e+00,3.69629074382314627e+02,2.14284934132154242e-01,-1.37739558565363396e+00,1.06390739967913639e+01,1.12795707605831473e-09,5.72279123833152977e-11,3.68457662459280346e-10,1.08348608009987583e-13
-1.96666666666666656e+00,1.39922488024309399e-01,-8.95358074336127796e-01,2.15297730299562867e-01,1.91058235583749010e+01,0.00000000000000000e+00,0.00000000000000000e+00,0.00000000000000000e+00,0.00000000000000000e+00,0.00000000000000000e+00,0.00000000000000000e+00,0.00000000000000000e+00,7.05296453079246599e-02,0.00000000000000000e+00,0.00000000000000000e+00,0.00000000000000000e+00,0.00000000000000000e+00,0.00000000000000000e+00,0.00000000000000000e+00,0.00000000000000000e+00,3.65037468274620608e+02,2.15297730220262024e-01,-1.37704650718541433e+00,1.05729145636297943e+01,1.12123284712967391e-09,5.44257381355673172e-11,3.68331071527519767e-10,1.04750948836092710e-13
-1.96249999999999991e+00,1.40506714684718120e-01,-8.94962753924648857e-01,2.16314367411762021e-01,1.89867845392485499e+01,0.00000000000000000e+00,0.00000000000000000e+00,0.00000000000000000e+00,0.00000000000000000e+00,0.00000000000000000e+00,0.00000000000000000e+00,0.00000000000000000e+00,7.00918925268387144e-02,0.00000000000000000e+00,0.00000000000000000e+00,0.00000000000000000e+00,0.00000000000000000e+00,0.00000000000000000e+00,0.00000000000000000e+00,0.00000000000000000e+00,3.60502900013245778e+02,2.16314367332101076e-01,-1.37669597118916909e+00,1.05071696872981679e+01,1.11219269898998527e-09,5.06937378555881148e-11,3.68264694989991379e-10,9.93724523750636876e-14
-1.95833333333333326e+00,1.41093380701341503e-01,-8.94564959996619669e-01,2.17334850805136232e-01,1.88684871937627570e+01,0.00000000000000000e+00,0.00000000000000000e+00,0.00000000000000000e+00,0.00000000000000000e+00,0.00000000000000000e+00,0.00000000000000000e+00,0.00000000000000000e+00,6.96568947615122808e-02,0.00000000000000000e+00,0.00000000000000000e+00,0.00000000000000000e+00,0.00000000000000000e+00,0.00000000000000000e+00,0.00000000000000000e+00,0.00000000000000000e+00,3.56024661064176996e+02,2.17334850725130285e-01,-1.37634397157919519e+00,1.04418367989868308e+01,1.10497373026898676e-09,4.77272095320895488e-11,3.68122949657978576e-10,9.51457200965070385e-14
-1.95416666666666661e+00,1.41682496259368157e-01,-8.94164677197758606e-01,2.18359185638946213e-01,1.87509269009116331e+01,0.00000000000000000e+00,0.00000000000000000e+00,0.00000000000000000e+00,0.00000000000000000e+00,0.00000000000000000e+00,0.00000000000000000e+00,0.00000000000000000e+00,6.92246352827532857e-02,0.00000000000000000e+00,0.00000000000000000e+00,0.00000000000000000e+00,0.00000000000000000e+00,0.00000000000000000e+00,0.00000000000000000e+00,0.00000000000000000e+00,3.51602051693461590e+02,2.18359185558604646e-01,-1.37599050224437924e+00,1.03769133461205030e+01,1.09963275579235509e-09,4.55182460475469074e-11,3.67933075621373514e-10,9.22488572539804537e-14
-1.94999999999999996e+00,1.42274071586513590e-01,-8.93761890081201216e-01,2.19387376973018328e-01,1.86340990684311301e+01,0.00000000000000000e+00,0.00000000000000000e+00,0.00000000000000000e+00,0.00000000000000000e+00,0.00000000000000000e+00,0.00000000000000000e+00,0.00000000000000000e+00,6.87950974719062358e-02,0.00000000000000000e+00,0.00000000000000000e+00,0.00000000000000000e+00,0.00000000000000000e+00,0.00000000000000000e+00,0.00000000000000000e+00,0.00000000000000000e+00,3.47234380857542078e+02,2.19387376892320157e-01,-1.37563555704809182e+00,1.03123967922580064e+01,1.09092772527529788e-09,4.19564719078388598e-11,3.67834154869692130e-10,8.65916420105835041e-14
-1.94583333333333330e+00,1.42868116953197594e-01,-8.93356583106874713e-01,2.20419429765189051e-01,1.85179991327459916e+01,0.00000000000000000e+00,0.00000000000000000e+00,0.00000000000000000e+00,0.00000000000000000e+00,0.00000000000000000e+00,0.00000000000000000e+00,0.00000000000000000e+00,6.83682648207924459e-02,0.00000000000000000e+00,0.00000000000000000e+00,0.00000000000000000e+00,0.00000000000000000e+00,0.00000000000000000e+00,0.00000000000000000e+00,0.00000000000000000e+00,3.42920966100015903e+02,2.20419429684134943e-01,-1.37527912982808154e+00,1.02482846169925335e+01,1.08179889025077794e-09,3.82495789547025489e-11,3.67726692633730374e-10,8.02366035302165313e-14
-1.94166666666666665e+00,1.43464642672722742e-01,-8.92948740641056560e-01,2.21455348870419705e-01,1.84026225587376082e+01,0.00000000000000000e+00,0.00000000000000000e+00,0.00000000000000000e+00,0.00000000000000000e+00,0.00000000000000000e+00,0.00000000000000000e+00,0.00000000000000000e+00,6.79441209308833532e-02,0.00000000000000000e+00,0.00000000000000000e+00,0.00000000000000000e+00,0.00000000000000000e+00,0.00000000000000000e+00,0.00000000000000000e+00,0.00000000000000000e+00,3.38661133442927394e+02,2.21455348789039302e-01,-1.37492121439636628e+00,1.01845743158526094e+01,1.07777386705338100e-09,3.65997524462483345e-11,3.67479958654876302e-10,7.80924938520476643e-14
-1.93750000000000000e+00,1.44063659101453273e-01,-8.92538346956018080e-01,2.22495139040934958e-01,1.82879648394077243e+01,0.00000000000000000e+00,0.00000000000000000e+00,0.00000000000000000e+00,0.00000000000000000e+00,0.00000000000000000e+00,0.00000000000000000e+00,0.00000000000000000e+00,6.75226495120243991e-02,0.00000000000000000e+00,0.00000000000000000e+00,0.00000000000000000e+00,0.00000000000000000e+00,0.00000000000000000e+00,0.00000000000000000e+00,0.00000000000000000e+00,3.34454217275610347e+02,2.22495138959203059e-01,-1.37456180453912813e+00,1.01212634002037891e+01,1.06963909874565873e-09,3.33038007453726829e-11,3.67342403114164850e-10,7.24137849454233692e-14
-1.93333333333333335e+00,1.44665176638995058e-01,-8.92125386229295381e-01,2.23538804922424145e-01,1.81740214959519371e+01,0.00000000000000000e+00,0.00000000000000000e+00,0.00000000000000000e+00,0.00000000000000000e+00,0.00000000000000000e+00,0.00000000000000000e+00,0.00000000000000000e+00,6.71038343829212097e-02,0.00000000000000000e+00,0.00000000000000000e+00,0.00000000000000000e+00,0.00000000000000000e+00,0.00000000000000000e+00,0.00000000000000000e+00,0.00000000000000000e+00,3.30299560259911971e+02,2.23538804840338584e-01,-1.37420089401660306e+00,1.00583493971507441e+01,1.06044146437066871e-09,2.96083819495206422e-11,3.67209445490313041e-10,6.54564851179625629e-14
-1.92916666666666670e+00,1.45269205728375983e-01,-8.91709842543274789e-01,2.24586351053517597e-01,1.80607880774915515e+01,0.00000000000000000e+00,0.00000000000000000e+00,0.00000000000000000e+00,0.00000000000000000e+00,0.00000000000000000e+00,0.00000000000000000e+00,0.00000000000000000e+00,6.66876594701570763e-02,0.00000000000000000e+00,0.00000000000000000e+00,0.00000000000000000e+00,0.00000000000000000e+00,0.00000000000000000e+00,0.00000000000000000e+00,0.00000000000000000e+00,3.26196513223986585e+02,2.24586350971102078e-01,-1.37383847656297453e+00,9.99582984944013475e+00,1.05555662928807863e-09,2.76414629812811279e-11,3.66965839631595368e-10,6.21532619889360035e-14
-1.92500000000000004e+00,1.45875756856227362e-01,-8.91291699884791622e-01,2.25637781865643094e-01,1.79482601607697418e+01,0.00000000000000000e+00,0.00000000000000000e+00,0.00000000000000000e+00,0.00000000000000000e+00,0.00000000000000000e+00,0.00000000000000000e+00,0.00000000000000000e+00,6.62741088070543105e-02,0.00000000000000000e+00,0.00000000000000000e+00,0.00000000000000000e+00,0.00000000000000000e+00,0.00000000000000000e+00,0.00000000000000000e+00,0.00000000000000000e+00,3.22144435056172483e+02,2.25637781782883129e-01,-1.37347454588626361e+00,9.93370231536413684e+00,1.04827498105808001e-09,2.47216977915473167e-11,3.66782392972340196e-10,5.65966163166995922e-14
-1.92083333333333339e+00,1.46484840552965956e-01,-8.90870942144484923e-01,2.26693101679865450e-01,1.78364333501545929e+01,0.00000000000000000e+00,0.00000000000000000e+00,0.00000000000000000e+00,0.00000000000000000e+00,0.00000000000000000e+00,0.00000000000000000e+00,0.00000000000000000e+00,6.58631665338600680e-02,0.00000000000000000e+00,0.00000000000000000e+00,0.00000000000000000e+00,0.00000000000000000e+00,0.00000000000000000e+00,0.00000000000000000e+00,0.00000000000000000e+00,3.18142692611212851e+02,2.26693101596755237e-01,-1.37310909566822037e+00,9.87196436866440408e+00,1.03914086144334031e-09,2.10930428177980223e-11,3.66619948161580083e-10,4.89950627813308542e-14
-1.91666666666666674e+00,1.47096467392976799e-01,-8.90447553116317736e-01,2.27752314705728265e-01,1.77253032774380266e+01,0.00000000000000000e+00,0.00000000000000000e+00,0.00000000000000000e+00,0.00000000000000000e+00,0.00000000000000000e+00,0.00000000000000000e+00,0.00000000000000000e+00,6.54548168970515848e-02,0.00000000000000000e+00,0.00000000000000000e+00,0.00000000000000000e+00,0.00000000000000000e+00,0.00000000000000000e+00,0.00000000000000000e+00,0.00000000000000000e+00,3.14190660610210273e+02,2.27752314622283625e-01,-1.37274211956421377e+00,9.81061359843676151e+00,1.03286350167146977e-09,1.86080505997181899e-11,3.66383280121529749e-10,4.39991332955076108e-14
-1.91250000000000009e+00,1.47710647994796773e-01,-8.90021516497140230e-01,2.28815425040829801e-01,1.76148656015623288e+01,0.00000000000000000e+00,0.00000000000000000e+00,0.00000000000000000e+00,0.00000000000000000e+00,0.00000000000000000e+00,0.00000000000000000e+00,0.00000000000000000e+00,6.50490442483274700e-02,0.00000000000000000e+00,0.00000000000000000e+00,0.00000000000000000e+00,0.00000000000000000e+00,0.00000000000000000e+00,0.00000000000000000e+00,0.00000000000000000e+00,3.10287721539261383e+02,2.28815424957049013e-01,-1.37237361120312196e+00,9.74964760903653982e+00,1.02677273079376223e-09,1.61933404500087391e-11,3.66150087471551862e-10,3.88701046349627155e-14
-1.90833333333333344e+00,1.48327393021298992e-01,-8.89592815886139365e-01,2.29882436668720574e-01,1.75051160085143174e+01,0.00000000000000000e+00,0.00000000000000000e+00,0.00000000000000000e+00,0.00000000000000000e+00,0.00000000000000000e+00,0.00000000000000000e+00,0.00000000000000000e+00,6.46458330443243773e-02,0.00000000000000000e+00,0.00000000000000000e+00,0.00000000000000000e+00,0.00000000000000000e+00,0.00000000000000000e+00,0.00000000000000000e+00,0.00000000000000000e+00,3.06433265555274204e+02,2.29882436584594674e-01,-1.37200356418722058e+00,9.68906401998438760e+00,1.01787219584883566e-09,1.27002024605603557e-11,3.65951840166401587e-10,3.11834217739399376e-14
-1.90416666666666656e+00,1.48946713179877899e-01,-8.89161434784291438e-01,2.30953353456840010e-01,1.73960502112154067e+01,0.00000000000000000e+00,0.00000000000000000e+00,0.00000000000000000e+00,0.00000000000000000e+00,0.00000000000000000e+00,0.00000000000000000e+00,0.00000000000000000e+00,6.42451678463161618e-02,0.00000000000000000e+00,0.00000000000000000e+00,0.00000000000000000e+00,0.00000000000000000e+00,0.00000000000000000e+00,0.00000000000000000e+00,0.00000000000000000e+00,3.02626690392719183e+02,2.30953353372375048e-01,-1.37163197209207333e+00,9.62886046587274613e+00,1.00955940198614212e-09,9.46151540956313808e-12,3.65723041334684251e-10,2.36043004365852173e-14
-1.89999999999999991e+00,1.49568619222635063e-01,-8.88727356593891349e-01,2.32028179155621378e-01,1.72876639492956095e+01,0.00000000000000000e+00,0.00000000000000000e+00,0.00000000000000000e+00,0.00000000000000000e+00,0.00000000000000000e+00,0.00000000000000000e+00,0.00000000000000000e+00,6.38470333194102874e-02,0.00000000000000000e+00,0.00000000000000000e+00,0.00000000000000000e+00,0.00000000000000000e+00,0.00000000000000000e+00,0.00000000000000000e+00,0.00000000000000000e+00,2.98867401267438765e+02,2.32028179070829177e-01,-1.37125882846641889e+00,9.56903459627293351e+00,1.00505694946714090e-09,7.69645196369914846e-12,3.65439238362567861e-10,1.95548502759427939e-14
-1.89583333333333326e+00,1.50193121946566061e-01,-8.88290564618086753e-01,2.33106917397952973e-01,1.71799529888342768e+01,0.00000000000000000e+00,0.00000000000000000e+00,0.00000000000000000e+00,0.00000000000000000e+00,0.00000000000000000e+00,0.00000000000000000e+00,0.00000000000000000e+00,6.34514142315991819e-02,0.00000000000000000e+00,0.00000000000000000e+00,0.00000000000000000e+00,0.00000000000000000e+00,0.00000000000000000e+00,0.00000000000000000e+00,0.00000000000000000e+00,2.95154810780523803e+02,2.33106917312821710e-01,-1.37088412683206018e+00,9.50958407564282382e+00,9.96600748084663584e-10,4.42075689111044835e-12,3.65202646628347466e-10,1.14714948552586159e-14
-1.89166666666666661e+00,1.50820232193747766e-01,-8.87851042060270768e-01,2.34189571695717497e-01,1.70729131223853230e+01,0.00000000000000000e+00,0.00000000000000000e+00,0.00000000000000000e+00,0.00000000000000000e+00,0.00000000000000000e+00,0.00000000000000000e+00,0.00000000000000000e+00,6.30582954540465229e-02,0.00000000000000000e+00,0.00000000000000000e+00,0.00000000000000000e+00,0.00000000000000000e+00,0.00000000000000000e+00,0.00000000000000000e+00,0.00000000000000000e+00,2.91488338833142507e+02,2.34189571610249614e-01,-1.37050786068375130e+00,9.45050658323498816e+00,9.87424117737774595e-10,8.96348274010921427e-13,3.64951702090835421e-10,2.22760434942507083e-15
-1.88749999999999996e+00,1.51449960851526566e-01,-8.87408772023613124e-01,2.35276145439061418e-01,1.69665401687359534e+01,0.00000000000000000e+00,0.00000000000000000e+00,0.00000000000000000e+00,0.00000000000000000e+00,0.00000000000000000e+00,0.00000000000000000e+00,0.00000000000000000e+00,6.26676619602169471e-02,0.00000000000000000e+00,0.00000000000000000e+00,0.00000000000000000e+00,0.00000000000000000e+00,0.00000000000000000e+00,0.00000000000000000e+00,0.00000000000000000e+00,2.87867412533186155e+02,2.35276145353269378e-01,-1.37013002348908408e+00,9.39179981300557110e+00,9.83033493390729655e-10,7.94293404762451871e-13,3.64644022919882332e-10,2.09443023074973494e-15
-1.88333333333333330e+00,1.52082318852707538e-01,-8.86963737510589434e-01,2.36366641896285840e-01,1.68608299726084496e+01,0.00000000000000000e+00,0.00000000000000000e+00,0.00000000000000000e+00,0.00000000000000000e+00,0.00000000000000000e+00,0.00000000000000000e+00,0.00000000000000000e+00,6.22794988247569112e-02,0.00000000000000000e+00,0.00000000000000000e+00,0.00000000000000000e+00,0.00000000000000000e+00,0.00000000000000000e+00,0.00000000000000000e+00,0.00000000000000000e+00,2.84291466101185279e+02,2.36366641810161454e-01,-1.36975060868837550e+00,9.33346147352374267e+00,9.75281996474793820e-10,3.75657331508111038e-12,3.64367766710040691e-10,1.01140806099387745e-14
-1.87916666666666665e+00,1.52717317175744022e-01,-8.86515921422401210e-01,2.37461064210192030e-01,1.67557784047002301e+01,0.00000000000000000e+00,0.00000000000000000e+00,0.00000000000000000e+00,0.00000000000000000e+00,0.00000000000000000e+00,0.00000000000000000e+00,0.00000000000000000e+00,6.18937912238473192e-02,0.00000000000000000e+00,0.00000000000000000e+00,0.00000000000000000e+00,0.00000000000000000e+00,0.00000000000000000e+00,0.00000000000000000e+00,0.00000000000000000e+00,2.80759940788810638e+02,2.37461064123737131e-01,-1.36936960969455357e+00,9.27548928788153582e+00,9.66097192274803860e-10,7.23306170622750967e-12,3.64080314027824454e-10,1.99862775132401719e-14
-1.87500000000000000e+00,1.53354966844928470e-01,-8.86065306558485810e-01,2.38559415397160357e-01,1.66513813614626152e+01,0.00000000000000000e+00,0.00000000000000000e+00,0.00000000000000000e+00,0.00000000000000000e+00,0.00000000000000000e+00,0.00000000000000000e+00,0.00000000000000000e+00,6.15105244344194141e-02,0.00000000000000000e+00,0.00000000000000000e+00,0.00000000000000000e+00,0.00000000000000000e+00,0.00000000000000000e+00,0.00000000000000000e+00,0.00000000000000000e+00,2.77272284789480750e+02,2.38559415310382633e-01,-1.36898701989304294e+00,9.21788099360444413e+00,9.60596456394813454e-10,9.30993816156930464e-12,3.63757279429248298e-10,2.60905121324583304e-14
-1.87083333333333335e+00,1.53995278930583596e-01,-8.85611875616015509e-01,2.39661698346771201e-01,1.65476347648302315e+01,0.00000000000000000e+00,0.00000000000000000e+00,0.00000000000000000e+00,0.00000000000000000e+00,0.00000000000000000e+00,0.00000000000000000e+00,0.00000000000000000e+00,6.11296838331551184e-02,0.00000000000000000e+00,0.00000000000000000e+00,0.00000000000000000e+00,0.00000000000000000e+00,0.00000000000000000e+00,0.00000000000000000e+00,0.00000000000000000e+00,2.73827953148463564e+02,2.39661698259668154e-01,-1.36860283264164995e+00,9.16063434256256492e+00,9.53859129493640668e-10,1.18467035661871507e-11,3.63441666439972876e-10,3.36994008597642078e-14
-1.86666666666666670e+00,1.54638264549254806e-01,-8.85155611189367808e-01,2.40767915818993511e-01,1.64445345621785357e+01,0.00000000000000000e+00,0.00000000000000000e+00,0.00000000000000000e+00,0.00000000000000000e+00,0.00000000000000000e+00,0.00000000000000000e+00,0.00000000000000000e+00,6.07512548964813381e-02,0.00000000000000000e+00,0.00000000000000000e+00,0.00000000000000000e+00,0.00000000000000000e+00,0.00000000000000000e+00,0.00000000000000000e+00,0.00000000000000000e+00,2.70426407681655860e+02,2.40767915731567445e-01,-1.36821704127044708e+00,9.10374710088219530e+00,9.44816468995549249e-10,1.52161862406089707e-11,3.63113441094094499e-10,4.42384127267920715e-14
-1.86250000000000004e+00,1.55283934863902989e-01,-8.84696495769609959e-01,2.41878070442498677e-01,1.63420767261756836e+01,0.00000000000000000e+00,0.00000000000000000e+00,0.00000000000000000e+00,0.00000000000000000e+00,0.00000000000000000e+00,0.00000000000000000e+00,0.00000000000000000e+00,6.03752232001038697e-02,0.00000000000000000e+00,0.00000000000000000e+00,0.00000000000000000e+00,0.00000000000000000e+00,0.00000000000000000e+00,0.00000000000000000e+00,0.00000000000000000e+00,2.67067116891789397e+02,2.41878070354754143e-01,-1.36782963908165822e+00,9.04721704885805700e+00,9.37619191731065502e-10,1.78798144317703142e-11,3.62763493739900873e-10,5.27793167920436058e-14
-1.85833333333333339e+00,1.55932301084098418e-01,-8.84234511743983709e-01,2.42992164713909387e-01,1.62402572545477213e+01,0.00000000000000000e+00,0.00000000000000000e+00,0.00000000000000000e+00,0.00000000000000000e+00,0.00000000000000000e+00,0.00000000000000000e+00,0.00000000000000000e+00,6.00015744181634295e-02,0.00000000000000000e+00,0.00000000000000000e+00,0.00000000000000000e+00,0.00000000000000000e+00,0.00000000000000000e+00,0.00000000000000000e+00,0.00000000000000000e+00,2.63749555882822506e+02,2.42992164625845358e-01,-1.36744061934954098e+00,8.99104198086609152e+00,9.32261226549730759e-10,1.98647234617339263e-11,3.62415094443341200e-10,5.97694233133752379e-14
-1.85416666666666674e+00,1.56583374466215397e-01,-8.83769641395384942e-01,2.44110200996283444e-01,1.61390721699150426e+01,0.00000000000000000e+00,0.00000000000000000e+00,0.00000000000000000e+00,0.00000000000000000e+00,0.00000000000000000e+00,0.00000000000000000e+00,0.00000000000000000e+00,5.96302943227023582e-02,0.00000000000000000e+00,0.00000000000000000e+00,0.00000000000000000e+00,0.00000000000000000e+00,0.00000000000000000e+00,0.00000000000000000e+00,0.00000000000000000e+00,2.60473206277727229e+02,2.44110200907904556e-01,-1.36704997532027073e+00,8.93521970527681830e+00,9.23551572862785396e-10,2.30556079469165019e-11,3.62045040366805681e-10,7.04863324605599702e-14
-1.85000000000000009e+00,1.57237166313627608e-01,-8.83301866901859078e-01,2.45232181516334441e-01,1.60385175197450565e+01,0.00000000000000000e+00,0.00000000000000000e+00,0.00000000000000000e+00,0.00000000000000000e+00,0.00000000000000000e+00,0.00000000000000000e+00,0.00000000000000000e+00,5.92613687836379827e-02,0.00000000000000000e+00,0.00000000000000000e+00,0.00000000000000000e+00,0.00000000000000000e+00,0.00000000000000000e+00,0.00000000000000000e+00,0.00000000000000000e+00,2.57237556140999232e+02,2.45232181427646745e-01,-1.36665770021182342e+00,8.87974804436912635e+00,9.14424265735291917e-10,2.63672793230459610e-11,3.61647870029314413e-10,8.20031073997251292e-14
-1.84583333333333344e+00,1.57893687976904368e-01,-8.82831170336086268e-01,2.46358108363312067e-01,1.59385893761516151e+01,0.00000000000000000e+00,0.00000000000000000e+00,0.00000000000000000e+00,0.00000000000000000e+00,0.00000000000000000e+00,0.00000000000000000e+00,0.00000000000000000e+00,5.88947837680677475e-02,0.00000000000000000e+00,0.00000000000000000e+00,0.00000000000000000e+00,0.00000000000000000e+00,0.00000000000000000e+00,0.00000000000000000e+00,0.00000000000000000e+00,2.54042099897128224e+02,2.46358108274308596e-01,-1.36626378721385722e+00,8.82462483424470889e+00,9.10404919598235043e-10,2.78284567156149405e-11,3.61276809126284247e-10,8.79578764149665992e-14
-1.84166666666666656e+00,1.58552950854007724e-01,-8.82357533664809512e-01,2.47487983488898583e-01,1.58392838356035917e+01,0.00000000000000000e+00,0.00000000000000000e+00,0.00000000000000000e+00,0.00000000000000000e+00,0.00000000000000000e+00,0.00000000000000000e+00,0.00000000000000000e+00,5.85305253391787822e-02,0.00000000000000000e+00,0.00000000000000000e+00,0.00000000000000000e+00,0.00000000000000000e+00,0.00000000000000000e+00,0.00000000000000000e+00,0.00000000000000000e+00,2.50886338247209693e+02,2.47487983399588690e-01,-1.36586822948759545e+00,8.76984792474311448e+00,9.02262481974020860e-10,3.07564653572738861e-11,3.60865572492578733e-10,9.88530006129279526e-14
-1.83749999999999991e+00,1.59214966390490265e-01,-8.81880938748398790e-01,2.48621808703183789e-01,1.57405970189889910e+01,0.00000000000000000e+00,0.00000000000000000e+00,0.00000000000000000e+00,0.00000000000000000e+00,0.00000000000000000e+00,0.00000000000000000e+00,0.00000000000000000e+00,5.81685796567064581e-02,0.00000000000000000e+00,0.00000000000000000e+00,0.00000000000000000e+00,0.00000000000000000e+00,0.00000000000000000e+00,0.00000000000000000e+00,0.00000000000000000e+00,2.47769778097864389e+02,2.48621808613575579e-01,-1.36547102016570587e+00,8.71541517935711596e+00,8.93064893477518149e-10,3.40306424239578650e-11,3.60419748536694806e-10,1.11316874524588306e-13
-1.83333333333333326e+00,1.59879746079693907e-01,-8.81401367340309605e-01,2.49759585673909573e-01,1.56425250713822326e+01,0.00000000000000000e+00,0.00000000000000000e+00,0.00000000000000000e+00,0.00000000000000000e+00,0.00000000000000000e+00,0.00000000000000000e+00,0.00000000000000000e+00,5.78089329760995280e-02,0.00000000000000000e+00,0.00000000000000000e+00,0.00000000000000000e+00,0.00000000000000000e+00,0.00000000000000000e+00,0.00000000000000000e+00,0.00000000000000000e+00,2.44691932481553550e+02,2.49759585583992472e-01,-1.36507215235218360e+00,8.66132447514875814e+00,8.88190977787467464e-10,3.57608114677607077e-11,3.60014616984664177e-10,1.19152244466718790e-13
-1.82916666666666661e+00,1.60547301462949432e-01,-8.80918801086488346e-01,2.50901315926073898e-01,1.55450641617808412e+01,0.00000000000000000e+00,0.00000000000000000e+00,0.00000000000000000e+00,0.00000000000000000e+00,0.00000000000000000e+00,0.00000000000000000e+00,0.00000000000000000e+00,5.74515716475531360e-02,0.00000000000000000e+00,0.00000000000000000e+00,0.00000000000000000e+00,0.00000000000000000e+00,0.00000000000000000e+00,0.00000000000000000e+00,0.00000000000000000e+00,2.41652320476967873e+02,2.50901315835856842e-01,-1.36467161912223034e+00,8.60757370266598265e+00,8.80899167214572635e-10,3.83334680344263107e-11,3.59571872899099805e-10,1.29851618765506150e-13
-1.82499999999999996e+00,1.61217644129776766e-01,-8.80433221524956511e-01,2.52047000838552082e-01,1.54482104831089142e+01,0.00000000000000000e+00,0.00000000000000000e+00,0.00000000000000000e+00,0.00000000000000000e+00,0.00000000000000000e+00,0.00000000000000000e+00,0.00000000000000000e+00,5.70964821162019201e-02,0.00000000000000000e+00,0.00000000000000000e+00,0.00000000000000000e+00,0.00000000000000000e+00,0.00000000000000000e+00,0.00000000000000000e+00,0.00000000000000000e+00,2.38650467138706205e+02,2.52047000748047312e-01,-1.36426941352213404e+00,8.55416076585963481e+00,8.71763519249508813e-10,4.15225268681922791e-11,3.59078941928176824e-10,1.43130725016338237e-13
-1.82083333333333330e+00,1.61890785718086266e-01,-8.79944610085281909e-01,2.53196641642708664e-01,1.53519602520422662e+01,0.00000000000000000e+00,0.00000000000000000e+00,0.00000000000000000e+00,0.00000000000000000e+00,0.00000000000000000e+00,0.00000000000000000e+00,0.00000000000000000e+00,5.67436509215376167e-02,0.00000000000000000e+00,0.00000000000000000e+00,0.00000000000000000e+00,0.00000000000000000e+00,0.00000000000000000e+00,0.00000000000000000e+00,0.00000000000000000e+00,2.35685903422205541e+02,2.53196641551907298e-01,-1.36386552856914811e+00,8.50108358200106196e+00,8.65503307140835034e-10,4.36930295753067239e-11,3.58619947994819000e-10,1.52985836026696573e-13
-1.81666666666666665e+00,1.62566737914380754e-01,-8.79452948087977249e-01,2.54350239421720137e-01,1.52563097087712691e+01,0.00000000000000000e+00,0.00000000000000000e+00,0.00000000000000000e+00,0.00000000000000000e+00,0.00000000000000000e+00,0.00000000000000000e+00,0.00000000000000000e+00,5.63930646965562499e-02,0.00000000000000000e+00,0.00000000000000000e+00,0.00000000000000000e+00,0.00000000000000000e+00,0.00000000000000000e+00,0.00000000000000000e+00,0.00000000000000000e+00,2.32758166107694336e+02,2.54350239330621675e-01,-1.36345995725137170e+00,8.44834008160028027e+00,8.59399480084936880e-10,4.58039133685411484e-11,3.58161495530505744e-10,1.63264317196547107e-13
-1.81250000000000000e+00,1.63245512453958408e-01,-8.78958216744039178e-01,2.55507795108238012e-01,1.51612551169104002e+01,0.00000000000000000e+00,0.00000000000000000e+00,0.00000000000000000e+00,0.00000000000000000e+00,0.00000000000000000e+00,0.00000000000000000e+00,0.00000000000000000e+00,5.60447101675425122e-02,0.00000000000000000e+00,0.00000000000000000e+00,0.00000000000000000e+00,0.00000000000000000e+00,0.00000000000000000e+00,0.00000000000000000e+00,0.00000000000000000e+00,2.29866797729579559e+02,2.55507795016862049e-01,-1.36305269252762473e+00,8.39592820832459807e+00,8.50495678079432923e-10,4.88502780845467542e-11,3.57624949744379764e-10,1.77203233260299370e-13
-1.80833333333333335e+00,1.63927121121116431e-01,-8.78460397154482320e-01,2.56669309482116359e-01,1.50667927634021090e+01,0.00000000000000000e+00,0.00000000000000000e+00,0.00000000000000000e+00,0.00000000000000000e+00,0.00000000000000000e+00,0.00000000000000000e+00,0.00000000000000000e+00,5.56985741538293042e-02,0.00000000000000000e+00,0.00000000000000000e+00,0.00000000000000000e+00,0.00000000000000000e+00,0.00000000000000000e+00,0.00000000000000000e+00,0.00000000000000000e+00,2.27011346506468954e+02,2.56669309390465061e-01,-1.36264372732733019e+00,8.34384591891770455e+00,8.42209219380178853e-10,5.16579291559141032e-11,3.57079301300034383e-10,1.90444875860607041e-13
-1.80416666666666670e+00,1.64611575749355810e-01,-8.77959470309772505e-01,2.57834783169274218e-01,1.49729189583205464e+01,0.00000000000000000e+00,0.00000000000000000e+00,0.00000000000000000e+00,0.00000000000000000e+00,0.00000000000000000e+00,0.00000000000000000e+00,0.00000000000000000e+00,5.53546435671226494e-02,0.00000000000000000e+00,0.00000000000000000e+00,0.00000000000000000e+00,0.00000000000000000e+00,0.00000000000000000e+00,0.00000000000000000e+00,0.00000000000000000e+00,2.24191366268999275e+02,2.57834783077323548e-01,-1.36223305455038646e+00,8.29209118311936066e+00,8.37687857839484280e-10,5.31883545704666208e-11,3.56626317843718487e-10,1.99443264703327683e-13
-1.80000000000000004e+00,1.65298888221586532e-01,-8.77455417089200274e-01,2.59004216640870422e-01,1.48796300346487591e+01,0.00000000000000000e+00,0.00000000000000000e+00,0.00000000000000000e+00,0.00000000000000000e+00,0.00000000000000000e+00,0.00000000000000000e+00,0.00000000000000000e+00,5.50129054107126314e-02,0.00000000000000000e+00,0.00000000000000000e+00,0.00000000000000000e+00,0.00000000000000000e+00,0.00000000000000000e+00,0.00000000000000000e+00,0.00000000000000000e+00,2.21406416387783167e+02,2.59004216548652189e-01,-1.36182066706704807e+00,8.24066198358563184e+00,8.29226197561310635e-10,5.60184127403444182e-11,3.56049157340694781e-10,2.13659270092496996e-13
-1.79583333333333339e+00,1.65989070470334094e-01,-8.76948218260590440e-01,2.60177610209690102e-01,1.47869223482990186e+01,0.00000000000000000e+00,0.00000000000000000e+00,0.00000000000000000e+00,0.00000000000000000e+00,0.00000000000000000e+00,0.00000000000000000e+00,0.00000000000000000e+00,5.46733467797364675e-02,0.00000000000000000e+00,0.00000000000000000e+00,0.00000000000000000e+00,0.00000000000000000e+00,0.00000000000000000e+00,0.00000000000000000e+00,0.00000000000000000e+00,2.18656061709473050e+02,2.60177610117216795e-01,-1.36140655771779961e+00,8.18955631580938714e+00,8.20050757666386232e-10,5.90521350373107994e-11,3.55423768971051932e-10,2.29047283815810069e-13
-1.79166666666666674e+00,1.66682134477946525e-01,-8.76437854479707679e-01,2.61354964029151926e-01,1.46947922779044102e+01,0.00000000000000000e+00,0.00000000000000000e+00,0.00000000000000000e+00,0.00000000000000000e+00,0.00000000000000000e+00,0.00000000000000000e+00,0.00000000000000000e+00,5.43359548604508691e-02,0.00000000000000000e+00,0.00000000000000000e+00,0.00000000000000000e+00,0.00000000000000000e+00,0.00000000000000000e+00,0.00000000000000000e+00,0.00000000000000000e+00,2.15939872486749692e+02,2.61354963936385798e-01,-1.36099071931323201e+00,8.13877218804155511e+00,8.15669585387777979e-10,6.04942175434435105e-11,3.54943050307115625e-10,2.38779797260763587e-13
-1.78750000000000009e+00,1.67378092276802476e-01,-8.75924306289530108e-01,2.62536278092904141e-01,1.46032362245602787e+01,0.00000000000000000e+00,0.00000000000000000e+00,0.00000000000000000e+00,0.00000000000000000e+00,0.00000000000000000e+00,0.00000000000000000e+00,0.00000000000000000e+00,5.40007169292916617e-02,0.00000000000000000e+00,0.00000000000000000e+00,0.00000000000000000e+00,0.00000000000000000e+00,0.00000000000000000e+00,0.00000000000000000e+00,0.00000000000000000e+00,2.13257424307738404e+02,2.62536277999879220e-01,-1.36057314463391843e+00,8.08830762121283087e+00,8.07907843875401501e-10,6.30217176984689392e-11,3.54331682494447089e-10,2.53064253937204539e-13
-1.78333333333333344e+00,1.68076955949520129e-01,-8.75407554120051001e-01,2.63721552231023504e-01,1.45122506118595371e+01,0.00000000000000000e+00,0.00000000000000000e+00,0.00000000000000000e+00,0.00000000000000000e+00,0.00000000000000000e+00,0.00000000000000000e+00,0.00000000000000000e+00,5.36676203531968252e-02,0.00000000000000000e+00,0.00000000000000000e+00,0.00000000000000000e+00,0.00000000000000000e+00,0.00000000000000000e+00,0.00000000000000000e+00,0.00000000000000000e+00,2.10608298034891902e+02,2.63721552137761106e-01,-1.36015382643028793e+00,8.03816064885567627e+00,7.98721400896020382e-10,6.59773050040144267e-11,3.53639651551029175e-10,2.69208181234885356e-13
-1.77916666666666656e+00,1.68778737629166925e-01,-8.74887578287683154e-01,2.64910786108842833e-01,1.44218318857004988e+01,0.00000000000000000e+00,0.00000000000000000e+00,0.00000000000000000e+00,0.00000000000000000e+00,0.00000000000000000e+00,0.00000000000000000e+00,0.00000000000000000e+00,5.33366525889504769e-02,0.00000000000000000e+00,0.00000000000000000e+00,0.00000000000000000e+00,0.00000000000000000e+00,0.00000000000000000e+00,0.00000000000000000e+00,0.00000000000000000e+00,2.07992079737916981e+02,2.64910786015308208e-01,-1.35973275742249977e+00,7.98832931702701909e+00,7.93234613700972552e-10,6.77275525629157847e-11,3.53079713729464700e-10,2.81151021481957945e-13
-1.77499999999999991e+00,1.69483449499470112e-01,-8.74364358994533686e-01,2.66103979226273823e-01,1.43319765140523128e+01,0.00000000000000000e+00,0.00000000000000000e+00,0.00000000000000000e+00,0.00000000000000000e+00,0.00000000000000000e+00,0.00000000000000000e+00,0.00000000000000000e+00,5.30078011823497536e-02,0.00000000000000000e+00,0.00000000000000000e+00,0.00000000000000000e+00,0.00000000000000000e+00,0.00000000000000000e+00,0.00000000000000000e+00,0.00000000000000000e+00,2.05408360626333263e+02,2.66103979132484458e-01,-1.35930993030031777e+00,7.93881168423142647e+00,7.86483446992111787e-10,6.98626909445430725e-11,3.52453824512102030e-10,2.94928636505696549e-13
-1.77083333333333326e+00,1.70191103795028525e-01,-8.73837876328124152e-01,2.67301130914824270e-01,1.42426809869190976e+01,0.00000000000000000e+00,0.00000000000000000e+00,0.00000000000000000e+00,0.00000000000000000e+00,0.00000000000000000e+00,0.00000000000000000e+00,0.00000000000000000e+00,5.26810537682172036e-02,0.00000000000000000e+00,0.00000000000000000e+00,0.00000000000000000e+00,0.00000000000000000e+00,0.00000000000000000e+00,0.00000000000000000e+00,0.00000000000000000e+00,2.02856736988572891e+02,2.67301130820814747e-01,-1.35888533772298281e+00,7.88960582134461141e+00,7.77435365414336306e-10,7.26887725625208267e-11,3.51698932586765494e-10,3.12088742108441463e-13
-1.76666666666666661e+00,1.70901712801524830e-01,-8.73308110260906600e-01,2.68502240335696252e-01,1.41539418162109190e+01,0.00000000000000000e+00,0.00000000000000000e+00,0.00000000000000000e+00,0.00000000000000000e+00,0.00000000000000000e+00,0.00000000000000000e+00,0.00000000000000000e+00,5.23563980700164772e-02,0.00000000000000000e+00,0.00000000000000000e+00,0.00000000000000000e+00,0.00000000000000000e+00,0.00000000000000000e+00,0.00000000000000000e+00,0.00000000000000000e+00,2.00336810129102901e+02,2.68502240241447976e-01,-1.35845897231908497e+00,7.84070981153750246e+00,7.70259033200760084e-10,7.49082105798241576e-11,3.51014858444420166e-10,3.27204533085373273e-13
-1.76249999999999996e+00,1.71615288855938741e-01,-8.72775040649584222e-01,2.69707306478752962e-01,1.40657555355400241e+01,0.00000000000000000e+00,0.00000000000000000e+00,0.00000000000000000e+00,0.00000000000000000e+00,0.00000000000000000e+00,0.00000000000000000e+00,0.00000000000000000e+00,5.20338218991524340e-02,0.00000000000000000e+00,0.00000000000000000e+00,0.00000000000000000e+00,0.00000000000000000e+00,0.00000000000000000e+00,0.00000000000000000e+00,0.00000000000000000e+00,1.97848186304196275e+02,2.69707306384243672e-01,-1.35803082668643671e+00,7.79212175020085240e+00,7.64883839543983076e-10,7.65627668992055540e-11,3.50414271494767975e-10,3.40074724102857886e-13
-1.75833333333333330e+00,1.72331844346761381e-01,-8.72238647234590880e-01,2.70916328160748787e-01,1.39781187000805520e+01,0.00000000000000000e+00,0.00000000000000000e+00,0.00000000000000000e+00,0.00000000000000000e+00,0.00000000000000000e+00,0.00000000000000000e+00,0.00000000000000000e+00,5.17133131545398986e-02,0.00000000000000000e+00,0.00000000000000000e+00,0.00000000000000000e+00,0.00000000000000000e+00,0.00000000000000000e+00,0.00000000000000000e+00,0.00000000000000000e+00,1.95390476660299043e+02,2.70916328066030443e-01,-1.35760089339194323e+00,7.74383974487025650e+00,7.56168361227922446e-10,7.92157241241487843e-11,3.49622132247053562e-10,3.57954820481674904e-13
-1.75416666666666665e+00,1.73051391714210218e-01,-8.71698909639842645e-01,2.72129304022415919e-01,1.38910278865263361e+01,0.00000000000000000e+00,0.00000000000000000e+00,0.00000000000000000e+00,0.00000000000000000e+00,0.00000000000000000e+00,0.00000000000000000e+00,0.00000000000000000e+00,5.13948598225850151e-02,0.00000000000000000e+00,0.00000000000000000e+00,0.00000000000000000e+00,0.00000000000000000e+00,0.00000000000000000e+00,0.00000000000000000e+00,0.00000000000000000e+00,1.92963297175868519e+02,2.72129303927501121e-01,-1.35716916497147388e+00,7.69586191515154816e+00,7.47044120302743128e-10,8.19648834971667760e-11,3.48785657675741638e-10,3.76588441435935402e-13
-1.75000000000000000e+00,1.73773943450445140e-01,-8.71155807372140378e-01,2.73346232527075517e-01,1.38044796929176243e+01,0.00000000000000000e+00,0.00000000000000000e+00,0.00000000000000000e+00,0.00000000000000000e+00,0.00000000000000000e+00,0.00000000000000000e+00,0.00000000000000000e+00,5.10784499766147593e-02,0.00000000000000000e+00,0.00000000000000000e+00,0.00000000000000000e+00,0.00000000000000000e+00,0.00000000000000000e+00,0.00000000000000000e+00,0.00000000000000000e+00,1.90566268600227090e+02,2.73346232431886105e-01,-1.35673563392973273e+00,7.64818639264680744e+00,7.43033379601276124e-10,8.31714115042745327e-11,3.48237512042739068e-10,3.88707799643857356e-13
-1.74583333333333335e+00,1.74499512099785259e-01,-8.70609319820264571e-01,2.74567111960187626e-01,1.37184707383885183e+01,0.00000000000000000e+00,0.00000000000000000e+00,0.00000000000000000e+00,0.00000000000000000e+00,0.00000000000000000e+00,0.00000000000000000e+00,0.00000000000000000e+00,5.07640717759761453e-02,0.00000000000000000e+00,0.00000000000000000e+00,0.00000000000000000e+00,0.00000000000000000e+00,0.00000000000000000e+00,0.00000000000000000e+00,0.00000000000000000e+00,1.88199016391005301e+02,2.74567111864792324e-01,-1.35630029274012887e+00,7.60081132088084122e+00,7.34886856582080408e-10,8.55985011719631085e-11,3.47438927118224736e-10,4.06851386917554960e-13
-1.74166666666666670e+00,1.75228110258926734e-01,-8.70059426255105461e-01,2.75791940425276549e-01,1.36329976632228860e+01,0.00000000000000000e+00,0.00000000000000000e+00,0.00000000000000000e+00,0.00000000000000000e+00,0.00000000000000000e+00,0.00000000000000000e+00,0.00000000000000000e+00,5.04517134664264413e-02,0.00000000000000000e+00,0.00000000000000000e+00,0.00000000000000000e+00,0.00000000000000000e+00,0.00000000000000000e+00,0.00000000000000000e+00,0.00000000000000000e+00,1.85861170660832357e+02,2.75791940329698948e-01,-1.35586313384464408e+00,7.55373485522791821e+00,7.25694218593626783e-10,8.83091886434280873e-11,3.46556905450670648e-10,4.26881706460225065e-13
-1.73750000000000004e+00,1.75959750577161483e-01,-8.69506105828943499e-01,2.77020715842888232e-01,1.35480571286524096e+01,0.00000000000000000e+00,0.00000000000000000e+00,0.00000000000000000e+00,0.00000000000000000e+00,0.00000000000000000e+00,0.00000000000000000e+00,0.00000000000000000e+00,5.01413633794418473e-02,0.00000000000000000e+00,0.00000000000000000e+00,0.00000000000000000e+00,0.00000000000000000e+00,0.00000000000000000e+00,0.00000000000000000e+00,0.00000000000000000e+00,1.83552366117550918e+02,2.77020715747051949e-01,-1.35542414965370295e+00,7.50695516283914621e+00,7.20834784677645644e-10,8.97516129254185340e-11,3.45953489778513205e-10,4.41170538469722537e-13
-1.73333333333333339e+00,1.76694445756596735e-01,-8.68949337574563607e-01,2.78253435949845807e-01,1.34636458166284445e+01,0.00000000000000000e+00,0.00000000000000000e+00,0.00000000000000000e+00,0.00000000000000000e+00,0.00000000000000000e+00,0.00000000000000000e+00,0.00000000000000000e+00,4.98330099314280642e-02,0.00000000000000000e+00,0.00000000000000000e+00,0.00000000000000000e+00,0.00000000000000000e+00,0.00000000000000000e+00,0.00000000000000000e+00,0.00000000000000000e+00,1.81272242004495439e+02,2.78253435853801689e-01,-1.35498333254604186e+00,7.46047042257030846e+00,7.13535696366366458e-10,9.18750576847785297e-11,3.45167766964455085e-10,4.59196126286599862e-13
-1.72916666666666674e+00,1.77432208552375570e-01,-8.68389100405290937e-01,2.79490098295798850e-01,1.33797604298256587e+01,0.00000000000000000e+00,0.00000000000000000e+00,0.00000000000000000e+00,0.00000000000000000e+00,0.00000000000000000e+00,0.00000000000000000e+00,0.00000000000000000e+00,4.95266416238797358e-02,0.00000000000000000e+00,0.00000000000000000e+00,0.00000000000000000e+00,0.00000000000000000e+00,0.00000000000000000e+00,0.00000000000000000e+00,0.00000000000000000e+00,1.79020442047759047e+02,2.79490098199591697e-01,-1.35454067486857466e+00,7.41427882491000734e+00,7.04402117230907745e-10,9.44853127752999574e-11,3.44223834671616740e-10,4.80317135502999684e-13
-1.72500000000000009e+00,1.78173051772898411e-01,-8.67825373114418874e-01,2.80730700241590803e-01,1.32963976914900144e+01,0.00000000000000000e+00,0.00000000000000000e+00,0.00000000000000000e+00,0.00000000000000000e+00,0.00000000000000000e+00,0.00000000000000000e+00,0.00000000000000000e+00,4.92222470429016304e-02,0.00000000000000000e+00,0.00000000000000000e+00,0.00000000000000000e+00,0.00000000000000000e+00,0.00000000000000000e+00,0.00000000000000000e+00,0.00000000000000000e+00,1.76796614399864922e+02,2.80730700145166545e-01,-1.35409616893626095e+00,7.36837857190833656e+00,6.98160832209437438e-10,9.62598887634241795e-11,3.43475998234658334e-10,4.97705760555995894e-13
-1.72083333333333344e+00,1.78916988280045319e-01,-8.67258134374369716e-01,2.81975238958249719e-01,1.32135543452331135e+01,0.00000000000000000e+00,0.00000000000000000e+00,0.00000000000000000e+00,0.00000000000000000e+00,0.00000000000000000e+00,0.00000000000000000e+00,0.00000000000000000e+00,4.89198148585158199e-02,0.00000000000000000e+00,0.00000000000000000e+00,0.00000000000000000e+00,0.00000000000000000e+00,0.00000000000000000e+00,0.00000000000000000e+00,0.00000000000000000e+00,1.74600411582714685e+02,2.81975238861611355e-01,-1.35364980703197268e+00,7.32276787710604360e+00,6.92039483640854781e-10,9.79798796255109760e-11,3.42719326590243792e-10,5.15320727759654948e-13
-1.71666666666666656e+00,1.79664030989399398e-01,-8.66687362736441314e-01,2.83223711424484215e-01,1.31312271549549084e+01,0.00000000000000000e+00,0.00000000000000000e+00,0.00000000000000000e+00,0.00000000000000000e+00,0.00000000000000000e+00,0.00000000000000000e+00,0.00000000000000000e+00,4.86193338244864867e-02,0.00000000000000000e+00,0.00000000000000000e+00,0.00000000000000000e+00,0.00000000000000000e+00,0.00000000000000000e+00,0.00000000000000000e+00,0.00000000000000000e+00,1.72431490434646690e+02,2.83223711327703132e-01,-1.35320158140636027e+00,7.27744496546405362e+00,6.83126356681912227e-10,1.00431884416763227e-10,3.41712502438081171e-10,5.37053973591851317e-13
-1.71249999999999991e+00,1.80414192870470780e-01,-8.66113036630525301e-01,2.84476114424258408e-01,1.30494129047596363e+01,0.00000000000000000e+00,0.00000000000000000e+00,0.00000000000000000e+00,0.00000000000000000e+00,0.00000000000000000e+00,0.00000000000000000e+00,0.00000000000000000e+00,4.83207927781169611e-02,0.00000000000000000e+00,0.00000000000000000e+00,0.00000000000000000e+00,0.00000000000000000e+00,0.00000000000000000e+00,0.00000000000000000e+00,0.00000000000000000e+00,1.70289512057922025e+02,2.84476114327328222e-01,-1.35275148427771752e+00,7.23240807329342861e+00,6.74857557751033714e-10,1.02675957934032922e-10,3.40732248572075295e-10,5.58433979070685897e-13
-1.70833333333333326e+00,1.81167486946922141e-01,-8.65535134364417980e-01,2.85732444545372555e-01,1.29681083987853860e+01,0.00000000000000000e+00,0.00000000000000000e+00,0.00000000000000000e+00,0.00000000000000000e+00,0.00000000000000000e+00,0.00000000000000000e+00,0.00000000000000000e+00,4.80241806397000356e-02,0.00000000000000000e+00,0.00000000000000000e+00,0.00000000000000000e+00,0.00000000000000000e+00,0.00000000000000000e+00,0.00000000000000000e+00,0.00000000000000000e+00,1.68174141764574188e+02,2.85732444448206391e-01,-1.35229950783184671e+00,7.18765544818579372e+00,6.70309601639522237e-10,1.03910437526875179e-10,3.40059961308644180e-10,5.74762035662246746e-13
-1.70416666666666661e+00,1.81923926296794575e-01,-8.64953634122972326e-01,2.86992698178281658e-01,1.28873104610125289e+01,0.00000000000000000e+00,0.00000000000000000e+00,0.00000000000000000e+00,0.00000000000000000e+00,0.00000000000000000e+00,0.00000000000000000e+00,0.00000000000000000e+00,4.77294864118910367e-02,0.00000000000000000e+00,0.00000000000000000e+00,0.00000000000000000e+00,0.00000000000000000e+00,0.00000000000000000e+00,0.00000000000000000e+00,0.00000000000000000e+00,1.66085049022396106e+02,2.86992698080987929e-01,-1.35184564422192333e+00,7.14318534894424850e+00,6.61830587003346346e-10,1.06149692746245856e-10,3.39011163976565741e-10,5.96980092447787495e-13
-1.69999999999999996e+00,1.82683524052734664e-01,-8.64368513968395979e-01,2.88256871512513835e-01,1.28070159352801785e+01,0.00000000000000000e+00,0.00000000000000000e+00,0.00000000000000000e+00,0.00000000000000000e+00,0.00000000000000000e+00,0.00000000000000000e+00,0.00000000000000000e+00,4.74366991798949103e-02,0.00000000000000000e+00,0.00000000000000000e+00,0.00000000000000000e+00,0.00000000000000000e+00,0.00000000000000000e+00,0.00000000000000000e+00,0.00000000000000000e+00,1.64021907406949509e+02,2.88256871415121407e-01,-1.35138988556835926e+00,7.09899604551453933e+00,6.52643371717651762e-10,1.08534664337982318e-10,3.37866802543084030e-10,6.20790440661777907e-13
-1.69583333333333330e+00,1.83446293402222516e-01,-8.63779751839488963e-01,2.89524960535360532e-01,1.27272216851061017e+01,0.00000000000000000e+00,0.00000000000000000e+00,0.00000000000000000e+00,0.00000000000000000e+00,0.00000000000000000e+00,0.00000000000000000e+00,0.00000000000000000e+00,4.71458081108812391e-02,0.00000000000000000e+00,0.00000000000000000e+00,0.00000000000000000e+00,0.00000000000000000e+00,0.00000000000000000e+00,0.00000000000000000e+00,0.00000000000000000e+00,1.61984394549057441e+02,2.89524960437740841e-01,-1.35093222395866652e+00,7.05508581891678599e+00,6.48266725551066862e-10,1.09673867629988998e-10,3.37171931434328959e-10,6.37963683000595737e-13
-1.69166666666666665e+00,1.84212247587800748e-01,-8.63187325550523465e-01,2.90796961031058510e-01,1.26479245934624345e+01,0.00000000000000000e+00,0.00000000000000000e+00,0.00000000000000000e+00,0.00000000000000000e+00,0.00000000000000000e+00,0.00000000000000000e+00,0.00000000000000000e+00,4.68568024532414820e-02,0.00000000000000000e+00,0.00000000000000000e+00,0.00000000000000000e+00,0.00000000000000000e+00,0.00000000000000000e+00,0.00000000000000000e+00,0.00000000000000000e+00,1.59972192081848050e+02,2.90796960933316473e-01,-1.35047265144731954e+00,7.01145296117767636e+00,6.40495774822065497e-10,1.11641956554855016e-10,3.36117806640241941e-10,6.60382129426424983e-13
-1.68750000000000000e+00,1.84981399907304278e-01,-8.62591212791752882e-01,2.92072868577057443e-01,1.25691215628069379e+01,0.00000000000000000e+00,0.00000000000000000e+00,0.00000000000000000e+00,0.00000000000000000e+00,0.00000000000000000e+00,0.00000000000000000e+00,0.00000000000000000e+00,4.65696715368168201e-02,0.00000000000000000e+00,0.00000000000000000e+00,0.00000000000000000e+00,0.00000000000000000e+00,0.00000000000000000e+00,0.00000000000000000e+00,0.00000000000000000e+00,1.57984985594925377e+02,2.92072868479244629e-01,-1.35001116005561750e+00,6.96809577526289381e+00,6.31312634981777125e-10,1.13925317462524184e-10,3.34891816256891106e-10,6.85308532205801337e-13
-1.68333333333333335e+00,1.85753763714091358e-01,-8.61991391128674289e-01,2.93352678542551704e-01,1.24908095149160090e+01,0.00000000000000000e+00,0.00000000000000000e+00,0.00000000000000000e+00,0.00000000000000000e+00,0.00000000000000000e+00,0.00000000000000000e+00,0.00000000000000000e+00,4.62844047723705437e-02,0.00000000000000000e+00,0.00000000000000000e+00,0.00000000000000000e+00,0.00000000000000000e+00,0.00000000000000000e+00,0.00000000000000000e+00,0.00000000000000000e+00,1.56022464584041444e+02,2.93352678444559423e-01,-1.34954774177154513e+00,6.92501257501008283e+00,6.25848834600953334e-10,1.15278965585021529e-10,3.34042564315036516e-10,7.05270995620498057e-13
-1.67916666666666670e+00,1.86529352417275224e-01,-8.61387838000977402e-01,2.94636386087411994e-01,1.24129853906814027e+01,0.00000000000000000e+00,0.00000000000000000e+00,0.00000000000000000e+00,0.00000000000000000e+00,0.00000000000000000e+00,0.00000000000000000e+00,0.00000000000000000e+00,4.60009916509339992e-02,0.00000000000000000e+00,0.00000000000000000e+00,0.00000000000000000e+00,0.00000000000000000e+00,0.00000000000000000e+00,0.00000000000000000e+00,0.00000000000000000e+00,1.54084322400502799e+02,2.94636385989288374e-01,-1.34908238854963480e+00,6.88220168506228269e+00,6.19103494346776318e-10,1.16914731190268638e-10,3.33032934851724134e-10,7.27273936181142142e-13
-1.67500000000000004e+00,1.87308179481957021e-01,-8.60780530722734860e-01,2.95923986159167818e-01,1.23356461500799135e+01,0.00000000000000000e+00,0.00000000000000000e+00,0.00000000000000000e+00,0.00000000000000000e+00,0.00000000000000000e+00,0.00000000000000000e+00,0.00000000000000000e+00,4.57194217437904421e-02,0.00000000000000000e+00,0.00000000000000000e+00,0.00000000000000000e+00,0.00000000000000000e+00,0.00000000000000000e+00,0.00000000000000000e+00,0.00000000000000000e+00,1.52170256205505979e+02,2.95923986060997568e-01,-1.34861509231082577e+00,6.83966144080161875e+00,6.10082163336376269e-10,1.19057359787664186e-10,3.31741441489359205e-10,7.53056421759193178e-13
-1.67083333333333339e+00,1.88090258429459506e-01,-8.60169446482008770e-01,2.97215473490916982e-01,1.22587887720609121e+01,0.00000000000000000e+00,0.00000000000000000e+00,0.00000000000000000e+00,0.00000000000000000e+00,0.00000000000000000e+00,0.00000000000000000e+00,0.00000000000000000e+00,4.54396847021550712e-02,0.00000000000000000e+00,0.00000000000000000e+00,0.00000000000000000e+00,0.00000000000000000e+00,0.00000000000000000e+00,0.00000000000000000e+00,0.00000000000000000e+00,1.50279966922952525e+02,2.97215473392644092e-01,-1.34814584494232426e+00,6.79739018828345820e+00,6.02952476438878746e-10,1.20729907890789520e-10,3.30645267906200380e-10,7.76599633615762737e-13
-1.66666666666666674e+00,1.88875602837561829e-01,-8.59554562339954642e-01,2.98510842599949755e-01,1.21824102543697101e+01,0.00000000000000000e+00,0.00000000000000000e+00,0.00000000000000000e+00,0.00000000000000000e+00,0.00000000000000000e+00,0.00000000000000000e+00,0.00000000000000000e+00,4.51617702566242951e-02,0.00000000000000000e+00,0.00000000000000000e+00,0.00000000000000000e+00,0.00000000000000000e+00,0.00000000000000000e+00,0.00000000000000000e+00,0.00000000000000000e+00,1.48413159191264981e+02,2.98510842501520324e-01,-1.34767463829746292e+00,6.75538628417104547e+00,5.97577611175701398e-10,1.21972444440571059e-10,3.29734861378610793e-10,7.97964733764380736e-13
-1.66250000000000009e+00,1.89664226340735237e-01,-8.58935855230353207e-01,2.99810087785743695e-01,1.21065076134272402e+01,0.00000000000000000e+00,0.00000000000000000e+00,0.00000000000000000e+00,0.00000000000000000e+00,0.00000000000000000e+00,0.00000000000000000e+00,0.00000000000000000e+00,4.48856682168292803e-02,0.00000000000000000e+00,0.00000000000000000e+00,0.00000000000000000e+00,0.00000000000000000e+00,0.00000000000000000e+00,0.00000000000000000e+00,0.00000000000000000e+00,1.46569541317182995e+02,2.99810087687288895e-01,-1.34720146419555897e+00,6.71364809567046095e+00,5.88879612091097241e-10,1.23931048261246788e-10,3.28390550924541177e-10,8.24312145425898389e-13
-1.65833333333333344e+00,1.90456142630379854e-01,-8.58313301959820030e-01,3.01113203127045426e-01,1.20310778842921984e+01,0.00000000000000000e+00,0.00000000000000000e+00,0.00000000000000000e+00,0.00000000000000000e+00,0.00000000000000000e+00,0.00000000000000000e+00,0.00000000000000000e+00,4.46113684713816336e-02,0.00000000000000000e+00,0.00000000000000000e+00,0.00000000000000000e+00,0.00000000000000000e+00,0.00000000000000000e+00,0.00000000000000000e+00,0.00000000000000000e+00,1.44748825232101723e+02,3.01113203028593401e-01,-1.34672631442177204e+00,6.67217400046592424e+00,5.79767915254748749e-10,1.25939895756259650e-10,3.26960170861233683e-10,8.51829506516458618e-13
-1.65416666666666656e+00,1.91251365455062244e-01,-8.57686879207129049e-01,3.02420182480196198e-01,1.19561181205115563e+01,0.00000000000000000e+00,0.00000000000000000e+00,0.00000000000000000e+00,0.00000000000000000e+00,0.00000000000000000e+00,0.00000000000000000e+00,0.00000000000000000e+00,4.43388609874186268e-02,0.00000000000000000e+00,0.00000000000000000e+00,0.00000000000000000e+00,0.00000000000000000e+00,0.00000000000000000e+00,0.00000000000000000e+00,0.00000000000000000e+00,1.42950726446218454e+02,3.02420182381555547e-01,-1.34624918072696254e+00,6.63096238665558424e+00,5.75754898361752990e-10,1.26816710548361456e-10,3.26170860773550334e-10,8.72308200259624869e-13
-1.64999999999999991e+00,1.92049908620754134e-01,-8.57056563521805703e-01,3.03731019478182207e-01,1.18816253939016985e+01,0.00000000000000000e+00,0.00000000000000000e+00,0.00000000000000000e+00,0.00000000000000000e+00,0.00000000000000000e+00,0.00000000000000000e+00,0.00000000000000000e+00,4.40681358099287990e-02,0.00000000000000000e+00,0.00000000000000000e+00,0.00000000000000000e+00,0.00000000000000000e+00,0.00000000000000000e+00,0.00000000000000000e+00,0.00000000000000000e+00,1.41174964001603456e+02,3.03731019379532674e-01,-1.34577005482754752e+00,6.59001165268775235e+00,5.67570257318697721e-10,1.28544080222789135e-10,3.24792420571353396e-10,8.99053498797192543e-13
-1.64583333333333326e+00,1.92851785991072250e-01,-8.56422331325241148e-01,3.05045707526809817e-01,1.18075967945971474e+01,0.00000000000000000e+00,0.00000000000000000e+00,0.00000000000000000e+00,0.00000000000000000e+00,0.00000000000000000e+00,0.00000000000000000e+00,0.00000000000000000e+00,4.37991830619729391e-02,0.00000000000000000e+00,0.00000000000000000e+00,0.00000000000000000e+00,0.00000000000000000e+00,0.00000000000000000e+00,0.00000000000000000e+00,0.00000000000000000e+00,1.39421260432217707e+02,3.05045707428208912e-01,-1.34528892840535663e+00,6.54932020729729825e+00,5.58326204197410045e-10,1.30449310545919173e-10,3.23233216588073898e-10,9.27653488539412200e-13
-1.64166666666666661e+00,1.93657011487518876e-01,-8.55784158909729253e-01,3.06364239803294691e-01,1.17340294308754807e+01,0.00000000000000000e+00,0.00000000000000000e+00,0.00000000000000000e+00,0.00000000000000000e+00,0.00000000000000000e+00,0.00000000000000000e+00,0.00000000000000000e+00,4.35319929441506451e-02,0.00000000000000000e+00,0.00000000000000000e+00,0.00000000000000000e+00,0.00000000000000000e+00,0.00000000000000000e+00,0.00000000000000000e+00,0.00000000000000000e+00,1.37689341719061645e+02,3.06364239704561447e-01,-1.34480579310748860e+00,6.50888646944261229e+00,5.53441797748160179e-10,1.31444513752813665e-10,3.22274048362015000e-10,9.50451638019695597e-13
-1.63749999999999996e+00,1.94465599089723551e-01,-8.55142022437127114e-01,3.07686609255055254e-01,1.16609204289589918e+01,0.00000000000000000e+00,0.00000000000000000e+00,0.00000000000000000e+00,0.00000000000000000e+00,0.00000000000000000e+00,0.00000000000000000e+00,0.00000000000000000e+00,4.32665557340164708e-02,0.00000000000000000e+00,0.00000000000000000e+00,0.00000000000000000e+00,0.00000000000000000e+00,0.00000000000000000e+00,0.00000000000000000e+00,0.00000000000000000e+00,1.35978937245358253e+02,3.07686609156313295e-01,-1.34432064054616585e+00,6.46870886824298719e+00,5.46065400366767271e-10,1.32895727072246106e-10,3.20917310390714652e-10,9.77237942032191850e-13
-1.63333333333333330e+00,1.95277562835685731e-01,-8.54495897939717364e-01,3.09012808596410393e-01,1.15882669330192449e+01,0.00000000000000000e+00,0.00000000000000000e+00,0.00000000000000000e+00,0.00000000000000000e+00,0.00000000000000000e+00,0.00000000000000000e+00,0.00000000000000000e+00,4.30028617861245369e-02,0.00000000000000000e+00,0.00000000000000000e+00,0.00000000000000000e+00,0.00000000000000000e+00,0.00000000000000000e+00,0.00000000000000000e+00,0.00000000000000000e+00,1.34289779757029038e+02,3.09012808497757085e-01,-1.34383346229858858e+00,6.42878584291619237e+00,5.36850336268889688e-10,1.34666267227643939e-10,3.19253134602292198e-10,1.00694908229493141e-12
-1.62916666666666665e+00,1.96092916822018709e-01,-8.53845761319602770e-01,3.10342830306696349e-01,1.15160661050447217e+01,0.00000000000000000e+00,0.00000000000000000e+00,0.00000000000000000e+00,0.00000000000000000e+00,0.00000000000000000e+00,0.00000000000000000e+00,0.00000000000000000e+00,4.27409015316458710e-02,0.00000000000000000e+00,0.00000000000000000e+00,0.00000000000000000e+00,0.00000000000000000e+00,0.00000000000000000e+00,0.00000000000000000e+00,0.00000000000000000e+00,1.32621605320423640e+02,3.10342830207999243e-01,-1.34334424990678869e+00,6.38911584271653332e+00,5.30585659662577133e-10,1.35852438886714378e-10,3.18026055176912158e-10,1.03272104466555147e-12
-1.62500000000000000e+00,1.96911675204194059e-01,-8.53191588347505636e-01,3.11676666628836974e-01,1.14443151246619923e+01,0.00000000000000000e+00,0.00000000000000000e+00,0.00000000000000000e+00,0.00000000000000000e+00,0.00000000000000000e+00,0.00000000000000000e+00,0.00000000000000000e+00,4.24806654778577403e-02,0.00000000000000000e+00,0.00000000000000000e+00,0.00000000000000000e+00,0.00000000000000000e+00,0.00000000000000000e+00,0.00000000000000000e+00,0.00000000000000000e+00,1.30974153279506652e+02,3.11676666530100122e-01,-1.34285299487748366e+00,6.34969732687334432e+00,5.24439753151368010e-10,1.36987092399987875e-10,3.16792569450284273e-10,1.05880035815694847e-12
-1.62083333333333335e+00,1.97733852196787602e-01,-8.52533354662922238e-01,3.13014309566783944e-01,1.13730111890699757e+01,0.00000000000000000e+00,0.00000000000000000e+00,0.00000000000000000e+00,0.00000000000000000e+00,0.00000000000000000e+00,0.00000000000000000e+00,0.00000000000000000e+00,4.22221442079609155e-02,0.00000000000000000e+00,0.00000000000000000e+00,0.00000000000000000e+00,0.00000000000000000e+00,0.00000000000000000e+00,0.00000000000000000e+00,0.00000000000000000e+00,1.29347166216172383e+02,3.13014309468155838e-01,-1.34235968868192734e+00,6.31052876452973255e+00,5.15539135811574541e-10,1.38591707187965879e-10,3.15091363874345869e-10,1.08929214207488547e-12
-1.61666666666666670e+00,1.98559462073726101e-01,-8.51871035774187990e-01,3.14355750883033858e-01,1.13021515129665406e+01,0.00000000000000000e+00,0.00000000000000000e+00,0.00000000000000000e+00,0.00000000000000000e+00,0.00000000000000000e+00,0.00000000000000000e+00,0.00000000000000000e+00,4.19653283808743005e-02,0.00000000000000000e+00,0.00000000000000000e+00,0.00000000000000000e+00,0.00000000000000000e+00,0.00000000000000000e+00,0.00000000000000000e+00,0.00000000000000000e+00,1.27740389910837976e+02,3.14355750784488019e-01,-1.34186432275576428e+00,6.27160863468170682e+00,5.07350662080996743e-10,1.40040408816412574e-10,3.13485081505452919e-10,1.11911216271957394e-12
-1.61250000000000004e+00,1.99388519168535144e-01,-8.51204607057624130e-01,3.15700982096886851e-01,1.12317333284002814e+01,0.00000000000000000e+00,0.00000000000000000e+00,0.00000000000000000e+00,0.00000000000000000e+00,0.00000000000000000e+00,0.00000000000000000e+00,0.00000000000000000e+00,4.17102087308163713e-02,0.00000000000000000e+00,0.00000000000000000e+00,0.00000000000000000e+00,0.00000000000000000e+00,0.00000000000000000e+00,0.00000000000000000e+00,0.00000000000000000e+00,1.26153573301810027e+02,3.15700981998235541e-01,-1.34136688849887875e+00,6.23293542611773788e+00,5.02862112234359332e-10,1.40823457614756350e-10,3.12483378161534584e-10,1.14438222517011394e-12
-1.60833333333333339e+00,2.00221037874587837e-01,-8.50534043756423830e-01,3.17049994482843100e-01,1.11617538846064352e+01,0.00000000000000000e+00,0.00000000000000000e+00,0.00000000000000000e+00,0.00000000000000000e+00,0.00000000000000000e+00,0.00000000000000000e+00,0.00000000000000000e+00,4.14567760668524757e-02,0.00000000000000000e+00,0.00000000000000000e+00,0.00000000000000000e+00,0.00000000000000000e+00,0.00000000000000000e+00,0.00000000000000000e+00,0.00000000000000000e+00,1.24586468444808702e+02,3.17049994384302425e-01,-1.34086737727524730e+00,6.19450763735866072e+00,4.94542865601406290e-10,1.42231635404483981e-10,3.10804848966108190e-10,1.17529020481414800e-12
-1.60416666666666674e+00,2.01057032645354877e-01,-8.49859320981885547e-01,3.18402779067308128e-01,1.10922104480189319e+01,0.00000000000000000e+00,0.00000000000000000e+00,0.00000000000000000e+00,0.00000000000000000e+00,0.00000000000000000e+00,0.00000000000000000e+00,0.00000000000000000e+00,4.12050212729130269e-02,0.00000000000000000e+00,0.00000000000000000e+00,0.00000000000000000e+00,0.00000000000000000e+00,0.00000000000000000e+00,0.00000000000000000e+00,0.00000000000000000e+00,1.23038830476918449e+02,3.18402778968927935e-01,-1.34036578041278709e+00,6.15632377659784424e+00,4.85553277924727687e-10,1.43715093789306856e-10,3.08980321087931393e-10,1.20734994412422296e-12
-1.60000000000000009e+00,2.01896517994655383e-01,-8.49180413712443793e-01,3.19759326626914808e-01,1.10231003021150578e+01,0.00000000000000000e+00,0.00000000000000000e+00,0.00000000000000000e+00,0.00000000000000000e+00,0.00000000000000000e+00,0.00000000000000000e+00,0.00000000000000000e+00,4.09549353073592540e-02,0.00000000000000000e+00,0.00000000000000000e+00,0.00000000000000000e+00,0.00000000000000000e+00,0.00000000000000000e+00,0.00000000000000000e+00,0.00000000000000000e+00,1.21510417577215094e+02,3.19759326528437693e-01,-1.33986208920320671e+00,6.11838236164180671e+00,4.81276641337400339e-10,1.44405335237714257e-10,3.07972613090929638e-10,1.23356918566751413e-12
-1.59583333333333344e+00,2.02739508496908860e-01,-8.48497296792061317e-01,3.21119627687154019e-01,1.09544207472230184e+01,0.00000000000000000e+00,0.00000000000000000e+00,0.00000000000000000e+00,0.00000000000000000e+00,0.00000000000000000e+00,0.00000000000000000e+00,0.00000000000000000e+00,4.07065092024749761e-02,0.00000000000000000e+00,0.00000000000000000e+00,0.00000000000000000e+00,0.00000000000000000e+00,0.00000000000000000e+00,0.00000000000000000e+00,0.00000000000000000e+00,1.20000990927081560e+02,3.21119627588790257e-01,-1.33935629490185470e+00,6.08068191985121320e+00,4.73630258037497109e-10,1.45586080243424621e-10,3.06315008892275690e-10,1.26428655075716923e-12
-1.59166666666666656e+00,2.03586018787388273e-01,-8.47809944931794401e-01,3.22483672519012166e-01,1.08861691005466152e+01,0.00000000000000000e+00,0.00000000000000000e+00,0.00000000000000000e+00,0.00000000000000000e+00,0.00000000000000000e+00,0.00000000000000000e+00,0.00000000000000000e+00,4.04597340644898829e-02,0.00000000000000000e+00,0.00000000000000000e+00,0.00000000000000000e+00,0.00000000000000000e+00,0.00000000000000000e+00,0.00000000000000000e+00,0.00000000000000000e+00,1.18510314675776470e+02,3.22483672420865175e-01,-1.33884838872756706e+00,6.04322098808208885e+00,4.64543944945343500e-10,1.46937624660626772e-10,3.04347162130730614e-10,1.29751972763932992e-12
-1.58749999999999991e+00,2.04436063562474013e-01,-8.47118332708935884e-01,3.23851451137169122e-01,1.08183426960215474e+01,0.00000000000000000e+00,0.00000000000000000e+00,0.00000000000000000e+00,0.00000000000000000e+00,0.00000000000000000e+00,0.00000000000000000e+00,0.00000000000000000e+00,4.02146010731828374e-02,0.00000000000000000e+00,0.00000000000000000e+00,0.00000000000000000e+00,0.00000000000000000e+00,0.00000000000000000e+00,0.00000000000000000e+00,0.00000000000000000e+00,1.17038155902702229e+02,3.23851451039027460e-01,-1.33833836186251554e+00,6.00599811262747263e+00,4.59085592606038118e-10,1.47719508136447509e-10,3.03045304102840658e-10,1.32606230030222286e-12
-1.58333333333333326e+00,2.05289657579909274e-01,-8.46422434565502257e-01,3.25222953298425377e-01,1.07509388841393161e+01,0.00000000000000000e+00,0.00000000000000000e+00,0.00000000000000000e+00,0.00000000000000000e+00,0.00000000000000000e+00,0.00000000000000000e+00,0.00000000000000000e+00,3.99711014814428597e-02,0.00000000000000000e+00,0.00000000000000000e+00,0.00000000000000000e+00,0.00000000000000000e+00,0.00000000000000000e+00,0.00000000000000000e+00,0.00000000000000000e+00,1.15584284579452358e+02,3.25222953200403786e-01,-1.33782620545205444e+00,5.96901184915944860e+00,4.52178216928193001e-10,1.48640929176232901e-10,3.01398132817992544e-10,1.35690557464064111e-12
-1.57916666666666661e+00,2.06146815659056099e-01,-8.45722224809229095e-01,3.26598168498861863e-01,1.06839550319216841e+01,0.00000000000000000e+00,0.00000000000000000e+00,0.00000000000000000e+00,0.00000000000000000e+00,0.00000000000000000e+00,0.00000000000000000e+00,0.00000000000000000e+00,3.97292266151361567e-02,0.00000000000000000e+00,0.00000000000000000e+00,0.00000000000000000e+00,0.00000000000000000e+00,0.00000000000000000e+00,0.00000000000000000e+00,0.00000000000000000e+00,1.14148473535572109e+02,3.26598168401138866e-01,-1.33731191060456633e+00,5.93226076267139746e+00,4.42872052676813407e-10,1.49828428815942677e-10,2.99214771595581817e-10,1.39052826436877280e-12
-1.57499999999999996e+00,2.07007552681152646e-01,-8.45017677613384532e-01,3.27977085971613458e-01,1.06173885228230951e+01,0.00000000000000000e+00,0.00000000000000000e+00,0.00000000000000000e+00,0.00000000000000000e+00,0.00000000000000000e+00,0.00000000000000000e+00,0.00000000000000000e+00,3.94889678728228832e-02,0.00000000000000000e+00,0.00000000000000000e+00,0.00000000000000000e+00,0.00000000000000000e+00,0.00000000000000000e+00,0.00000000000000000e+00,0.00000000000000000e+00,1.12730498423159247e+02,3.27977085874074703e-01,-1.33679546839130836e+00,5.89574342742066992e+00,4.35464398230966437e-10,1.50732783297730779e-10,2.97395028652078291e-10,1.42211610966890628e-12
-1.57083333333333330e+00,2.07871883589571593e-01,-8.44308767015523709e-01,3.29359694685078253e-01,1.05512367565762055e+01,0.00000000000000000e+00,0.00000000000000000e+00,0.00000000000000000e+00,0.00000000000000000e+00,0.00000000000000000e+00,0.00000000000000000e+00,0.00000000000000000e+00,3.92503167253815746e-02,0.00000000000000000e+00,0.00000000000000000e+00,0.00000000000000000e+00,0.00000000000000000e+00,0.00000000000000000e+00,0.00000000000000000e+00,0.00000000000000000e+00,1.11330137680687798e+02,3.29359694587622043e-01,-1.33627686984625704e+00,5.85945842687159679e+00,4.29761857238024999e-10,1.51377074438410354e-10,2.95895980505100018e-10,1.45220098097584372e-12
-1.56666666666666665e+00,2.08739823390079626e-01,-8.43595466917160919e-01,3.30745983340723748e-01,1.04854971490883973e+01,0.00000000000000000e+00,0.00000000000000000e+00,0.00000000000000000e+00,0.00000000000000000e+00,0.00000000000000000e+00,0.00000000000000000e+00,0.00000000000000000e+00,3.90132647157231255e-02,0.00000000000000000e+00,0.00000000000000000e+00,0.00000000000000000e+00,0.00000000000000000e+00,0.00000000000000000e+00,0.00000000000000000e+00,0.00000000000000000e+00,1.09947172498364679e+02,3.30745983243621200e-01,-1.33575610596595218e+00,5.82340435363880271e+00,4.20576117364749748e-10,1.52375638887349443e-10,2.93586477671133112e-10,1.48616240204290526e-12
-1.56250000000000000e+00,2.09611387151097811e-01,-8.42877751084865956e-01,3.32135940370364202e-01,1.04201671324110396e+01,0.00000000000000000e+00,0.00000000000000000e+00,0.00000000000000000e+00,0.00000000000000000e+00,0.00000000000000000e+00,0.00000000000000000e+00,0.00000000000000000e+00,3.87778034586069367e-02,0.00000000000000000e+00,0.00000000000000000e+00,0.00000000000000000e+00,0.00000000000000000e+00,0.00000000000000000e+00,0.00000000000000000e+00,0.00000000000000000e+00,1.08581386785420392e+02,3.32135940273657060e-01,-1.33523316770934120e+00,5.78757980943082462e+00,4.11035412231558276e-10,1.53374870179528116e-10,2.91167352182573558e-10,1.52073940144261803e-12
-1.55833333333333335e+00,2.10486590003963386e-01,-8.42155593149447768e-01,3.33529553934183653e-01,1.03552441546087159e+01,0.00000000000000000e+00,0.00000000000000000e+00,0.00000000000000000e+00,0.00000000000000000e+00,0.00000000000000000e+00,0.00000000000000000e+00,0.00000000000000000e+00,3.85439246403064678e-02,0.00000000000000000e+00,0.00000000000000000e+00,0.00000000000000000e+00,0.00000000000000000e+00,0.00000000000000000e+00,0.00000000000000000e+00,0.00000000000000000e+00,1.07232567135684661e+02,3.33529553837459303e-01,-1.33470804599762194e+00,5.75198340499409699e+00,4.06967640359931745e-10,1.53787215244644399e-10,2.90002339037604425e-10,1.55035800788739284e-12
-1.55416666666666670e+00,2.11365447143192303e-01,-8.41428966603668504e-01,3.34926811919116829e-01,1.02907256795659716e+01,0.00000000000000000e+00,0.00000000000000000e+00,0.00000000000000000e+00,0.00000000000000000e+00,0.00000000000000000e+00,0.00000000000000000e+00,0.00000000000000000e+00,3.83116200182395533e-02,0.00000000000000000e+00,0.00000000000000000e+00,0.00000000000000000e+00,0.00000000000000000e+00,0.00000000000000000e+00,0.00000000000000000e+00,0.00000000000000000e+00,1.05900502792306952e+02,3.34926811822704562e-01,-1.33418073171408458e+00,5.71661376005729593e+00,3.98800046690445689e-10,1.54589577807443089e-10,2.87860701668297815e-10,1.58438700847437749e-12
-1.55000000000000004e+00,2.12247973826743042e-01,-8.40697844805177286e-01,3.36327701935670076e-01,1.02266091870352618e+01,0.00000000000000000e+00,0.00000000000000000e+00,0.00000000000000000e+00,0.00000000000000000e+00,0.00000000000000000e+00,0.00000000000000000e+00,0.00000000000000000e+00,3.80808814208319288e-02,0.00000000000000000e+00,0.00000000000000000e+00,0.00000000000000000e+00,0.00000000000000000e+00,0.00000000000000000e+00,0.00000000000000000e+00,0.00000000000000000e+00,1.04584985617883802e+02,3.36327701839641779e-01,-1.33365121570395417e+00,5.68146950327588218e+00,3.89822475098980915e-10,1.55455227563307945e-10,2.85520032695756224e-10,1.61967779259500440e-12
-1.54583333333333339e+00,2.13134185376281621e-01,-8.39962200975046036e-01,3.37732211316065623e-01,1.01628921724810475e+01,0.00000000000000000e+00,0.00000000000000000e+00,0.00000000000000000e+00,0.00000000000000000e+00,0.00000000000000000e+00,0.00000000000000000e+00,0.00000000000000000e+00,3.78517007471812217e-02,0.00000000000000000e+00,0.00000000000000000e+00,0.00000000000000000e+00,0.00000000000000000e+00,0.00000000000000000e+00,0.00000000000000000e+00,0.00000000000000000e+00,1.03285810060725993e+02,3.37732211220069689e-01,-1.33311948877423103e+00,5.64654927217704738e+00,3.85292276694197542e-10,1.55888618082246938e-10,2.84236830943031740e-10,1.65125011857927336e-12
-1.54166666666666674e+00,2.14024097177447442e-01,-8.39222008195987579e-01,3.39140327112436968e-01,1.00995721469123421e+01,0.00000000000000000e+00,0.00000000000000000e+00,0.00000000000000000e+00,0.00000000000000000e+00,0.00000000000000000e+00,0.00000000000000000e+00,0.00000000000000000e+00,3.76240699667217127e-02,0.00000000000000000e+00,0.00000000000000000e+00,0.00000000000000000e+00,0.00000000000000000e+00,0.00000000000000000e+00,0.00000000000000000e+00,0.00000000000000000e+00,1.02002773121328431e+02,3.39140327016646537e-01,-1.33258554169353149e+00,5.61185171310501207e+00,3.78702852160769493e-10,1.56499916709234692e-10,2.82450724705514877e-10,1.68526950338416983e-12
-1.53750000000000009e+00,2.14917724680120548e-01,-8.38477239414298303e-01,3.40552036093991706e-01,1.00366466368815814e+01,0.00000000000000000e+00,0.00000000000000000e+00,0.00000000000000000e+00,0.00000000000000000e+00,0.00000000000000000e+00,0.00000000000000000e+00,0.00000000000000000e+00,3.73979811190279926e-02,0.00000000000000000e+00,0.00000000000000000e+00,0.00000000000000000e+00,0.00000000000000000e+00,0.00000000000000000e+00,0.00000000000000000e+00,0.00000000000000000e+00,1.00735674322618138e+02,3.40552035998544111e-01,-1.33204936519192763e+00,5.57737548116653059e+00,3.70564019026227763e-10,1.57227244032296745e-10,2.80273157060558344e-10,1.72135849564601851e-12
-1.53333333333333344e+00,2.15815083398689739e-01,-8.37727867439276963e-01,3.41967324744884948e-01,9.97411318437010763e+00,0.00000000000000000e+00,0.00000000000000000e+00,0.00000000000000000e+00,0.00000000000000000e+00,0.00000000000000000e+00,0.00000000000000000e+00,0.00000000000000000e+00,3.71734263135207327e-02,0.00000000000000000e+00,0.00000000000000000e+00,0.00000000000000000e+00,0.00000000000000000e+00,0.00000000000000000e+00,0.00000000000000000e+00,0.00000000000000000e+00,9.94843156782495015e+01,3.41967324649575355e-01,-1.33151094996078623e+00,5.54311924017674773e+00,3.65038850982709291e-10,1.57695465467054552e-10,2.78709650544591370e-10,1.75507195761974065e-12
-1.52916666666666656e+00,2.16716188912322028e-01,-8.36973864941802148e-01,3.43386179262275992e-01,9.91196934663927642e+00,0.00000000000000000e+00,0.00000000000000000e+00,0.00000000000000000e+00,0.00000000000000000e+00,0.00000000000000000e+00,0.00000000000000000e+00,0.00000000000000000e+00,3.69503977291584587e-02,0.00000000000000000e+00,0.00000000000000000e+00,0.00000000000000000e+00,0.00000000000000000e+00,0.00000000000000000e+00,0.00000000000000000e+00,0.00000000000000000e+00,9.82485016606089943e+01,3.43386179167138705e-01,-1.33097028665260675e+00,5.50908166260541421e+00,3.59384762056146693e-10,1.58110495718593194e-10,2.77056249520815219e-10,1.78888319104573228e-12
-1.52499999999999991e+00,2.17621056865232892e-01,-8.36215204454993866e-01,3.44808585553877001e-01,9.85021269617016060e+00,0.00000000000000000e+00,0.00000000000000000e+00,0.00000000000000000e+00,0.00000000000000000e+00,0.00000000000000000e+00,0.00000000000000000e+00,0.00000000000000000e+00,3.67288876141826787e-02,0.00000000000000000e+00,0.00000000000000000e+00,0.00000000000000000e+00,0.00000000000000000e+00,0.00000000000000000e+00,0.00000000000000000e+00,0.00000000000000000e+00,9.70280391709771948e+01,3.44808585459188910e-01,-1.33042736588086008e+00,5.47526142952333839e+00,3.50866839755718454e-10,1.58674867994187607e-10,2.74610594673762716e-10,1.82503504385110933e-12
-1.52083333333333326e+00,2.18529702966958173e-01,-8.35451858374742895e-01,3.46234529235546262e-01,9.78884082059684779e+00,0.00000000000000000e+00,0.00000000000000000e+00,0.00000000000000000e+00,0.00000000000000000e+00,0.00000000000000000e+00,0.00000000000000000e+00,0.00000000000000000e+00,3.65088882858548430e-02,0.00000000000000000e+00,0.00000000000000000e+00,0.00000000000000000e+00,0.00000000000000000e+00,0.00000000000000000e+00,0.00000000000000000e+00,0.00000000000000000e+00,9.58227375099070287e+01,3.46234529141322578e-01,-1.32988217821982513e+00,5.44165723054913730e+00,3.42509038772955940e-10,1.59150407224680501e-10,2.72138323823580307e-10,1.86084260825614287e-12
-1.51666666666666661e+00,2.19442142992626626e-01,-8.34683798958851808e-01,3.47663995629198641e-01,9.72785132258209018e+00,0.00000000000000000e+00,0.00000000000000000e+00,0.00000000000000000e+00,0.00000000000000000e+00,0.00000000000000000e+00,0.00000000000000000e+00,0.00000000000000000e+00,3.62903921301654595e-02,0.00000000000000000e+00,0.00000000000000000e+00,0.00000000000000000e+00,0.00000000000000000e+00,0.00000000000000000e+00,0.00000000000000000e+00,0.00000000000000000e+00,9.46324083468230839e+01,3.47663995535198223e-01,-1.32933471420442384e+00,5.40826776379631813e+00,3.37083467303610755e-10,1.59364159501518813e-10,2.70377202607387015e-10,1.89421476000976568e-12
-1.51249999999999996e+00,2.20358392783233853e-01,-8.33910998325448682e-01,3.49096969760721798e-01,9.66724181967268414e+00,0.00000000000000000e+00,0.00000000000000000e+00,0.00000000000000000e+00,0.00000000000000000e+00,0.00000000000000000e+00,0.00000000000000000e+00,0.00000000000000000e+00,3.60733916015915229e-02,0.00000000000000000e+00,0.00000000000000000e+00,0.00000000000000000e+00,0.00000000000000000e+00,0.00000000000000000e+00,0.00000000000000000e+00,0.00000000000000000e+00,9.34568656896100833e+01,3.49096969667483104e-01,-1.32878496433005955e+00,5.37509173582067135e+00,3.26551790684930555e-10,1.59720532254276886e-10,2.67085373533116189e-10,1.92996648278650484e-12
-1.50833333333333330e+00,2.21278468245917265e-01,-8.33133428455945069e-01,3.50533436357308048e-01,9.60700994431546995e+00,0.00000000000000000e+00,0.00000000000000000e+00,0.00000000000000000e+00,0.00000000000000000e+00,0.00000000000000000e+00,0.00000000000000000e+00,0.00000000000000000e+00,3.58578792227673623e-02,0.00000000000000000e+00,0.00000000000000000e+00,0.00000000000000000e+00,0.00000000000000000e+00,0.00000000000000000e+00,0.00000000000000000e+00,0.00000000000000000e+00,9.22959258576786823e+01,3.50533436265027976e-01,-1.32823291905244956e+00,5.34212786156788066e+00,3.14432042065521179e-10,1.60048958859139419e-10,2.63256120316396391e-10,1.96580884468096030e-12
-1.50416666666666665e+00,2.22202385354232340e-01,-8.32351061193963515e-01,3.51973379845374357e-01,9.54715334372660429e+00,0.00000000000000000e+00,0.00000000000000000e+00,0.00000000000000000e+00,0.00000000000000000e+00,0.00000000000000000e+00,0.00000000000000000e+00,0.00000000000000000e+00,3.56438475842042191e-02,0.00000000000000000e+00,0.00000000000000000e+00,0.00000000000000000e+00,0.00000000000000000e+00,0.00000000000000000e+00,0.00000000000000000e+00,0.00000000000000000e+00,9.11494074525006965e+01,3.51973379753461602e-01,-1.32767856878746060e+00,5.30937486432147310e+00,3.08157099243162418e-10,1.60158944779965741e-10,2.61135530331835840e-10,1.99984170522497667e-12
-1.50000000000000000e+00,2.23130160148429818e-01,-8.31563868241705140e-01,3.53416784348452029e-01,9.48766967969229924e+00,0.00000000000000000e+00,0.00000000000000000e+00,0.00000000000000000e+00,0.00000000000000000e+00,0.00000000000000000e+00,0.00000000000000000e+00,0.00000000000000000e+00,3.54312893442023033e-02,0.00000000000000000e+00,0.00000000000000000e+00,0.00000000000000000e+00,0.00000000000000000e+00,0.00000000000000000e+00,0.00000000000000000e+00,0.00000000000000000e+00,9.00171313272171716e+01,3.53416784257513994e-01,-1.32712190391094209e+00,5.27683147565107991e+00,2.96558668367515559e-10,1.60300234978948788e-10,2.57311024633957358e-10,2.03453665612023384e-12
-1.49583333333333335e+00,2.24061808735734336e-01,-8.30771821165069757e-01,3.54863633684649682e-01,9.42855662863626520e+00,0.00000000000000000e+00,0.00000000000000000e+00,0.00000000000000000e+00,0.00000000000000000e+00,0.00000000000000000e+00,0.00000000000000000e+00,0.00000000000000000e+00,3.52201972283168671e-02,0.00000000000000000e+00,0.00000000000000000e+00,0.00000000000000000e+00,0.00000000000000000e+00,0.00000000000000000e+00,0.00000000000000000e+00,0.00000000000000000e+00,8.88989205616936573e+01,3.54863633594929340e-01,-1.32656291475855936e+00,5.24449643536091070e+00,2.82966490217947082e-10,1.60424583214056962e-10,2.52830478451180262e-10,2.06990616097086437e-12
-1.49166666666666670e+00,2.24997347290623900e-01,-8.29974891392036174e-01,3.56313911364473046e-01,9.36981188148008037e+00,0.00000000000000000e+00,0.00000000000000000e+00,0.00000000000000000e+00,0.00000000000000000e+00,0.00000000000000000e+00,0.00000000000000000e+00,0.00000000000000000e+00,3.50105640291572262e-02,0.00000000000000000e+00,0.00000000000000000e+00,0.00000000000000000e+00,0.00000000000000000e+00,0.00000000000000000e+00,0.00000000000000000e+00,0.00000000000000000e+00,8.77946004339189159e+01,3.56313911275325579e-01,-1.32600159162562559e+00,5.21236849143855618e+00,2.75235053816582443e-10,1.60466922497412999e-10,2.50193619628673544e-10,2.10452448776358563e-12
-1.48750000000000004e+00,2.25936792055110830e-01,-8.29173050209451423e-01,3.57767600588587753e-01,9.31143314346314988e+00,0.00000000000000000e+00,0.00000000000000000e+00,0.00000000000000000e+00,0.00000000000000000e+00,0.00000000000000000e+00,0.00000000000000000e+00,0.00000000000000000e+00,3.48023826063166841e-02,0.00000000000000000e+00,0.00000000000000000e+00,0.00000000000000000e+00,0.00000000000000000e+00,0.00000000000000000e+00,0.00000000000000000e+00,0.00000000000000000e+00,8.67039983910191125e+01,3.57767600500136951e-01,-1.32543792476693345e+00,5.18044640000406531e+00,2.66587601780278294e-10,1.60472166685509427e-10,2.47229771825125313e-10,2.13927785424706406e-12
-1.48333333333333339e+00,2.26880159339023640e-01,-8.28366268766423719e-01,3.59224684245488868e-01,9.25341813415020020e+00,0.00000000000000000e+00,0.00000000000000000e+00,0.00000000000000000e+00,0.00000000000000000e+00,0.00000000000000000e+00,0.00000000000000000e+00,0.00000000000000000e+00,3.45956458858814667e-02,0.00000000000000000e+00,0.00000000000000000e+00,0.00000000000000000e+00,0.00000000000000000e+00,0.00000000000000000e+00,0.00000000000000000e+00,0.00000000000000000e+00,8.56269440241340334e+01,3.59224684157952501e-01,-1.32487190439658575e+00,5.14872892525926762e+00,2.56151209620021353e-10,1.60465034894429368e-10,2.43681380774348045e-10,2.17442713460183097e-12
-1.47916666666666674e+00,2.27827465520290290e-01,-8.27554518074317347e-01,3.60685144909215716e-01,9.19576458734244184e+00,0.00000000000000000e+00,0.00000000000000000e+00,0.00000000000000000e+00,0.00000000000000000e+00,0.00000000000000000e+00,0.00000000000000000e+00,0.00000000000000000e+00,3.43903468601568230e-02,0.00000000000000000e+00,0.00000000000000000e+00,0.00000000000000000e+00,0.00000000000000000e+00,0.00000000000000000e+00,0.00000000000000000e+00,0.00000000000000000e+00,8.45632690417784687e+01,3.60685144822195936e-01,-1.32430352068782575e+00,5.11721483943740374e+00,2.49191719791420572e-10,1.60449070969543455e-10,2.41262445985620789e-10,2.20997484402530200e-12
-1.47500000000000009e+00,2.28778727045222424e-01,-8.26737769004862288e-01,3.62148964837070542e-01,9.13847025093649279e+00,0.00000000000000000e+00,0.00000000000000000e+00,0.00000000000000000e+00,0.00000000000000000e+00,0.00000000000000000e+00,0.00000000000000000e+00,0.00000000000000000e+00,3.41864785875230226e-02,0.00000000000000000e+00,0.00000000000000000e+00,0.00000000000000000e+00,0.00000000000000000e+00,0.00000000000000000e+00,0.00000000000000000e+00,0.00000000000000000e+00,8.35128072425694938e+01,3.62148964750153124e-01,-1.32373276377286642e+00,5.08590292275300282e+00,2.45809233426816581e-10,1.60428068854244235e-10,2.40004600779612368e-10,2.24619816910928095e-12
-1.47083333333333344e+00,2.29733960428800954e-01,-8.25915992290274126e-01,3.63616125967326398e-01,9.08153288683941007e+00,0.00000000000000000e+00,0.00000000000000000e+00,0.00000000000000000e+00,0.00000000000000000e+00,0.00000000000000000e+00,0.00000000000000000e+00,0.00000000000000000e+00,3.39840341921558708e-02,0.00000000000000000e+00,0.00000000000000000e+00,0.00000000000000000e+00,0.00000000000000000e+00,0.00000000000000000e+00,0.00000000000000000e+00,0.00000000000000000e+00,8.24753944893257227e+01,3.63616125880633134e-01,-1.32315962374271945e+00,5.05479196335202108e+00,2.41437949967272665e-10,1.60396907363836389e-10,2.38419744088572170e-10,2.28255356986099691e-12
-1.46666666666666656e+00,2.30693182254962853e-01,-8.25089158525202038e-01,3.65086609916946248e-01,9.02495027093346636e+00,0.00000000000000000e+00,0.00000000000000000e+00,0.00000000000000000e+00,0.00000000000000000e+00,0.00000000000000000e+00,0.00000000000000000e+00,0.00000000000000000e+00,3.37830068636149061e-02,0.00000000000000000e+00,0.00000000000000000e+00,0.00000000000000000e+00,0.00000000000000000e+00,0.00000000000000000e+00,0.00000000000000000e+00,0.00000000000000000e+00,8.14508686843747824e+01,3.65086609830337305e-01,-1.32258409064702231e+00,5.02388075726226546e+00,2.38262807989539091e-10,1.60368946195773033e-10,2.37228481977104371e-10,2.31973710858211832e-12
-1.46249999999999991e+00,2.31656409176888817e-01,-8.24257238165482242e-01,3.66560397979284247e-01,8.96872019295384071e+00,0.00000000000000000e+00,0.00000000000000000e+00,0.00000000000000000e+00,0.00000000000000000e+00,0.00000000000000000e+00,0.00000000000000000e+00,0.00000000000000000e+00,3.35833898566620243e-02,0.00000000000000000e+00,0.00000000000000000e+00,0.00000000000000000e+00,0.00000000000000000e+00,0.00000000000000000e+00,0.00000000000000000e+00,0.00000000000000000e+00,8.04390697435722331e+01,3.66560397892466805e-01,-1.32200615449386660e+00,4.99316810834406510e+00,2.37534604318856000e-10,1.60356725127244307e-10,2.36843485066576816e-10,2.35762432455558498e-12
-1.45833333333333326e+00,2.32623657917292698e-01,-8.23420201527662599e-01,3.68037471121778648e-01,8.91284045638805189e+00,0.00000000000000000e+00,0.00000000000000000e+00,0.00000000000000000e+00,0.00000000000000000e+00,0.00000000000000000e+00,0.00000000000000000e+00,0.00000000000000000e+00,3.33851764910294904e-02,0.00000000000000000e+00,0.00000000000000000e+00,0.00000000000000000e+00,0.00000000000000000e+00,0.00000000000000000e+00,0.00000000000000000e+00,0.00000000000000000e+00,7.94398395710369130e+01,3.68037471034811492e-01,-1.32142580524962439e+00,4.96265282824118614e+00,2.36349674263112681e-10,1.60330651807321503e-10,2.36299731803362135e-10,2.39593981461443347e-12
-1.45416666666666661e+00,2.33594945268711635e-01,-8.22578018790460330e-01,3.69517809983690881e-01,8.85730887842613690e+00,0.00000000000000000e+00,0.00000000000000000e+00,0.00000000000000000e+00,0.00000000000000000e+00,0.00000000000000000e+00,0.00000000000000000e+00,0.00000000000000000e+00,3.31883601510346710e-02,0.00000000000000000e+00,0.00000000000000000e+00,0.00000000000000000e+00,0.00000000000000000e+00,0.00000000000000000e+00,0.00000000000000000e+00,0.00000000000000000e+00,7.84530220350959837e+01,3.69517809896516336e-01,-1.32084303283877302e+00,4.93233373633202721e+00,2.35642941773389870e-10,1.60310130361698524e-10,2.35914326793955810e-10,2.43497830515751436e-12
-1.44999999999999996e+00,2.34570288093797652e-01,-8.21730659993874402e-01,3.71001394873779033e-01,8.80212328984977432e+00,0.00000000000000000e+00,0.00000000000000000e+00,0.00000000000000000e+00,0.00000000000000000e+00,0.00000000000000000e+00,0.00000000000000000e+00,0.00000000000000000e+00,3.29929342853845162e-02,0.00000000000000000e+00,0.00000000000000000e+00,0.00000000000000000e+00,0.00000000000000000e+00,0.00000000000000000e+00,0.00000000000000000e+00,0.00000000000000000e+00,7.74784629434285677e+01,3.71001394786457772e-01,-1.32025782714372131e+00,4.90220965968105027e+00,2.34487606323359491e-10,1.60270115976824333e-10,2.35366396352979937e-10,2.47430972150612927e-12
-1.44583333333333330e+00,2.35549703325610454e-01,-8.20878095039969113e-01,3.72488205768039593e-01,8.74728153496369565e+00,0.00000000000000000e+00,0.00000000000000000e+00,0.00000000000000000e+00,0.00000000000000000e+00,0.00000000000000000e+00,0.00000000000000000e+00,0.00000000000000000e+00,3.27988924068361581e-02,0.00000000000000000e+00,0.00000000000000000e+00,0.00000000000000000e+00,0.00000000000000000e+00,0.00000000000000000e+00,0.00000000000000000e+00,0.00000000000000000e+00,7.65160100192599373e+01,3.72488205680521323e-01,-1.31967017800463360e+00,4.87227943299047439e+00,2.33729490337465320e-10,1.60239464591987814e-10,2.34955816248316102e-10,2.51438029394478125e-12
-1.44166666666666665e+00,2.36533207967911246e-01,-8.20020293692395597e-01,3.73978222307372377e-01,8.69278147149661429e+00,0.00000000000000000e+00,0.00000000000000000e+00,0.00000000000000000e+00,0.00000000000000000e+00,0.00000000000000000e+00,0.00000000000000000e+00,0.00000000000000000e+00,3.26062280919763581e-02,0.00000000000000000e+00,0.00000000000000000e+00,0.00000000000000000e+00,0.00000000000000000e+00,0.00000000000000000e+00,0.00000000000000000e+00,0.00000000000000000e+00,7.55655128773052240e+01,3.73978222219706835e-01,-1.31908007521925330e+00,4.84254189855218531e+00,2.32627282523190830e-10,1.60186754437947846e-10,2.34413493310987019e-10,2.55459771331114301e-12
-1.43750000000000000e+00,2.37520819095458136e-01,-8.19157225577116899e-01,3.75471423795332271e-01,8.63862097053045908e+00,0.00000000000000000e+00,0.00000000000000000e+00,0.00000000000000000e+00,0.00000000000000000e+00,0.00000000000000000e+00,0.00000000000000000e+00,0.00000000000000000e+00,3.24149349808821180e-02,0.00000000000000000e+00,0.00000000000000000e+00,0.00000000000000000e+00,0.00000000000000000e+00,0.00000000000000000e+00,0.00000000000000000e+00,0.00000000000000000e+00,7.46268230004984190e+01,3.75471423707485652e-01,-1.31848750854272501e+00,4.81299590619993367e+00,2.31786755904864739e-10,1.60142122766934877e-10,2.33963527771711651e-10,2.59572034407443107e-12
-1.43333333333333335e+00,2.38512553854302423e-01,-8.18288860182125544e-01,3.76967789195793435e-01,8.58479791640674428e+00,0.00000000000000000e+00,0.00000000000000000e+00,0.00000000000000000e+00,0.00000000000000000e+00,0.00000000000000000e+00,0.00000000000000000e+00,0.00000000000000000e+00,3.22250067768870135e-02,0.00000000000000000e+00,0.00000000000000000e+00,0.00000000000000000e+00,0.00000000000000000e+00,0.00000000000000000e+00,0.00000000000000000e+00,0.00000000000000000e+00,7.36997937166033523e+01,3.76967789107794327e-01,-1.31789246768741841e+00,4.78364031326173755e+00,2.30768151174645041e-10,1.60079860925440287e-10,2.33439329680603734e-10,2.63699147022534477e-12
-1.42916666666666670e+00,2.39508429462086392e-01,-8.17415166857996311e-01,3.78467297130694491e-01,8.53131020665140127e+00,0.00000000000000000e+00,0.00000000000000000e+00,0.00000000000000000e+00,0.00000000000000000e+00,0.00000000000000000e+00,0.00000000000000000e+00,0.00000000000000000e+00,3.20364372462560720e-02,0.00000000000000000e+00,0.00000000000000000e+00,0.00000000000000000e+00,0.00000000000000000e+00,0.00000000000000000e+00,0.00000000000000000e+00,0.00000000000000000e+00,7.27842801754258062e+01,3.78467297042537287e-01,-1.31729494232274824e+00,4.75447398451253722e+00,2.29804982259596590e-10,1.60016762742502688e-10,2.32932156749334717e-10,2.67903101531281588e-12
-1.42500000000000004e+00,2.40508463208342127e-01,-8.16536114817924319e-01,3.79969925877724934e-01,8.47815575188874959e+00,0.00000000000000000e+00,0.00000000000000000e+00,0.00000000000000000e+00,0.00000000000000000e+00,0.00000000000000000e+00,0.00000000000000000e+00,0.00000000000000000e+00,3.18492202179209635e-02,0.00000000000000000e+00,0.00000000000000000e+00,0.00000000000000000e+00,0.00000000000000000e+00,0.00000000000000000e+00,0.00000000000000000e+00,0.00000000000000000e+00,7.18801393261127828e+01,3.79969925789403862e-01,-1.31669492207499461e+00,4.72549579212708437e+00,2.28904832967222449e-10,1.59949342584580425e-10,2.32442271567027760e-10,2.72169403797586089e-12
-1.42083333333333339e+00,2.41512672454791716e-01,-8.15651673137967381e-01,3.81475653368038348e-01,8.42533247575957667e+00,0.00000000000000000e+00,0.00000000000000000e+00,0.00000000000000000e+00,0.00000000000000000e+00,0.00000000000000000e+00,0.00000000000000000e+00,0.00000000000000000e+00,3.16633495831896636e-02,0.00000000000000000e+00,0.00000000000000000e+00,0.00000000000000000e+00,0.00000000000000000e+00,0.00000000000000000e+00,0.00000000000000000e+00,0.00000000000000000e+00,7.09872298947958313e+01,3.81475653279590599e-01,-1.31609239652712495e+00,4.69670461563305430e+00,2.27772716349130108e-10,1.59859909367353750e-10,2.31856865213698784e-10,2.76450589882150063e-12
-1.41666666666666674e+00,2.42521074635648676e-01,-8.14761810757566263e-01,3.82984457183994875e-01,8.37283831484521457e+00,0.00000000000000000e+00,0.00000000000000000e+00,0.00000000000000000e+00,0.00000000000000000e+00,0.00000000000000000e+00,0.00000000000000000e+00,0.00000000000000000e+00,3.14788192954246690e-02,0.00000000000000000e+00,0.00000000000000000e+00,0.00000000000000000e+00,0.00000000000000000e+00,0.00000000000000000e+00,0.00000000000000000e+00,0.00000000000000000e+00,7.01054123626042980e+01,3.82984457095364383e-01,-1.31548735521861082e+00,4.66809934186441655e+00,2.27035844528094027e-10,1.59793956657059527e-10,2.31420597344340131e-10,2.80843561332856597e-12
-1.41250000000000009e+00,2.43533687257920683e-01,-8.13866496479334067e-01,3.84496314556809160e-01,8.32067121857682501e+00,0.00000000000000000e+00,0.00000000000000000e+00,0.00000000000000000e+00,0.00000000000000000e+00,0.00000000000000000e+00,0.00000000000000000e+00,0.00000000000000000e+00,3.12956233698117245e-02,0.00000000000000000e+00,0.00000000000000000e+00,0.00000000000000000e+00,0.00000000000000000e+00,0.00000000000000000e+00,0.00000000000000000e+00,0.00000000000000000e+00,6.92345489436948469e+01,3.84496314468068423e-01,-1.31487978764524760e+00,4.63967886491498938e+00,2.25843941864693653e-10,1.59683507816839743e-10,2.30797366949331393e-10,2.85218942333196551e-12
-1.40833333333333344e+00,2.44550527901713388e-01,-8.12965698970078088e-01,3.86011202364368922e-01,8.26882914916904710e+00,0.00000000000000000e+00,0.00000000000000000e+00,0.00000000000000000e+00,0.00000000000000000e+00,0.00000000000000000e+00,0.00000000000000000e+00,0.00000000000000000e+00,3.11137558829709983e-02,0.00000000000000000e+00,0.00000000000000000e+00,0.00000000000000000e+00,0.00000000000000000e+00,0.00000000000000000e+00,0.00000000000000000e+00,0.00000000000000000e+00,6.83745035639528425e+01,3.86011202275442999e-01,-1.31426968325897198e+00,4.61144208609225270e+00,2.25152493521491058e-10,1.59612793577970619e-10,2.30371351031428378e-10,2.89724933854698369e-12
-1.40416666666666656e+00,2.45571614220535805e-01,-8.12059386760318969e-01,3.87529097128828326e-01,8.21731008152480946e+00,0.00000000000000000e+00,0.00000000000000000e+00,0.00000000000000000e+00,0.00000000000000000e+00,0.00000000000000000e+00,0.00000000000000000e+00,0.00000000000000000e+00,3.09332109727677301e-02,0.00000000000000000e+00,0.00000000000000000e+00,0.00000000000000000e+00,0.00000000000000000e+00,0.00000000000000000e+00,0.00000000000000000e+00,0.00000000000000000e+00,6.75251418394703649e+01,3.87529097039797155e-01,-1.31365703146767854e+00,4.58338791387136357e+00,2.23980067499510337e-10,1.59487677825113727e-10,2.29740610458087043e-10,2.94195737921115652e-12
-1.39999999999999991e+00,2.46596963941606490e-01,-8.11147528245517724e-01,3.89049975014472527e-01,8.16611200317216657e+00,0.00000000000000000e+00,0.00000000000000000e+00,0.00000000000000000e+00,0.00000000000000000e+00,0.00000000000000000e+00,0.00000000000000000e+00,0.00000000000000000e+00,3.07539828378896457e-02,0.00000000000000000e+00,0.00000000000000000e+00,0.00000000000000000e+00,0.00000000000000000e+00,0.00000000000000000e+00,0.00000000000000000e+00,0.00000000000000000e+00,6.66863310558129285e+01,3.89049974925266828e-01,-1.31304182163503613e+00,4.55551526384941230e+00,2.23251619630838633e-10,1.59404408153535267e-10,2.29291104313272279e-10,2.98833945679857953e-12
-1.39583333333333326e+00,2.47626594866161703e-01,-8.10230091685618548e-01,3.90573811825296546e-01,8.11523291417048220e+00,0.00000000000000000e+00,0.00000000000000000e+00,0.00000000000000000e+00,0.00000000000000000e+00,0.00000000000000000e+00,0.00000000000000000e+00,0.00000000000000000e+00,3.05760657376624827e-02,0.00000000000000000e+00,0.00000000000000000e+00,0.00000000000000000e+00,0.00000000000000000e+00,0.00000000000000000e+00,0.00000000000000000e+00,0.00000000000000000e+00,6.58579401470319254e+01,3.90573811735987098e-01,-1.31242404308030292e+00,4.52782305869985446e+00,2.22117902393823063e-10,1.59267424425212009e-10,2.28662153072583119e-10,3.03418919267972134e-12
-1.39166666666666661e+00,2.48660524869764171e-01,-8.09307045206253517e-01,3.92100583002880476e-01,8.06467082704612892e+00,0.00000000000000000e+00,0.00000000000000000e+00,0.00000000000000000e+00,0.00000000000000000e+00,0.00000000000000000e+00,0.00000000000000000e+00,0.00000000000000000e+00,3.03994539916239044e-02,0.00000000000000000e+00,0.00000000000000000e+00,0.00000000000000000e+00,0.00000000000000000e+00,0.00000000000000000e+00,0.00000000000000000e+00,0.00000000000000000e+00,6.50398396754118835e+01,3.92100582913412488e-01,-1.31180368507814138e+00,4.50031022812719872e+00,2.21324775573761594e-10,1.59166415849182928e-10,2.28176117231098891e-10,3.08140072843699380e-12
-1.38749999999999996e+00,2.49698771902613553e-01,-8.08378356798473030e-01,3.93630263623985288e-01,8.01442376670282464e+00,0.00000000000000000e+00,0.00000000000000000e+00,0.00000000000000000e+00,0.00000000000000000e+00,0.00000000000000000e+00,0.00000000000000000e+00,0.00000000000000000e+00,3.02241419793193855e-02,0.00000000000000000e+00,0.00000000000000000e+00,0.00000000000000000e+00,0.00000000000000000e+00,0.00000000000000000e+00,0.00000000000000000e+00,0.00000000000000000e+00,6.42319018110494682e+01,3.93630263534409996e-01,-1.31118073685843184e+00,4.47297570882187667e+00,2.20258628917888702e-10,1.59022284987469640e-10,2.27562004060017182e-10,3.12876563488883891e-12
-1.38333333333333330e+00,2.50741353989858029e-01,-8.07443994319802960e-01,3.95162828398411603e-01,7.96448977035425809e+00,0.00000000000000000e+00,0.00000000000000000e+00,0.00000000000000000e+00,0.00000000000000000e+00,0.00000000000000000e+00,0.00000000000000000e+00,0.00000000000000000e+00,3.00501241398930495e-02,0.00000000000000000e+00,0.00000000000000000e+00,0.00000000000000000e+00,0.00000000000000000e+00,0.00000000000000000e+00,0.00000000000000000e+00,0.00000000000000000e+00,6.34340003120384424e+01,3.95162828308701475e-01,-1.31055518760608525e+00,4.44581844441533658e+00,2.19363406713621504e-10,1.58896372360269121e-10,2.27020665377012998e-10,3.17681271456094556e-12
-1.37916666666666665e+00,2.51788289231907214e-01,-8.06503925494296392e-01,3.96698251666646684e-01,7.91486688744039046e+00,0.00000000000000000e+00,0.00000000000000000e+00,0.00000000000000000e+00,0.00000000000000000e+00,0.00000000000000000e+00,0.00000000000000000e+00,0.00000000000000000e+00,2.98773949718394993e-02,0.00000000000000000e+00,0.00000000000000000e+00,0.00000000000000000e+00,0.00000000000000000e+00,0.00000000000000000e+00,0.00000000000000000e+00,0.00000000000000000e+00,6.26460105046306381e+01,3.96698251576818817e-01,-1.30992702646085557e+00,4.41883738543532623e+00,2.18398224906986351e-10,1.58751117743153421e-10,2.26438778113118294e-10,3.22518709755868533e-12
-1.37500000000000000e+00,2.52839595804746464e-01,-8.05558117913293792e-01,3.98236507397667416e-01,7.86555317955498090e+00,0.00000000000000000e+00,0.00000000000000000e+00,0.00000000000000000e+00,0.00000000000000000e+00,0.00000000000000000e+00,0.00000000000000000e+00,0.00000000000000000e+00,2.97059490326392998e-02,0.00000000000000000e+00,0.00000000000000000e+00,0.00000000000000000e+00,0.00000000000000000e+00,0.00000000000000000e+00,0.00000000000000000e+00,0.00000000000000000e+00,6.18678092638154027e+01,3.98236507307738130e-01,-1.30929624251715215e+00,4.39203148926139253e+00,2.17358894991016122e-10,1.58590661340313069e-10,2.25818790065049756e-10,3.27406871639212396e-12
-1.37083333333333335e+00,2.53895291960252456e-01,-8.04606539035970680e-01,3.99777569186689163e-01,7.81654672037004339e+00,0.00000000000000000e+00,0.00000000000000000e+00,0.00000000000000000e+00,0.00000000000000000e+00,0.00000000000000000e+00,0.00000000000000000e+00,0.00000000000000000e+00,2.95357809384324405e-02,0.00000000000000000e+00,0.00000000000000000e+00,0.00000000000000000e+00,0.00000000000000000e+00,0.00000000000000000e+00,0.00000000000000000e+00,0.00000000000000000e+00,6.10992749940833235e+01,3.99777569096623542e-01,-1.30866282482384855e+00,4.36539972008057475e+00,2.16532967306894128e-10,1.58453794220379487e-10,2.25289332342757028e-10,3.32401916264059579e-12
-1.36666666666666670e+00,2.54955396026509962e-01,-8.03649156189619407e-01,4.01321410252858168e-01,7.76784559555605991e+00,0.00000000000000000e+00,0.00000000000000000e+00,0.00000000000000000e+00,0.00000000000000000e+00,0.00000000000000000e+00,0.00000000000000000e+00,0.00000000000000000e+00,2.93668853637350895e-02,0.00000000000000000e+00,0.00000000000000000e+00,0.00000000000000000e+00,0.00000000000000000e+00,0.00000000000000000e+00,0.00000000000000000e+00,0.00000000000000000e+00,6.03402876103556451e+01,4.01321410162728598e-01,-1.30802676238409399e+00,4.33894104884327891e+00,2.15340289651072705e-10,1.58251732678195007e-10,2.24582013795529199e-10,3.37355153610196215e-12
-1.36250000000000004e+00,2.56019926408130039e-01,-8.02685936570857517e-01,4.02868003437158451e-01,7.71944790271628190e+00,0.00000000000000000e+00,0.00000000000000000e+00,0.00000000000000000e+00,0.00000000000000000e+00,0.00000000000000000e+00,0.00000000000000000e+00,0.00000000000000000e+00,2.91992570409982909e-02,0.00000000000000000e+00,0.00000000000000000e+00,0.00000000000000000e+00,0.00000000000000000e+00,0.00000000000000000e+00,0.00000000000000000e+00,0.00000000000000000e+00,5.95907285193625498e+01,4.02868003346871173e-01,-1.30738804415512200e+00,4.31265445321938667e+00,2.14656879215118348e-10,1.58128129196181521e-10,2.24111314138088534e-10,3.42530788265175959e-12
-1.35833333333333339e+00,2.57088901586569718e-01,-8.01716847245362518e-01,4.04417321199960711e-01,7.67135175129940539e+00,0.00000000000000000e+00,0.00000000000000000e+00,0.00000000000000000e+00,0.00000000000000000e+00,0.00000000000000000e+00,0.00000000000000000e+00,0.00000000000000000e+00,2.90328907604258148e-02,0.00000000000000000e+00,0.00000000000000000e+00,0.00000000000000000e+00,0.00000000000000000e+00,0.00000000000000000e+00,0.00000000000000000e+00,0.00000000000000000e+00,5.88504806009103660e+01,4.04417321109617200e-01,-1.30674665904805809e+00,4.28653891755448591e+00,2.13472460571330145e-10,1.57909970320066548e-10,2.23391792919682661e-10,3.47567952454782434e-12
-1.35416666666666674e+00,2.58162340120452638e-01,-8.00741855149589399e-01,4.05969335619065619e-01,7.62355526254074434e+00,0.00000000000000000e+00,0.00000000000000000e+00,0.00000000000000000e+00,0.00000000000000000e+00,0.00000000000000000e+00,0.00000000000000000e+00,0.00000000000000000e+00,2.88677813694372051e-02,0.00000000000000000e+00,0.00000000000000000e+00,0.00000000000000000e+00,0.00000000000000000e+00,0.00000000000000000e+00,0.00000000000000000e+00,0.00000000000000000e+00,5.81194281898138740e+01,4.05969335528574671e-01,-1.30610259592772837e+00,4.26059343282638459e+00,2.12766853649724643e-10,1.57773104119451262e-10,2.22900943861444226e-10,3.52851249450593433e-12
-1.35000000000000009e+00,2.59240260645891507e-01,-7.99760927090375939e-01,4.07524018387203590e-01,7.57605656937381511e+00,0.00000000000000000e+00,0.00000000000000000e+00,0.00000000000000000e+00,0.00000000000000000e+00,0.00000000000000000e+00,0.00000000000000000e+00,0.00000000000000000e+00,2.87039237725171710e-02,0.00000000000000000e+00,0.00000000000000000e+00,0.00000000000000000e+00,0.00000000000000000e+00,0.00000000000000000e+00,0.00000000000000000e+00,0.00000000000000000e+00,5.73974570575920851e+01,4.07524018296660184e-01,-1.30545584361246503e+00,4.23481699660170463e+00,2.11609496657834769e-10,1.57541987011403482e-10,2.22179312239025902e-10,3.57991816561766201e-12
-1.34583333333333344e+00,2.60322681876811290e-01,-7.98774029746708081e-01,4.09081340810104999e-01,7.52885381637153017e+00,0.00000000000000000e+00,0.00000000000000000e+00,0.00000000000000000e+00,0.00000000000000000e+00,0.00000000000000000e+00,0.00000000000000000e+00,0.00000000000000000e+00,2.85413129306624352e-02,0.00000000000000000e+00,0.00000000000000000e+00,0.00000000000000000e+00,0.00000000000000000e+00,0.00000000000000000e+00,0.00000000000000000e+00,0.00000000000000000e+00,5.66844543948359600e+01,4.09081340719430142e-01,-1.30480639087391315e+00,4.20920861299274929e+00,2.10853909847505993e-10,1.57385566438165970e-10,2.21654833614964269e-10,3.63383692295712565e-12
-1.34166666666666656e+00,2.61409622605274561e-01,-7.97781129669492883e-01,4.10641273804026929e-01,7.48194515966085039e+00,0.00000000000000000e+00,0.00000000000000000e+00,0.00000000000000000e+00,0.00000000000000000e+00,0.00000000000000000e+00,0.00000000000000000e+00,0.00000000000000000e+00,2.83799438612087132e-02,0.00000000000000000e+00,0.00000000000000000e+00,0.00000000000000000e+00,0.00000000000000000e+00,0.00000000000000000e+00,0.00000000000000000e+00,0.00000000000000000e+00,5.59803087933859942e+01,4.10641273713298116e-01,-1.30415422643683532e+00,4.18376729261448332e+00,2.09750347831993252e-10,1.57147818220453755e-10,2.20944213743340620e-10,3.68669033593476598e-12
-1.33749999999999991e+00,2.62501101701807293e-01,-7.96782193283215756e-01,4.12203787893806461e-01,7.43532876686197675e+00,0.00000000000000000e+00,0.00000000000000000e+00,0.00000000000000000e+00,0.00000000000000000e+00,0.00000000000000000e+00,0.00000000000000000e+00,0.00000000000000000e+00,2.82198116372917411e-02,0.00000000000000000e+00,0.00000000000000000e+00,0.00000000000000000e+00,0.00000000000000000e+00,0.00000000000000000e+00,0.00000000000000000e+00,0.00000000000000000e+00,5.52849102290940877e+01,4.12203787802970345e-01,-1.30349933897891557e+00,4.15849205254174414e+00,2.08912241851326196e-10,1.56962734574282840e-10,2.20367010431009027e-10,3.74129756127224388e-12
-1.33333333333333326e+00,2.63597138115726770e-01,-7.95777186886022503e-01,4.13768853210459864e-01,7.38900281700763450e+00,0.00000000000000000e+00,0.00000000000000000e+00,0.00000000000000000e+00,0.00000000000000000e+00,0.00000000000000000e+00,0.00000000000000000e+00,0.00000000000000000e+00,2.80609113876213873e-02,0.00000000000000000e+00,0.00000000000000000e+00,0.00000000000000000e+00,0.00000000000000000e+00,0.00000000000000000e+00,0.00000000000000000e+00,0.00000000000000000e+00,5.45981500444946661e+01,4.13768853119561353e-01,-1.30284171713056396e+00,4.13338191626657458e+00,2.07890375816571771e-10,1.56726564758474182e-10,2.19684276027893226e-10,3.79562581541237819e-12
-1.32916666666666661e+00,2.64697750875470539e-01,-7.94766076651109099e-01,4.15336439489167764e-01,7.34296550047852303e+00,0.00000000000000000e+00,0.00000000000000000e+00,0.00000000000000000e+00,0.00000000000000000e+00,0.00000000000000000e+00,0.00000000000000000e+00,0.00000000000000000e+00,2.79032382959912284e-02,0.00000000000000000e+00,0.00000000000000000e+00,0.00000000000000000e+00,0.00000000000000000e+00,0.00000000000000000e+00,0.00000000000000000e+00,0.00000000000000000e+00,5.39199209319252120e+01,4.15336439398196200e-01,-1.30218134947471764e+00,4.10843591365576888e+00,2.06930852673182592e-10,1.56500447047577990e-10,2.19031019159543435e-10,3.85090961941801476e-12
-1.32499999999999996e+00,2.65802959088926594e-01,-7.93748828627299119e-01,4.16906516067010791e-01,7.29721501892910140e+00,0.00000000000000000e+00,0.00000000000000000e+00,0.00000000000000000e+00,0.00000000000000000e+00,0.00000000000000000e+00,0.00000000000000000e+00,0.00000000000000000e+00,2.77467876009574420e-02,0.00000000000000000e+00,0.00000000000000000e+00,0.00000000000000000e+00,0.00000000000000000e+00,0.00000000000000000e+00,0.00000000000000000e+00,0.00000000000000000e+00,5.32501169167066166e+01,4.16906515975959235e-01,-1.30151822454664412e+00,4.08365308090857582e+00,2.06028119038446881e-10,1.56276960392541925e-10,2.18398014171737165e-10,3.90695292135522624e-12
-1.32083333333333330e+00,2.66912781943765332e-01,-7.92725408739961224e-01,4.18479051880814079e-01,7.25174958521727131e+00,0.00000000000000000e+00,0.00000000000000000e+00,0.00000000000000000e+00,0.00000000000000000e+00,0.00000000000000000e+00,0.00000000000000000e+00,0.00000000000000000e+00,2.75915545954446215e-02,0.00000000000000000e+00,0.00000000000000000e+00,0.00000000000000000e+00,0.00000000000000000e+00,0.00000000000000000e+00,0.00000000000000000e+00,0.00000000000000000e+00,5.25886333405838613e+01,4.18479051789736933e-01,-1.30085233083374074e+00,4.05903246051454669e+00,2.04900503187501913e-10,1.55993612709821662e-10,2.17638482584992211e-10,3.96225577464861879e-12
-1.31666666666666665e+00,2.68027238707772564e-01,-7.91695782792317115e-01,4.20054015465107677e-01,7.20656742333880462e+00,0.00000000000000000e+00,0.00000000000000000e+00,0.00000000000000000e+00,0.00000000000000000e+00,0.00000000000000000e+00,0.00000000000000000e+00,0.00000000000000000e+00,2.74375346262721483e-02,0.00000000000000000e+00,0.00000000000000000e+00,0.00000000000000000e+00,0.00000000000000000e+00,0.00000000000000000e+00,0.00000000000000000e+00,0.00000000000000000e+00,5.19353668454344657e+01,4.20054015373921341e-01,-1.30018365677533643e+00,4.03457310121159018e+00,2.04158069588861980e-10,1.55797782109150508e-10,2.17082405886359285e-10,4.02026477354274405e-12
-1.31250000000000000e+00,2.69146348729183860e-01,-7.90659916465680235e-01,4.21631374949749671e-01,7.16166676834950344e+00,0.00000000000000000e+00,0.00000000000000000e+00,0.00000000000000000e+00,0.00000000000000000e+00,0.00000000000000000e+00,0.00000000000000000e+00,0.00000000000000000e+00,2.72847230939082842e-02,0.00000000000000000e+00,0.00000000000000000e+00,0.00000000000000000e+00,0.00000000000000000e+00,0.00000000000000000e+00,0.00000000000000000e+00,0.00000000000000000e+00,5.12902153569959296e+01,4.21631374858563224e-01,-1.29951219076248958e+00,4.01027405794412850e+00,2.02967086414474106e-10,1.55479298415561049e-10,2.16270545123658478e-10,4.07620059774449686e-12
-1.30833333333333335e+00,2.70270131437020888e-01,-7.89617775321521775e-01,4.23211098058137558e-01,7.11704586630790459e+00,0.00000000000000000e+00,0.00000000000000000e+00,0.00000000000000000e+00,0.00000000000000000e+00,0.00000000000000000e+00,0.00000000000000000e+00,0.00000000000000000e+00,2.71331154518288792e-02,0.00000000000000000e+00,0.00000000000000000e+00,0.00000000000000000e+00,0.00000000000000000e+00,0.00000000000000000e+00,0.00000000000000000e+00,0.00000000000000000e+00,5.06530780690845503e+01,4.23211097966836369e-01,-1.29883792113778740e+00,3.98613439182148621e+00,2.02276488741236379e-10,1.55286405790089705e-10,2.15734391820340704e-10,4.13611731591362536e-12
-1.30416666666666670e+00,2.71398606341428317e-01,-7.88569324801296490e-01,4.24793152104681493e-01,7.07270297419342242e+00,0.00000000000000000e+00,0.00000000000000000e+00,0.00000000000000000e+00,0.00000000000000000e+00,0.00000000000000000e+00,0.00000000000000000e+00,0.00000000000000000e+00,2.69827072063699817e-02,0.00000000000000000e+00,0.00000000000000000e+00,0.00000000000000000e+00,0.00000000000000000e+00,0.00000000000000000e+00,0.00000000000000000e+00,0.00000000000000000e+00,5.00238554276526699e+01,4.24793152013387132e-01,-1.29816083619514311e+00,3.96215317007634704e+00,2.01102470258068383e-10,1.54954009894952709e-10,2.14914860390723853e-10,4.19301319374456693e-12
-1.30000000000000004e+00,2.72531793034012593e-01,-7.87514530228826004e-01,4.26377503993135065e-01,7.02863635985199586e+00,0.00000000000000000e+00,0.00000000000000000e+00,0.00000000000000000e+00,0.00000000000000000e+00,0.00000000000000000e+00,0.00000000000000000e+00,0.00000000000000000e+00,2.68334939160084426e-02,0.00000000000000000e+00,0.00000000000000000e+00,0.00000000000000000e+00,0.00000000000000000e+00,0.00000000000000000e+00,0.00000000000000000e+00,0.00000000000000000e+00,4.94024491154292562e+01,4.26377503901741395e-01,-1.29748092417959238e+00,3.93832946602345668e+00,2.00376062543848065e-10,1.54741071597648570e-10,2.14349184872818709e-10,4.25385910473961455e-12
-1.29583333333333339e+00,2.73669711188182341e-01,-7.86453356810161042e-01,4.27964120214062438e-01,6.98484430191528904e+00,0.00000000000000000e+00,0.00000000000000000e+00,0.00000000000000000e+00,0.00000000000000000e+00,0.00000000000000000e+00,0.00000000000000000e+00,0.00000000000000000e+00,2.66854711912164339e-02,0.00000000000000000e+00,0.00000000000000000e+00,0.00000000000000000e+00,0.00000000000000000e+00,0.00000000000000000e+00,0.00000000000000000e+00,0.00000000000000000e+00,4.87887620363711747e+01,4.27964120122676928e-01,-1.29679817328709057e+00,3.91466235901837889e+00,1.99241733720157026e-10,1.54400868727467675e-10,2.13535448354919293e-10,4.31182555997748049e-12
-1.29166666666666674e+00,2.74812380559489644e-01,-7.85385769635927100e-01,4.29552966843171069e-01,6.94132508974542173e+00,0.00000000000000000e+00,0.00000000000000000e+00,0.00000000000000000e+00,0.00000000000000000e+00,0.00000000000000000e+00,0.00000000000000000e+00,0.00000000000000000e+00,2.65386346937423953e-02,0.00000000000000000e+00,0.00000000000000000e+00,0.00000000000000000e+00,0.00000000000000000e+00,0.00000000000000000e+00,0.00000000000000000e+00,0.00000000000000000e+00,4.81826983006606966e+01,4.29552966751710064e-01,-1.29611257166430627e+00,3.89115093441649984e+00,1.98450491891619045e-10,1.54157750867647084e-10,2.12921368294855936e-10,4.37347514158115413e-12
-1.28750000000000009e+00,2.75959820985973103e-01,-7.84311733681472889e-01,4.31144009538861617e-01,6.89807702335770401e+00,0.00000000000000000e+00,0.00000000000000000e+00,0.00000000000000000e+00,0.00000000000000000e+00,0.00000000000000000e+00,0.00000000000000000e+00,0.00000000000000000e+00,2.63929801364089223e-02,0.00000000000000000e+00,0.00000000000000000e+00,0.00000000000000000e+00,0.00000000000000000e+00,0.00000000000000000e+00,0.00000000000000000e+00,0.00000000000000000e+00,4.75841632095759621e+01,4.31144009447402776e-01,-1.29542410740841607e+00,3.86779428353207555e+00,1.97382492394007230e-10,1.53819333541702373e-10,2.12130607168156245e-10,4.43310482999836741e-12
-1.28333333333333344e+00,2.77112052388502283e-01,-7.83231213808993743e-01,4.32737213540493548e-01,6.85509841336274484e+00,0.00000000000000000e+00,0.00000000000000000e+00,0.00000000000000000e+00,0.00000000000000000e+00,0.00000000000000000e+00,0.00000000000000000e+00,0.00000000000000000e+00,2.62485032824392554e-02,0.00000000000000000e+00,0.00000000000000000e+00,0.00000000000000000e+00,0.00000000000000000e+00,0.00000000000000000e+00,0.00000000000000000e+00,0.00000000000000000e+00,4.69930632408129938e+01,4.32737213448993796e-01,-1.29473276856689856e+00,3.84459150359751112e+00,1.96490438318751017e-10,1.53532025633093549e-10,2.11444149880660198e-10,4.49494761434984462e-12
-1.27916666666666656e+00,2.78269094771123604e-01,-7.82144174768158118e-01,4.34332543666095083e-01,6.81238758089429464e+00,0.00000000000000000e+00,0.00000000000000000e+00,0.00000000000000000e+00,0.00000000000000000e+00,0.00000000000000000e+00,0.00000000000000000e+00,0.00000000000000000e+00,2.61051999451483857e-02,0.00000000000000000e+00,0.00000000000000000e+00,0.00000000000000000e+00,0.00000000000000000e+00,0.00000000000000000e+00,0.00000000000000000e+00,0.00000000000000000e+00,4.64093060337869971e+01,4.34332543574581342e-01,-1.29403854313732580e+00,3.82154169772270702e+00,1.95522513564270028e-10,1.53208755433745898e-10,2.10699710126244080e-10,4.55651048152556344e-12
-1.27499999999999991e+00,2.79430968221407339e-01,-7.81050581197797134e-01,4.35929964310474483e-01,6.76994285754701774e+00,0.00000000000000000e+00,0.00000000000000000e+00,0.00000000000000000e+00,0.00000000000000000e+00,0.00000000000000000e+00,0.00000000000000000e+00,0.00000000000000000e+00,2.59630659873714038e-02,0.00000000000000000e+00,0.00000000000000000e+00,0.00000000000000000e+00,0.00000000000000000e+00,0.00000000000000000e+00,0.00000000000000000e+00,0.00000000000000000e+00,4.58328003752473450e+01,4.35929964218968680e-01,-1.29334141906715550e+00,3.79864397485460170e+00,1.94487213349022506e-10,1.52858466734645141e-10,2.09909413083999202e-10,4.61800954756455790e-12
-1.27083333333333326e+00,2.80597692910796837e-01,-7.79950397627251713e-01,4.37529439443195500e-01,6.72776258531127702e+00,0.00000000000000000e+00,0.00000000000000000e+00,0.00000000000000000e+00,0.00000000000000000e+00,0.00000000000000000e+00,0.00000000000000000e+00,0.00000000000000000e+00,2.58220973209803313e-02,0.00000000000000000e+00,0.00000000000000000e+00,0.00000000000000000e+00,0.00000000000000000e+00,0.00000000000000000e+00,0.00000000000000000e+00,0.00000000000000000e+00,4.52634561850243315e+01,4.37529439351647453e-01,-1.29264138425352182e+00,3.77589744973680297e+00,1.93656617669818534e-10,1.52566605564476808e-10,2.09238599022456317e-10,4.68203925025773268e-12
-1.26666666666666661e+00,2.81769289094958353e-01,-7.78843588477374338e-01,4.39130932606422941e-01,6.68584511650467128e+00,0.00000000000000000e+00,0.00000000000000000e+00,0.00000000000000000e+00,0.00000000000000000e+00,0.00000000000000000e+00,0.00000000000000000e+00,0.00000000000000000e+00,2.56822899064859944e-02,0.00000000000000000e+00,0.00000000000000000e+00,0.00000000000000000e+00,0.00000000000000000e+00,0.00000000000000000e+00,0.00000000000000000e+00,0.00000000000000000e+00,4.47011845019042013e+01,4.39130932514938566e-01,-1.29193842654302493e+00,3.75330124286935884e+00,1.92464395411992773e-10,1.52143185962562602e-10,2.08330520254218409e-10,4.74261911959728532e-12
-1.26249999999999996e+00,2.82945777114132879e-01,-7.77730118062832210e-01,4.40734406913272259e-01,6.64418881371532244e+00,0.00000000000000000e+00,0.00000000000000000e+00,0.00000000000000000e+00,0.00000000000000000e+00,0.00000000000000000e+00,0.00000000000000000e+00,0.00000000000000000e+00,2.55436397523103875e-02,0.00000000000000000e+00,0.00000000000000000e+00,0.00000000000000000e+00,0.00000000000000000e+00,0.00000000000000000e+00,0.00000000000000000e+00,0.00000000000000000e+00,4.41458974698316169e+01,4.40734406821712110e-01,-1.29123253373152025e+00,3.73085448046870827e+00,1.91782441992774742e-10,1.51891314357555852e-10,2.07744498579676848e-10,4.80943031208327648e-12
-1.25833333333333330e+00,2.84127177393489083e-01,-7.76609950592316856e-01,4.42339825045331314e-01,6.60279204972678624e+00,0.00000000000000000e+00,0.00000000000000000e+00,0.00000000000000000e+00,0.00000000000000000e+00,0.00000000000000000e+00,0.00000000000000000e+00,0.00000000000000000e+00,2.54061429145992328e-02,0.00000000000000000e+00,0.00000000000000000e+00,0.00000000000000000e+00,0.00000000000000000e+00,0.00000000000000000e+00,0.00000000000000000e+00,0.00000000000000000e+00,4.35975083240330505e+01,4.42339824953844996e-01,-1.29052369356390662e+00,3.70855629442765089e+00,1.90597195496484799e-10,1.51450478497726784e-10,2.06823607913658375e-10,4.87105527215889404e-12
-1.25416666666666665e+00,2.85313510443478302e-01,-7.75483050171585142e-01,4.43947149251315287e-01,6.56165320746741898e+00,0.00000000000000000e+00,0.00000000000000000e+00,0.00000000000000000e+00,0.00000000000000000e+00,0.00000000000000000e+00,0.00000000000000000e+00,0.00000000000000000e+00,2.52697954962959499e-02,0.00000000000000000e+00,0.00000000000000000e+00,0.00000000000000000e+00,0.00000000000000000e+00,0.00000000000000000e+00,0.00000000000000000e+00,0.00000000000000000e+00,4.30559313776318930e+01,4.43947149159767407e-01,-1.28981189373391292e+00,3.68640582227558067e+00,1.89891924662008104e-10,1.51180236375526630e-10,2.06213466086747157e-10,4.93878777074827320e-12
-1.25000000000000000e+00,2.86504796860190092e-01,-7.74349380803487142e-01,4.45556341344497064e-01,6.52077067993424997e+00,0.00000000000000000e+00,0.00000000000000000e+00,0.00000000000000000e+00,0.00000000000000000e+00,0.00000000000000000e+00,0.00000000000000000e+00,0.00000000000000000e+00,2.51345936470127006e-02,0.00000000000000000e+00,0.00000000000000000e+00,0.00000000000000000e+00,0.00000000000000000e+00,0.00000000000000000e+00,0.00000000000000000e+00,0.00000000000000000e+00,4.25210820080879799e+01,4.45556341253028010e-01,-1.28909712188388581e+00,3.66440220713868658e+00,1.88734531903989931e-10,1.50729412309376201e-10,2.05291780374129671e-10,5.00145260473693676e-12
-1.24583333333333335e+00,2.87701057325710330e-01,-7.73208906391067874e-01,4.47167362701403559e-01,6.48014287014240420e+00,0.00000000000000000e+00,0.00000000000000000e+00,0.00000000000000000e+00,0.00000000000000000e+00,0.00000000000000000e+00,0.00000000000000000e+00,0.00000000000000000e+00,2.50005335620782920e-02,0.00000000000000000e+00,0.00000000000000000e+00,0.00000000000000000e+00,0.00000000000000000e+00,0.00000000000000000e+00,0.00000000000000000e+00,0.00000000000000000e+00,4.19928766441358192e+01,4.47167362609895758e-01,-1.28837936560457367e+00,3.64254459770043182e+00,1.87980755664997103e-10,1.50429192522026695e-10,2.04638819797336790e-10,5.06982332729123597e-12
-1.24166666666666670e+00,2.88902312608479817e-01,-7.72061590737844861e-01,4.48780174259328535e-01,6.43976819105158871e+00,0.00000000000000000e+00,0.00000000000000000e+00,0.00000000000000000e+00,0.00000000000000000e+00,0.00000000000000000e+00,0.00000000000000000e+00,0.00000000000000000e+00,2.48676114823544840e-02,0.00000000000000000e+00,0.00000000000000000e+00,0.00000000000000000e+00,0.00000000000000000e+00,0.00000000000000000e+00,0.00000000000000000e+00,0.00000000000000000e+00,4.14712327525806899e+01,4.48780174167896395e-01,-1.28765861243491209e+00,3.62083214816199073e+00,1.86874894681435774e-10,1.49978633798904724e-10,2.03734801357428675e-10,5.13378920666920349e-12
-1.23750000000000004e+00,2.90108583563655265e-01,-7.70907397550748663e-01,4.50394736514976690e-01,6.39964506551382417e+00,0.00000000000000000e+00,0.00000000000000000e+00,0.00000000000000000e+00,0.00000000000000000e+00,0.00000000000000000e+00,0.00000000000000000e+00,0.00000000000000000e+00,2.47358236933184865e-02,0.00000000000000000e+00,0.00000000000000000e+00,0.00000000000000000e+00,0.00000000000000000e+00,0.00000000000000000e+00,0.00000000000000000e+00,0.00000000000000000e+00,4.09560688255292220e+01,4.50394736423540332e-01,-1.28693484986180673e+00,3.59926401820294339e+00,1.86038845565744917e-10,1.49633018153211610e-10,2.03013825629519895e-10,5.20221961673290231e-12
-1.23333333333333339e+00,2.91319891133471010e-01,-7.69746290440843972e-01,4.52011009522148011e-01,6.35977192620388454e+00,0.00000000000000000e+00,0.00000000000000000e+00,0.00000000000000000e+00,0.00000000000000000e+00,0.00000000000000000e+00,0.00000000000000000e+00,0.00000000000000000e+00,2.46051665247674391e-02,0.00000000000000000e+00,0.00000000000000000e+00,0.00000000000000000e+00,0.00000000000000000e+00,0.00000000000000000e+00,0.00000000000000000e+00,0.00000000000000000e+00,4.04473043675507782e+01,4.52011009430773769e-01,-1.28620806531991727e+00,3.57783937294195731e+00,1.85015524965235143e-10,1.49197199569370702e-10,2.02150477754034716e-10,5.26817871284366763e-12
-1.22916666666666674e+00,2.92536256347602774e-01,-7.68578232925894111e-01,4.53628952890229975e-01,6.32014721556384629e+00,0.00000000000000000e+00,0.00000000000000000e+00,0.00000000000000000e+00,0.00000000000000000e+00,0.00000000000000000e+00,0.00000000000000000e+00,0.00000000000000000e+00,2.44756363499996077e-02,0.00000000000000000e+00,0.00000000000000000e+00,0.00000000000000000e+00,0.00000000000000000e+00,0.00000000000000000e+00,0.00000000000000000e+00,0.00000000000000000e+00,3.99448598831741748e+01,4.53628952798900309e-01,-1.28547824619143825e+00,3.55655738289768131e+00,1.84059764013462961e-10,1.48786332785975347e-10,2.01331210207306485e-10,5.33590945131545236e-12
-1.22500000000000009e+00,2.93757700323532767e-01,-7.67403188431771688e-01,4.55248525782172397e-01,6.28076938573907562e+00,0.00000000000000000e+00,0.00000000000000000e+00,0.00000000000000000e+00,0.00000000000000000e+00,0.00000000000000000e+00,0.00000000000000000e+00,0.00000000000000000e+00,2.43472295853301400e-02,0.00000000000000000e+00,0.00000000000000000e+00,0.00000000000000000e+00,0.00000000000000000e+00,0.00000000000000000e+00,0.00000000000000000e+00,0.00000000000000000e+00,3.94486568644256863e+01,4.55248525690878592e-01,-1.28474537980588033e+00,3.53541722394966840e+00,1.83153353857668214e-10,1.48384317932461356e-10,2.00536192203663175e-10,5.40446054826438857e-12
-1.22083333333333344e+00,2.94984244266916273e-01,-7.66221120294376723e-01,4.56869686912695305e-01,6.24163689851786962e+00,0.00000000000000000e+00,0.00000000000000000e+00,0.00000000000000000e+00,0.00000000000000000e+00,0.00000000000000000e+00,0.00000000000000000e+00,0.00000000000000000e+00,2.42199426894566874e-02,0.00000000000000000e+00,0.00000000000000000e+00,0.00000000000000000e+00,0.00000000000000000e+00,0.00000000000000000e+00,0.00000000000000000e+00,0.00000000000000000e+00,3.89586177785636494e+01,4.56869686821512855e-01,-1.28400945343985029e+00,3.51441807729943578e+00,1.82030691807610872e-10,1.47882333137530907e-10,1.99580871984253644e-10,5.47010126531439056e-12
-1.21666666666666656e+00,2.96215909471949757e-01,-7.65031991762042729e-01,4.58492394546710369e-01,6.20274822527481984e+00,0.00000000000000000e+00,0.00000000000000000e+00,0.00000000000000000e+00,0.00000000000000000e+00,0.00000000000000000e+00,0.00000000000000000e+00,0.00000000000000000e+00,2.40937721626859093e-02,0.00000000000000000e+00,0.00000000000000000e+00,0.00000000000000000e+00,0.00000000000000000e+00,0.00000000000000000e+00,0.00000000000000000e+00,0.00000000000000000e+00,3.84746660560069600e+01,4.58492394455520924e-01,-1.28327045431683007e+00,3.49355912943165059e+00,1.81284433127735776e-10,1.47537527324514886e-10,1.98889765646727605e-10,5.54231181340740085e-12
-1.21249999999999991e+00,2.97452717321740612e-01,-7.63835765996542793e-01,4.60116606497103564e-01,6.16410184690403007e+00,0.00000000000000000e+00,0.00000000000000000e+00,0.00000000000000000e+00,0.00000000000000000e+00,0.00000000000000000e+00,0.00000000000000000e+00,0.00000000000000000e+00,2.39687145465737848e-02,0.00000000000000000e+00,0.00000000000000000e+00,0.00000000000000000e+00,0.00000000000000000e+00,0.00000000000000000e+00,0.00000000000000000e+00,0.00000000000000000e+00,3.79967260782826912e+01,4.60116606406062445e-01,-1.28252836960695560e+00,3.47283957207533156e+00,1.80092849244187961e-10,1.46984024726610148e-10,1.97865318965753563e-10,5.60761086116366374e-12
-1.20833333333333326e+00,2.98694689288678372e-01,-7.62632406076521940e-01,4.61742280123640214e-01,6.12569625376962801e+00,0.00000000000000000e+00,0.00000000000000000e+00,0.00000000000000000e+00,0.00000000000000000e+00,0.00000000000000000e+00,0.00000000000000000e+00,0.00000000000000000e+00,2.38447664228399678e-02,0.00000000000000000e+00,0.00000000000000000e+00,0.00000000000000000e+00,0.00000000000000000e+00,0.00000000000000000e+00,0.00000000000000000e+00,0.00000000000000000e+00,3.75247231663330183e+01,4.61742280032581665e-01,-1.28178318642679301e+00,3.45225860216527991e+00,1.79402145221544597e-10,1.46653836902201290e-10,1.97206436419547578e-10,5.68182503780394424e-12
-1.20416666666666661e+00,2.99941846934807632e-01,-7.61421874997940784e-01,4.63369372330466045e-01,6.08752994563538685e+00,0.00000000000000000e+00,0.00000000000000000e+00,0.00000000000000000e+00,0.00000000000000000e+00,0.00000000000000000e+00,0.00000000000000000e+00,0.00000000000000000e+00,2.37219244131895712e-02,0.00000000000000000e+00,0.00000000000000000e+00,0.00000000000000000e+00,0.00000000000000000e+00,0.00000000000000000e+00,0.00000000000000000e+00,0.00000000000000000e+00,3.70585835687054370e+01,4.63369372239564536e-01,-1.28103489183911545e+00,3.43181542180342491e+00,1.78228032134562862e-10,1.46086638911143730e-10,1.96175047356458497e-10,5.74760785174408281e-12
-1.19999999999999996e+00,3.01194211912202137e-01,-7.60204135677943538e-01,4.64997839565235660e-01,6.04960143161793962e+00,0.00000000000000000e+00,0.00000000000000000e+00,0.00000000000000000e+00,0.00000000000000000e+00,0.00000000000000000e+00,0.00000000000000000e+00,0.00000000000000000e+00,2.36001851780835228e-02,0.00000000000000000e+00,0.00000000000000000e+00,0.00000000000000000e+00,0.00000000000000000e+00,0.00000000000000000e+00,0.00000000000000000e+00,0.00000000000000000e+00,3.65982344501742674e+01,4.64997839474338259e-01,-1.28028347285267863e+00,3.41150923822048346e+00,1.77502914548676031e-10,1.45728431923038492e-10,1.95479189366113677e-10,5.82233913769006970e-12
-1.19583333333333330e+00,3.02451805963340870e-01,-7.58979150955356840e-01,4.66627637816615537e-01,6.01190923011720812e+00,0.00000000000000000e+00,0.00000000000000000e+00,0.00000000000000000e+00,0.00000000000000000e+00,0.00000000000000000e+00,0.00000000000000000e+00,0.00000000000000000e+00,2.34795454165583999e-02,0.00000000000000000e+00,0.00000000000000000e+00,0.00000000000000000e+00,0.00000000000000000e+00,0.00000000000000000e+00,0.00000000000000000e+00,0.00000000000000000e+00,3.61436038802214554e+01,4.66627637725876343e-01,-1.27952891642199540e+00,3.39133926373746508e+00,1.76367077438247210e-10,1.45157821229786375e-10,1.94457393005371434e-10,5.88948501032331999e-12
-1.19166666666666665e+00,3.03714650921485474e-01,-7.57746883594497156e-01,4.68258722613404343e-01,5.97445186876887657e+00,0.00000000000000000e+00,0.00000000000000000e+00,0.00000000000000000e+00,0.00000000000000000e+00,0.00000000000000000e+00,0.00000000000000000e+00,0.00000000000000000e+00,2.33600018650030397e-02,0.00000000000000000e+00,0.00000000000000000e+00,0.00000000000000000e+00,0.00000000000000000e+00,0.00000000000000000e+00,0.00000000000000000e+00,0.00000000000000000e+00,3.56946208219230527e+01,4.68258722522702286e-01,-1.27877120944710865e+00,3.37130471572750068e+00,1.75577482749629364e-10,1.44754500196498077e-10,1.93700731270110326e-10,5.96375508740516869e-12
-1.18750000000000000e+00,3.04982768711059282e-01,-7.56507296286064057e-01,4.69891049022204021e-01,5.93722788437781546e+00,0.00000000000000000e+00,0.00000000000000000e+00,0.00000000000000000e+00,0.00000000000000000e+00,0.00000000000000000e+00,0.00000000000000000e+00,0.00000000000000000e+00,2.32415512968687406e-02,0.00000000000000000e+00,0.00000000000000000e+00,0.00000000000000000e+00,0.00000000000000000e+00,0.00000000000000000e+00,0.00000000000000000e+00,0.00000000000000000e+00,3.52512151207401487e+01,4.69891048931650790e-01,-1.27801033877336434e+00,3.35140481657754297e+00,1.74507714981590688e-10,1.44196712855426548e-10,1.92711122686177739e-10,6.03241597560747728e-12
-1.18333333333333335e+00,3.06256181348028067e-01,-7.55260351650646755e-01,4.71524571646408430e-01,5.90023582286835335e+00,0.00000000000000000e+00,0.00000000000000000e+00,0.00000000000000000e+00,0.00000000000000000e+00,0.00000000000000000e+00,0.00000000000000000e+00,0.00000000000000000e+00,2.31241905215317130e-02,0.00000000000000000e+00,0.00000000000000000e+00,0.00000000000000000e+00,0.00000000000000000e+00,0.00000000000000000e+00,0.00000000000000000e+00,0.00000000000000000e+00,3.48133174936462737e+01,4.71524571555940020e-01,-1.27724629119118305e+00,3.33163879365033822e+00,1.73619196320639392e-10,1.43728245967012774e-10,1.91863618564340049e-10,6.10564713126813305e-12
-1.17916666666666670e+00,3.07534910940282014e-01,-7.54006012240252765e-01,4.73159244624175246e-01,5.86347423922205291e+00,0.00000000000000000e+00,0.00000000000000000e+00,0.00000000000000000e+00,0.00000000000000000e+00,0.00000000000000000e+00,0.00000000000000000e+00,0.00000000000000000e+00,2.30079163838086687e-02,0.00000000000000000e+00,0.00000000000000000e+00,0.00000000000000000e+00,0.00000000000000000e+00,0.00000000000000000e+00,0.00000000000000000e+00,0.00000000000000000e+00,3.43808595182369601e+01,4.73159244533831291e-01,-1.27647905343583079e+00,3.31200587924632206e+00,1.72647648219297709e-10,1.43204709235016001e-10,1.90937735198794358e-10,6.17711424464416684e-12
-1.17500000000000004e+00,3.08818979688019857e-01,-7.52744240541248888e-01,4.74795021627134106e-01,5.82694169742427803e+00,0.00000000000000000e+00,0.00000000000000000e+00,0.00000000000000000e+00,0.00000000000000000e+00,0.00000000000000000e+00,0.00000000000000000e+00,0.00000000000000000e+00,2.28927257629999055e-02,0.00000000000000000e+00,0.00000000000000000e+00,0.00000000000000000e+00,0.00000000000000000e+00,0.00000000000000000e+00,0.00000000000000000e+00,0.00000000000000000e+00,3.39537736220745856e+01,4.74795021536941253e-01,-1.27570861218718812e+00,3.29250531056569873e+00,1.71616655754805242e-10,1.42645746495567737e-10,1.89961665760628356e-10,6.24755198689162674e-12
-1.17083333333333339e+00,3.10108409884133962e-01,-7.51474998976822683e-01,4.76431855858834019e-01,5.79063677040791713e+00,0.00000000000000000e+00,0.00000000000000000e+00,0.00000000000000000e+00,0.00000000000000000e+00,0.00000000000000000e+00,0.00000000000000000e+00,0.00000000000000000e+00,2.27786155720991930e-02,0.00000000000000000e+00,0.00000000000000000e+00,0.00000000000000000e+00,0.00000000000000000e+00,0.00000000000000000e+00,0.00000000000000000e+00,0.00000000000000000e+00,3.35319930721276123e+01,4.76431855768723989e-01,-1.27493495406951962e+00,3.27313632967056156e+00,1.70782452773900847e-10,1.42181304445969074e-10,1.89135192068508904e-10,6.32287193593758871e-12
-1.16666666666666674e+00,3.11403223914597682e-01,-7.50198249909047599e-01,4.78069700052987656e-01,5.75455803999461413e+00,0.00000000000000000e+00,0.00000000000000000e+00,0.00000000000000000e+00,0.00000000000000000e+00,0.00000000000000000e+00,0.00000000000000000e+00,0.00000000000000000e+00,2.26655827571349520e-02,0.00000000000000000e+00,0.00000000000000000e+00,0.00000000000000000e+00,0.00000000000000000e+00,0.00000000000000000e+00,0.00000000000000000e+00,0.00000000000000000e+00,3.31154519643083773e+01,4.78069699963106609e-01,-1.27415806565124146e+00,3.25389818344704462e+00,1.69590493332448101e-10,1.41513987251976293e-10,1.88008248706163703e-10,6.38980576185296360e-12
-1.16250000000000009e+00,3.12703444258853713e-01,-7.48913955642565909e-01,4.79708506472572682e-01,5.71870409684582803e+00,0.00000000000000000e+00,0.00000000000000000e+00,0.00000000000000000e+00,0.00000000000000000e+00,0.00000000000000000e+00,0.00000000000000000e+00,0.00000000000000000e+00,2.25536242959591855e-02,0.00000000000000000e+00,0.00000000000000000e+00,0.00000000000000000e+00,0.00000000000000000e+00,0.00000000000000000e+00,0.00000000000000000e+00,0.00000000000000000e+00,3.27040852132501385e+01,4.79708506382725053e-01,-1.27337793344468775e+00,3.23479012356767770e+00,1.68907934924964500e-10,1.41120452712279205e-10,1.87296302110641753e-10,6.46959276349694255e-12
-1.15833333333333344e+00,3.14009093490204727e-01,-7.47622078425646208e-01,4.81348226907516830e-01,5.68307354039826151e+00,0.00000000000000000e+00,0.00000000000000000e+00,0.00000000000000000e+00,0.00000000000000000e+00,0.00000000000000000e+00,0.00000000000000000e+00,0.00000000000000000e+00,2.24427371979489219e-02,0.00000000000000000e+00,0.00000000000000000e+00,0.00000000000000000e+00,0.00000000000000000e+00,0.00000000000000000e+00,0.00000000000000000e+00,0.00000000000000000e+00,3.22978285420277658e+01,4.81348226817913283e-01,-1.27259454390587723e+00,3.21581140645358543e+00,1.67722459418106216e-10,1.40431217283452124e-10,1.86151193278282100e-10,6.53656198218275186e-12
-1.15416666666666656e+00,3.15320194276204779e-01,-7.46322580454802487e-01,4.82988812674327694e-01,5.64766497882027085e+00,0.00000000000000000e+00,0.00000000000000000e+00,0.00000000000000000e+00,0.00000000000000000e+00,0.00000000000000000e+00,0.00000000000000000e+00,0.00000000000000000e+00,2.23329185024558792e-02,0.00000000000000000e+00,0.00000000000000000e+00,0.00000000000000000e+00,0.00000000000000000e+00,0.00000000000000000e+00,0.00000000000000000e+00,0.00000000000000000e+00,3.18966184722418085e+01,4.82988812584778271e-01,-1.27180788343427720e+00,3.19696129323705458e+00,1.67018858110348099e-10,1.40009492002806683e-10,1.85406827443587617e-10,6.61647879623776630e-12
-1.14999999999999991e+00,3.16636769379053273e-01,-7.45015423875638683e-01,4.84630214613625487e-01,5.61247702894633171e+00,0.00000000000000000e+00,0.00000000000000000e+00,0.00000000000000000e+00,0.00000000000000000e+00,0.00000000000000000e+00,0.00000000000000000e+00,0.00000000000000000e+00,2.22241652786028393e-02,0.00000000000000000e+00,0.00000000000000000e+00,0.00000000000000000e+00,0.00000000000000000e+00,0.00000000000000000e+00,0.00000000000000000e+00,0.00000000000000000e+00,3.15003923139725721e+01,4.84630214524329750e-01,-1.27101793837256793e+00,3.17823904972384286e+00,1.65859812365019919e-10,1.39304486802583768e-10,1.84255407101695533e-10,6.68358164696162205e-12
-1.14583333333333326e+00,3.17958841655989810e-01,-7.43700570787522386e-01,4.86272383089840221e-01,5.57750831623353260e+00,0.00000000000000000e+00,0.00000000000000000e+00,0.00000000000000000e+00,0.00000000000000000e+00,0.00000000000000000e+00,0.00000000000000000e+00,0.00000000000000000e+00,2.21164746236945930e-02,0.00000000000000000e+00,0.00000000000000000e+00,0.00000000000000000e+00,0.00000000000000000e+00,0.00000000000000000e+00,0.00000000000000000e+00,0.00000000000000000e+00,3.11090881561039971e+01,4.86272383000634800e-01,-1.27022469500640600e+00,3.15964394635586920e+00,1.65107243780337430e-10,1.38831422319934727e-10,1.83447433879445123e-10,6.76230349293804687e-12
-1.14166666666666661e+00,3.19286434059691426e-01,-7.42377983244765338e-01,4.87915267988896950e-01,5.54275747469825397e+00,0.00000000000000000e+00,0.00000000000000000e+00,0.00000000000000000e+00,0.00000000000000000e+00,0.00000000000000000e+00,0.00000000000000000e+00,0.00000000000000000e+00,2.20098436629141796e-02,0.00000000000000000e+00,0.00000000000000000e+00,0.00000000000000000e+00,0.00000000000000000e+00,0.00000000000000000e+00,0.00000000000000000e+00,0.00000000000000000e+00,3.07226448565414323e+01,4.87915267899941829e-01,-1.26942813956418510e+00,3.14117525817366161e+00,1.64000399874045700e-10,1.38130722977730775e-10,1.82316740014886565e-10,6.83035384779296628e-12
-1.13749999999999996e+00,3.20619569638670665e-01,-7.41047623261083532e-01,4.89558818717809319e-01,5.50822314687124504e+00,0.00000000000000000e+00,0.00000000000000000e+00,0.00000000000000000e+00,0.00000000000000000e+00,0.00000000000000000e+00,0.00000000000000000e+00,0.00000000000000000e+00,2.19042695477982899e-02,0.00000000000000000e+00,0.00000000000000000e+00,0.00000000000000000e+00,0.00000000000000000e+00,0.00000000000000000e+00,0.00000000000000000e+00,0.00000000000000000e+00,3.03410020327525842e+01,4.89558818628991033e-01,-1.26862825821679759e+00,3.12283226477915932e+00,1.63167916641734141e-10,1.37593966163590465e-10,1.81425158079999245e-10,6.90718718453562113e-12
-1.13333333333333330e+00,3.21958271537675922e-01,-7.39709452811338153e-01,4.91202984202665338e-01,5.47390398373766640e+00,0.00000000000000000e+00,0.00000000000000000e+00,0.00000000000000000e+00,0.00000000000000000e+00,0.00000000000000000e+00,0.00000000000000000e+00,0.00000000000000000e+00,2.17997494557417501e-02,0.00000000000000000e+00,0.00000000000000000e+00,0.00000000000000000e+00,0.00000000000000000e+00,0.00000000000000000e+00,0.00000000000000000e+00,0.00000000000000000e+00,2.99641000522554286e+01,4.91202984114078089e-01,-1.26782503707739447e+00,3.10461425029830806e+00,1.62141284419998772e-10,1.36922417781134567e-10,1.80347537602141625e-10,6.97779924572601027e-12
-1.12916666666666665e+00,3.23302562998093235e-01,-7.38363433835530047e-01,4.92847712887967082e-01,5.43979864468947572e+00,0.00000000000000000e+00,0.00000000000000000e+00,0.00000000000000000e+00,0.00000000000000000e+00,0.00000000000000000e+00,0.00000000000000000e+00,0.00000000000000000e+00,2.16962805886370194e-02,0.00000000000000000e+00,0.00000000000000000e+00,0.00000000000000000e+00,0.00000000000000000e+00,0.00000000000000000e+00,0.00000000000000000e+00,0.00000000000000000e+00,2.95918800233568362e+01,4.92847712799582616e-01,-1.26701846220114400e+00,3.08652050334392758e+00,1.61188829083819637e-10,1.36293940254578794e-10,1.79334232698959064e-10,7.05089909871428957e-12
-1.12500000000000000e+00,3.24652467358349739e-01,-7.37009528241380218e-01,4.94492952735099245e-01,5.40590579747019362e+00,0.00000000000000000e+00,0.00000000000000000e+00,0.00000000000000000e+00,0.00000000000000000e+00,0.00000000000000000e+00,0.00000000000000000e+00,0.00000000000000000e+00,2.15938601720688968e-02,0.00000000000000000e+00,0.00000000000000000e+00,0.00000000000000000e+00,0.00000000000000000e+00,0.00000000000000000e+00,0.00000000000000000e+00,0.00000000000000000e+00,2.92242837859189812e+01,4.94492952646908457e-01,-1.26620851958499014e+00,3.06855031697849157e+00,1.60279028828941831e-10,1.35678483935080094e-10,1.78345894584824685e-10,7.12523513187760255e-12
-1.12083333333333335e+00,3.26008008054318954e-01,-7.35647697907557796e-01,4.96138651221204929e-01,5.37222411812310874e+00,0.00000000000000000e+00,0.00000000000000000e+00,0.00000000000000000e+00,0.00000000000000000e+00,0.00000000000000000e+00,0.00000000000000000e+00,0.00000000000000000e+00,2.14924854542501188e-02,0.00000000000000000e+00,0.00000000000000000e+00,0.00000000000000000e+00,0.00000000000000000e+00,0.00000000000000000e+00,0.00000000000000000e+00,0.00000000000000000e+00,2.88612539022746155e+01,4.96138651133307518e-01,-1.26539519516740873e+00,3.05070298867702316e+00,1.59161674411968638e-10,1.34922315504086873e-10,1.77162999437086544e-10,7.19262391287993797e-12
-1.11666666666666670e+00,3.27369208619727625e-01,-7.34277904687433036e-01,4.97784755338378182e-01,5.33875229094235770e+00,0.00000000000000000e+00,0.00000000000000000e+00,0.00000000000000000e+00,0.00000000000000000e+00,0.00000000000000000e+00,0.00000000000000000e+00,0.00000000000000000e+00,2.13921537047544914e-02,0.00000000000000000e+00,0.00000000000000000e+00,0.00000000000000000e+00,0.00000000000000000e+00,0.00000000000000000e+00,0.00000000000000000e+00,0.00000000000000000e+00,2.85027336482824012e+01,4.97784755250614885e-01,-1.26457847482816343e+00,3.03297782029008145e+00,1.58410031887560013e-10,1.34395966125131728e-10,1.76307722774448934e-10,7.27249767697861626e-12
-1.11250000000000004e+00,3.28736092686564119e-01,-7.32900110411251804e-01,4.99431211591861324e-01,5.30548900841561366e+00,0.00000000000000000e+00,0.00000000000000000e+00,0.00000000000000000e+00,0.00000000000000000e+00,0.00000000000000000e+00,0.00000000000000000e+00,0.00000000000000000e+00,2.12928622138838265e-02,0.00000000000000000e+00,0.00000000000000000e+00,0.00000000000000000e+00,0.00000000000000000e+00,0.00000000000000000e+00,0.00000000000000000e+00,0.00000000000000000e+00,2.81486670044001528e+01,4.99431211504443251e-01,-1.26375834438806156e+00,3.01537411800664135e+00,1.57218748231821013e-10,1.33567555263602248e-10,1.75035261647413891e-10,7.33655950071248857e-12
-1.10833333333333339e+00,3.30108683985488927e-01,-7.31514276891080617e-01,5.01077966000013975e-01,5.27243297118137022e+00,0.00000000000000000e+00,0.00000000000000000e+00,0.00000000000000000e+00,0.00000000000000000e+00,0.00000000000000000e+00,0.00000000000000000e+00,0.00000000000000000e+00,2.11946082909075934e-02,0.00000000000000000e+00,0.00000000000000000e+00,0.00000000000000000e+00,0.00000000000000000e+00,0.00000000000000000e+00,0.00000000000000000e+00,0.00000000000000000e+00,2.77989986470210155e+01,5.01077965912712364e-01,-1.26293478960870664e+00,2.99789119231729861e+00,1.56529001597240933e-10,1.33070655959617562e-10,1.74227597947282046e-10,7.41921643232899584e-12
-1.10416666666666674e+00,3.31487006346246671e-01,-7.30120365922334202e-01,5.02724964092056803e-01,5.23958288796841121e+00,0.00000000000000000e+00,0.00000000000000000e+00,0.00000000000000000e+00,0.00000000000000000e+00,0.00000000000000000e+00,0.00000000000000000e+00,0.00000000000000000e+00,2.10973892637168446e-02,0.00000000000000000e+00,0.00000000000000000e+00,0.00000000000000000e+00,0.00000000000000000e+00,0.00000000000000000e+00,0.00000000000000000e+00,0.00000000000000000e+00,2.74536739397251388e+01,5.02724964005110908e-01,-1.26210779619225200e+00,2.98052835797716353e+00,1.55354066157188841e-10,1.32230116887861271e-10,1.72949229008862434e-10,7.48291290499323470e-12
-1.10000000000000009e+00,3.32871083698079551e-01,-7.28718339289220474e-01,5.04372150908403261e-01,5.20693747555555397e+00,0.00000000000000000e+00,0.00000000000000000e+00,0.00000000000000000e+00,0.00000000000000000e+00,0.00000000000000000e+00,0.00000000000000000e+00,0.00000000000000000e+00,2.10012024768351270e-02,0.00000000000000000e+00,0.00000000000000000e+00,0.00000000000000000e+00,0.00000000000000000e+00,0.00000000000000000e+00,0.00000000000000000e+00,0.00000000000000000e+00,2.71126389248503159e+01,5.04372150821601473e-01,-1.26127734978115225e+00,2.96328493396921067e+00,1.54629817536438703e-10,1.31697462736858477e-10,1.72098693074546571e-10,7.56458853588157806e-12
-1.09583333333333344e+00,3.34260940070143009e-01,-7.27308158766354240e-01,5.06019470998411158e-01,5.17449545871173022e+00,0.00000000000000000e+00,0.00000000000000000e+00,0.00000000000000000e+00,0.00000000000000000e+00,0.00000000000000000e+00,0.00000000000000000e+00,0.00000000000000000e+00,2.09060452910645005e-02,0.00000000000000000e+00,0.00000000000000000e+00,0.00000000000000000e+00,0.00000000000000000e+00,0.00000000000000000e+00,0.00000000000000000e+00,0.00000000000000000e+00,2.67758403149580317e+01,5.06019470911964309e-01,-1.26044343595791419e+00,2.94616024346724537e+00,1.53492714905485517e-10,1.30860857900893131e-10,1.70837002621313753e-10,7.62883877484324577e-12
-1.09166666666666656e+00,3.35656599591922955e-01,-7.25889786124108372e-01,5.07666868420693640e-01,5.14225557015512980e+00,0.00000000000000000e+00,0.00000000000000000e+00,0.00000000000000000e+00,0.00000000000000000e+00,0.00000000000000000e+00,0.00000000000000000e+00,0.00000000000000000e+00,2.08119150815128037e-02,0.00000000000000000e+00,0.00000000000000000e+00,0.00000000000000000e+00,0.00000000000000000e+00,0.00000000000000000e+00,0.00000000000000000e+00,0.00000000000000000e+00,2.64432254846008199e+01,5.07666868334434196e-01,-1.25960604024484613e+00,2.92915361379933969e+00,1.52706136095321012e-10,1.30270004314488390e-10,1.69913479512792303e-10,7.70795113326889558e-12
-1.08749999999999991e+00,3.37058086493654319e-01,-7.24463183130702904e-01,5.09314286741146427e-01,5.11021655049584300e+00,0.00000000000000000e+00,0.00000000000000000e+00,0.00000000000000000e+00,0.00000000000000000e+00,0.00000000000000000e+00,0.00000000000000000e+00,0.00000000000000000e+00,2.07188092370614134e-02,0.00000000000000000e+00,0.00000000000000000e+00,0.00000000000000000e+00,0.00000000000000000e+00,0.00000000000000000e+00,0.00000000000000000e+00,0.00000000000000000e+00,2.61147424620178334e+01,5.09314286655227266e-01,-1.25876514810380735e+00,2.91226437641092195e+00,1.51633736730620261e-10,1.29458662277448735e-10,1.68695760017390598e-10,7.77436424623448648e-12
-1.08333333333333326e+00,3.38465425106742213e-01,-7.23028311557200931e-01,5.10961669033046739e-01,5.07837714819312414e+00,0.00000000000000000e+00,0.00000000000000000e+00,0.00000000000000000e+00,0.00000000000000000e+00,0.00000000000000000e+00,0.00000000000000000e+00,0.00000000000000000e+00,2.06267251585292126e-02,0.00000000000000000e+00,0.00000000000000000e+00,0.00000000000000000e+00,0.00000000000000000e+00,0.00000000000000000e+00,0.00000000000000000e+00,0.00000000000000000e+00,2.57903399210808928e+01,5.10961668947378267e-01,-1.25792074493595463e+00,2.89549186682824189e+00,1.50747547898308383e-10,1.28780322366464262e-10,1.67661250388003106e-10,7.84859040902872446e-12
-1.07916666666666661e+00,3.39878639864184040e-01,-7.21585133180320804e-01,5.12608957875555604e-01,5.04673611950174905e+00,0.00000000000000000e+00,0.00000000000000000e+00,0.00000000000000000e+00,0.00000000000000000e+00,0.00000000000000000e+00,0.00000000000000000e+00,0.00000000000000000e+00,2.05356602578385915e-02,0.00000000000000000e+00,0.00000000000000000e+00,0.00000000000000000e+00,0.00000000000000000e+00,0.00000000000000000e+00,0.00000000000000000e+00,0.00000000000000000e+00,2.54699671732257968e+01,5.12608957790193887e-01,-1.25707281608148946e+00,2.87883542462161302e+00,1.49773507254200517e-10,1.28021465327218433e-10,1.66524046053233758e-10,7.91824064126223185e-12
-1.07499999999999996e+00,3.41297755300993710e-01,-7.20133609786808293e-01,5.14256095353382792e-01,5.01529222842613631e+00,0.00000000000000000e+00,0.00000000000000000e+00,0.00000000000000000e+00,0.00000000000000000e+00,0.00000000000000000e+00,0.00000000000000000e+00,0.00000000000000000e+00,2.04456119564529193e-02,0.00000000000000000e+00,0.00000000000000000e+00,0.00000000000000000e+00,0.00000000000000000e+00,0.00000000000000000e+00,0.00000000000000000e+00,0.00000000000000000e+00,2.51535741595598736e+01,5.14256095268360358e-01,-1.25622134681940367e+00,2.86229439336888358e+00,1.48747015886058959e-10,1.27218932302931356e-10,1.65330920372777887e-10,7.98552238746811503e-12
-1.07083333333333330e+00,3.42722796054627576e-01,-7.18673703177261314e-01,5.15903023056019983e-01,4.98404424667177715e+00,0.00000000000000000e+00,0.00000000000000000e+00,0.00000000000000000e+00,0.00000000000000000e+00,0.00000000000000000e+00,0.00000000000000000e+00,0.00000000000000000e+00,2.03565776840832595e-02,0.00000000000000000e+00,0.00000000000000000e+00,0.00000000000000000e+00,0.00000000000000000e+00,0.00000000000000000e+00,0.00000000000000000e+00,0.00000000000000000e+00,2.48411114430370539e+01,5.15903022971248237e-01,-1.25536632236722356e+00,2.84586812061886185e+00,1.47908699479258070e-10,1.26546391187811884e-10,1.64317209639209679e-10,8.06086501924847761e-12
-1.06666666666666665e+00,3.44153786865412370e-01,-7.17205375169579828e-01,5.17549682076700934e-01,4.95299095359479047e+00,0.00000000000000000e+00,0.00000000000000000e+00,0.00000000000000000e+00,0.00000000000000000e+00,0.00000000000000000e+00,0.00000000000000000e+00,0.00000000000000000e+00,2.02685548775663436e-02,0.00000000000000000e+00,0.00000000000000000e+00,0.00000000000000000e+00,0.00000000000000000e+00,0.00000000000000000e+00,0.00000000000000000e+00,0.00000000000000000e+00,2.45325302007086563e+01,5.17549681992374833e-01,-1.25450772788075260e+00,2.82955595785473291e+00,1.46715562441594140e-10,1.25593533946127265e-10,1.62933346480592484e-10,8.11879646653574280e-12
-1.06250000000000000e+00,3.45590752576974525e-01,-7.15728587604074540e-01,5.19196013012635516e-01,4.92213113615969888e+00,0.00000000000000000e+00,0.00000000000000000e+00,0.00000000000000000e+00,0.00000000000000000e+00,0.00000000000000000e+00,0.00000000000000000e+00,0.00000000000000000e+00,2.01815409789465224e-02,0.00000000000000000e+00,0.00000000000000000e+00,0.00000000000000000e+00,0.00000000000000000e+00,0.00000000000000000e+00,0.00000000000000000e+00,0.00000000000000000e+00,2.42277822161490555e+01,5.19196012928489381e-01,-1.25364554845381515e+00,2.81335726045772327e+00,1.46033857634819460e-10,1.25029564274931791e-10,1.62070070665743072e-10,8.20156108117312800e-12
-1.05833333333333335e+00,3.47033718136671443e-01,-7.14243302345876963e-01,5.20841955963111447e-01,4.89146358888388821e+00,0.00000000000000000e+00,0.00000000000000000e+00,0.00000000000000000e+00,0.00000000000000000e+00,0.00000000000000000e+00,0.00000000000000000e+00,0.00000000000000000e+00,2.00955334348866359e-02,0.00000000000000000e+00,0.00000000000000000e+00,0.00000000000000000e+00,0.00000000000000000e+00,0.00000000000000000e+00,0.00000000000000000e+00,0.00000000000000000e+00,2.39268198718408804e+01,5.20841955879426277e-01,-1.25277976911799716e+00,2.79727138767042938e+00,1.44847931001128117e-10,1.24058281512888549e-10,1.60672866231692139e-10,8.25767979756097466e-12
-1.05416666666666670e+00,3.48482708596024759e-01,-7.12749481291010234e-01,5.22487450530536912e-01,4.86098711380010240e+00,0.00000000000000000e+00,0.00000000000000000e+00,0.00000000000000000e+00,0.00000000000000000e+00,0.00000000000000000e+00,0.00000000000000000e+00,0.00000000000000000e+00,2.00105296942489526e-02,0.00000000000000000e+00,0.00000000000000000e+00,0.00000000000000000e+00,0.00000000000000000e+00,0.00000000000000000e+00,0.00000000000000000e+00,0.00000000000000000e+00,2.36295961418292926e+01,5.22487450447055579e-01,-1.25191037484238521e+00,2.78129770256068731e+00,1.44144461960122821e-10,1.23465077824920454e-10,1.59776723605739624e-10,8.33925562111781485e-12
-1.05000000000000004e+00,3.49937749111155327e-01,-7.11247086368612669e-01,5.24132435818322362e-01,4.83070052040000242e+00,0.00000000000000000e+00,0.00000000000000000e+00,0.00000000000000000e+00,0.00000000000000000e+00,0.00000000000000000e+00,0.00000000000000000e+00,0.00000000000000000e+00,1.99265272076377779e-02,0.00000000000000000e+00,0.00000000000000000e+00,0.00000000000000000e+00,0.00000000000000000e+00,0.00000000000000000e+00,0.00000000000000000e+00,0.00000000000000000e+00,2.33360645842794092e+01,5.24132435735307212e-01,-1.25103735053330678e+00,2.76543557198491552e+00,1.42984150531201675e-10,1.22491051114668482e-10,1.58385828942344398e-10,8.39501182778380530e-12
-1.04583333333333339e+00,3.51398864943219702e-01,-7.09736079547028442e-01,5.25776850432006504e-01,4.80060262559677042e+00,0.00000000000000000e+00,0.00000000000000000e+00,0.00000000000000000e+00,0.00000000000000000e+00,0.00000000000000000e+00,0.00000000000000000e+00,0.00000000000000000e+00,1.98435234249343256e-02,0.00000000000000000e+00,0.00000000000000000e+00,0.00000000000000000e+00,0.00000000000000000e+00,0.00000000000000000e+00,0.00000000000000000e+00,0.00000000000000000e+00,2.30461793343085226e+01,5.25776850349234492e-01,-1.25016068103406819e+00,2.74968436655206450e+00,1.42233695359421146e-10,1.21846957255986827e-10,1.57428025619869851e-10,8.47325857988541328e-12
-1.04166666666666674e+00,3.52866081458848901e-01,-7.08216422836417947e-01,5.27420632477379914e-01,4.77069225367055161e+00,0.00000000000000000e+00,0.00000000000000000e+00,0.00000000000000000e+00,0.00000000000000000e+00,0.00000000000000000e+00,0.00000000000000000e+00,0.00000000000000000e+00,1.97615157946824868e-02,0.00000000000000000e+00,0.00000000000000000e+00,0.00000000000000000e+00,0.00000000000000000e+00,0.00000000000000000e+00,0.00000000000000000e+00,0.00000000000000000e+00,2.27598950967387097e+01,5.27420632395064759e-01,-1.24928035112469060e+00,2.73404346058706071e+00,1.41124552731688108e-10,1.20891905894073536e-10,1.56071169075581980e-10,8.52984703765251259e-12
-1.03750000000000009e+00,3.54339424130588665e-01,-7.06688078294598121e-01,5.29063719561459922e-01,4.74096823622985486e+00,0.00000000000000000e+00,0.00000000000000000e+00,0.00000000000000000e+00,0.00000000000000000e+00,0.00000000000000000e+00,0.00000000000000000e+00,0.00000000000000000e+00,1.96805017617224208e-02,0.00000000000000000e+00,0.00000000000000000e+00,0.00000000000000000e+00,0.00000000000000000e+00,0.00000000000000000e+00,0.00000000000000000e+00,0.00000000000000000e+00,2.24771671390900138e+01,5.29063719479446970e-01,-1.24839634552164691e+00,2.71851223209478299e+00,1.40293449809459724e-10,1.20167063028018082e-10,1.55015263692379470e-10,8.60259204064311383e-12
-1.03333333333333344e+00,3.55818918537341877e-01,-7.05151008030243664e-01,5.30706048791062202e-01,4.71142941215987676e+00,0.00000000000000000e+00,0.00000000000000000e+00,0.00000000000000000e+00,0.00000000000000000e+00,0.00000000000000000e+00,0.00000000000000000e+00,0.00000000000000000e+00,1.96004787662950146e-02,0.00000000000000000e+00,0.00000000000000000e+00,0.00000000000000000e+00,0.00000000000000000e+00,0.00000000000000000e+00,0.00000000000000000e+00,0.00000000000000000e+00,2.21979512845330298e+01,5.30706048709477463e-01,-1.24750864887759483e+00,2.70309006272364272e+00,1.39264345176382863e-10,1.19259856574961306e-10,1.53728677415623879e-10,8.66213609619296692e-12
-1.02916666666666656e+00,3.57304590364812602e-01,-7.03605174208255857e-01,5.32347556773394959e-01,4.68207462758159654e+00,0.00000000000000000e+00,0.00000000000000000e+00,0.00000000000000000e+00,0.00000000000000000e+00,0.00000000000000000e+00,0.00000000000000000e+00,0.00000000000000000e+00,1.95214442419121663e-02,0.00000000000000000e+00,0.00000000000000000e+00,0.00000000000000000e+00,0.00000000000000000e+00,0.00000000000000000e+00,0.00000000000000000e+00,0.00000000000000000e+00,2.19222039050286348e+01,5.32347556692196688e-01,-1.24661724578111244e+00,2.68777633772955182e+00,1.38315506154358285e-10,1.18417867696230716e-10,1.52528680387381660e-10,8.72620646772236179e-12
-1.02499999999999991e+00,3.58796465405951615e-01,-7.02050539053786005e-01,5.33988179615344616e-01,4.65290273580415281e+00,0.00000000000000000e+00,0.00000000000000000e+00,0.00000000000000000e+00,0.00000000000000000e+00,0.00000000000000000e+00,0.00000000000000000e+00,0.00000000000000000e+00,1.94433956140215095e-02,0.00000000000000000e+00,0.00000000000000000e+00,0.00000000000000000e+00,0.00000000000000000e+00,0.00000000000000000e+00,0.00000000000000000e+00,0.00000000000000000e+00,2.16498819144867731e+01,5.33988179534522822e-01,-1.24572212075642907e+00,2.67257044593969129e+00,1.37401499706488167e-10,1.17592477571485443e-10,1.51355023949237094e-10,8.79134178589458521e-12
-1.02083333333333326e+00,3.60294569561404876e-01,-7.00487064856886499e-01,5.35627852923396430e-01,4.62391259728036896e+00,0.00000000000000000e+00,0.00000000000000000e+00,0.00000000000000000e+00,0.00000000000000000e+00,0.00000000000000000e+00,0.00000000000000000e+00,0.00000000000000000e+00,1.93663302982873403e-02,0.00000000000000000e+00,0.00000000000000000e+00,0.00000000000000000e+00,0.00000000000000000e+00,0.00000000000000000e+00,0.00000000000000000e+00,0.00000000000000000e+00,2.13809427620373107e+01,5.35627852843077013e-01,-1.24482325826315710e+00,2.65747177971640580e+00,1.36288084515444345e-10,1.16587668678840225e-10,1.49953773608082941e-10,8.84260024710421238e-12
-1.01666666666666661e+00,3.61798928839962619e-01,-6.98914713977609847e-01,5.37266511803968339e-01,4.59510307956451580e+00,0.00000000000000000e+00,0.00000000000000000e+00,0.00000000000000000e+00,0.00000000000000000e+00,0.00000000000000000e+00,0.00000000000000000e+00,0.00000000000000000e+00,1.92902456986191601e-02,0.00000000000000000e+00,0.00000000000000000e+00,0.00000000000000000e+00,0.00000000000000000e+00,0.00000000000000000e+00,0.00000000000000000e+00,0.00000000000000000e+00,2.11153444254024123e+01,5.37266511723945905e-01,-1.24392064269602232e+00,2.64247973492122012e+00,1.35531923210046259e-10,1.15884917104801954e-10,1.48943645989690153e-10,8.91638286433204557e-12
-1.01249999999999996e+00,3.63309569359011264e-01,-6.97333448849737025e-01,5.38904090862359242e-01,4.56647305726313135e+00,0.00000000000000000e+00,0.00000000000000000e+00,0.00000000000000000e+00,0.00000000000000000e+00,0.00000000000000000e+00,0.00000000000000000e+00,0.00000000000000000e+00,1.92151392060370130e-02,0.00000000000000000e+00,0.00000000000000000e+00,0.00000000000000000e+00,0.00000000000000000e+00,0.00000000000000000e+00,0.00000000000000000e+00,0.00000000000000000e+00,2.08530454042847992e+01,5.38904090782907796e-01,-1.24301425838459334e+00,2.62759371087862137e+00,1.34340260601786503e-10,1.14785146924477333e-10,1.47431512919742558e-10,8.95942148409755235e-12
-1.00833333333333330e+00,3.64826517344986667e-01,-6.95743231986917010e-01,5.40540524204206174e-01,4.53802141199814724e+00,0.00000000000000000e+00,0.00000000000000000e+00,0.00000000000000000e+00,0.00000000000000000e+00,0.00000000000000000e+00,0.00000000000000000e+00,0.00000000000000000e+00,1.91410081960273204e-02,0.00000000000000000e+00,0.00000000000000000e+00,0.00000000000000000e+00,0.00000000000000000e+00,0.00000000000000000e+00,0.00000000000000000e+00,0.00000000000000000e+00,2.05940047139484150e+01,5.40540524125024180e-01,-1.24210408959300800e+00,2.61281311034033736e+00,1.33649904501255471e-10,1.14129353877038917e-10,1.46486693893780078e-10,9.03674547218757749e-12
-1.00416666666666665e+00,3.66349799133829479e-01,-6.94144025985863444e-01,5.42175745433767453e-01,4.50974703235482988e+00,0.00000000000000000e+00,0.00000000000000000e+00,0.00000000000000000e+00,0.00000000000000000e+00,0.00000000000000000e+00,0.00000000000000000e+00,0.00000000000000000e+00,1.90678500277986704e-02,0.00000000000000000e+00,0.00000000000000000e+00,0.00000000000000000e+00,0.00000000000000000e+00,0.00000000000000000e+00,0.00000000000000000e+00,0.00000000000000000e+00,2.03381818787378776e+01,5.42175745355168659e-01,-1.24119012051970223e+00,2.59813733944904568e+00,1.32473390999214213e-10,1.13017651007264192e-10,1.44969218584947484e-10,9.07741420362680348e-12
-1.00000000000000000e+00,3.67879441171442334e-01,-6.92535793532895405e-01,5.43809687655918528e-01,4.48164881384714864e+00,0.00000000000000000e+00,0.00000000000000000e+00,0.00000000000000000e+00,0.00000000000000000e+00,0.00000000000000000e+00,0.00000000000000000e+00,0.00000000000000000e+00,1.89956620413252314e-02,0.00000000000000000e+00,0.00000000000000000e+00,0.00000000000000000e+00,0.00000000000000000e+00,0.00000000000000000e+00,0.00000000000000000e+00,0.00000000000000000e+00,2.00855369258339422e+01,5.43809687577623824e-01,-1.24027233529713454e+00,2.58356580770282296e+00,1.31750240031490527e-10,1.12318351937267680e-10,1.43974456214941184e-10,9.15082362411312026e-12
-9.95833333333333348e-01,3.69415470014148983e-01,-6.90918497407266186e-01,5.45442283474443346e-01,4.45372565886617000e+00,0.00000000000000000e+00,0.00000000000000000e+00,0.00000000000000000e+00,0.00000000000000000e+00,0.00000000000000000e+00,0.00000000000000000e+00,0.00000000000000000e+00,1.89244415565844974e-02,0.00000000000000000e+00,0.00000000000000000e+00,0.00000000000000000e+00,0.00000000000000000e+00,0.00000000000000000e+00,0.00000000000000000e+00,0.00000000000000000e+00,1.98360303789311274e+01,5.45442283396728178e-01,-1.23935071799151064e+00,2.56909792791891345e+00,1.30611460478595191e-10,1.11219073238259597e-10,1.42481010365719797e-10,9.19106762156349529e-12
-9.91666666666666696e-01,3.70957912329155481e-01,-6.89292100487571502e-01,5.47073464993995340e-01,4.42597647664494254e+00,0.00000000000000000e+00,0.00000000000000000e+00,0.00000000000000000e+00,0.00000000000000000e+00,0.00000000000000000e+00,0.00000000000000000e+00,0.00000000000000000e+00,1.88541858706321799e-02,0.00000000000000000e+00,0.00000000000000000e+00,0.00000000000000000e+00,0.00000000000000000e+00,0.00000000000000000e+00,0.00000000000000000e+00,0.00000000000000000e+00,1.95896232521392264e+01,5.47073464916637442e-01,-1.23842525260250658e+00,2.55473311619823562e+00,1.29825437214769383e-10,1.10449718425232172e-10,1.41403125587556068e-10,9.25811092662176004e-12
-9.87500000000000044e-01,3.72506794895012927e-01,-6.87656565755534244e-01,5.48703163818793804e-01,4.39840018320906889e+00,0.00000000000000000e+00,0.00000000000000000e+00,0.00000000000000000e+00,0.00000000000000000e+00,0.00000000000000000e+00,0.00000000000000000e+00,0.00000000000000000e+00,1.87848922565896879e-02,0.00000000000000000e+00,0.00000000000000000e+00,0.00000000000000000e+00,0.00000000000000000e+00,0.00000000000000000e+00,0.00000000000000000e+00,0.00000000000000000e+00,1.93462770438306642e+01,5.48703163741990130e-01,-1.23749592306299228e+00,2.54047079188928526e+00,1.28750696308905723e-10,1.09395489366415930e-10,1.39973084914539137e-10,9.30056367995553667e-12
-9.83333333333333282e-01,3.74062144602082647e-01,-6.86011856302083611e-01,5.50331311054273464e-01,4.37099570134000182e+00,0.00000000000000000e+00,0.00000000000000000e+00,0.00000000000000000e+00,0.00000000000000000e+00,0.00000000000000000e+00,0.00000000000000000e+00,0.00000000000000000e+00,1.87165579609078203e-02,0.00000000000000000e+00,0.00000000000000000e+00,0.00000000000000000e+00,0.00000000000000000e+00,0.00000000000000000e+00,0.00000000000000000e+00,0.00000000000000000e+00,1.91059537306746776e+01,5.50331310977902888e-01,-1.23656271323875044e+00,2.52631037755265719e+00,1.27867692663689740e-10,1.08523320920926136e-10,1.38771999713630764e-10,9.35780272872850806e-12
-9.79166666666666630e-01,3.75623988453002711e-01,-6.84357935331754819e-01,5.51957837306463306e-01,4.34376196052878871e+00,0.00000000000000000e+00,0.00000000000000000e+00,0.00000000000000000e+00,0.00000000000000000e+00,0.00000000000000000e+00,0.00000000000000000e+00,0.00000000000000000e+00,1.86491802019496701e-02,0.00000000000000000e+00,0.00000000000000000e+00,0.00000000000000000e+00,0.00000000000000000e+00,0.00000000000000000e+00,0.00000000000000000e+00,0.00000000000000000e+00,1.88686157616591110e+01,5.51957837230598103e-01,-1.23562560692819834e+00,2.51225129892514731e+00,1.26889384435804417e-10,1.07549203797987695e-10,1.37447460460504509e-10,9.40555675236595496e-12
-9.74999999999999978e-01,3.77192353563156946e-01,-6.82694766168271294e-01,5.53582672683026189e-01,4.31669789693668893e+00,0.00000000000000000e+00,0.00000000000000000e+00,0.00000000000000000e+00,0.00000000000000000e+00,0.00000000000000000e+00,0.00000000000000000e+00,0.00000000000000000e+00,1.85827561676117498e-02,0.00000000000000000e+00,0.00000000000000000e+00,0.00000000000000000e+00,0.00000000000000000e+00,0.00000000000000000e+00,0.00000000000000000e+00,0.00000000000000000e+00,1.86342260522444185e+01,5.53582672607699999e-01,-1.23468458786210578e+00,2.49829298488422236e+00,1.25866234103250608e-10,1.06531800589284397e-10,1.36070353097093935e-10,9.44876436407041442e-12
-9.70833333333333326e-01,3.78767267161145726e-01,-6.81022312259719986e-01,5.55205746793651866e-01,4.28980245335325527e+00,0.00000000000000000e+00,0.00000000000000000e+00,0.00000000000000000e+00,0.00000000000000000e+00,0.00000000000000000e+00,0.00000000000000000e+00,0.00000000000000000e+00,1.85172830133139218e-02,0.00000000000000000e+00,0.00000000000000000e+00,0.00000000000000000e+00,0.00000000000000000e+00,0.00000000000000000e+00,0.00000000000000000e+00,0.00000000000000000e+00,1.84027479785658024e+01,5.55205746718755777e-01,-1.23373963970331246e+00,2.48443486741239905e+00,1.25022368666190426e-10,1.05675460782765182e-10,1.34897900054269740e-10,9.50540019449025857e-12
-9.66666666666666674e-01,3.80348756589258541e-01,-6.79340537183479976e-01,5.56826988750129703e-01,4.26307457915304333e+00,0.00000000000000000e+00,0.00000000000000000e+00,0.00000000000000000e+00,0.00000000000000000e+00,0.00000000000000000e+00,0.00000000000000000e+00,0.00000000000000000e+00,1.84527578601773913e-02,0.00000000000000000e+00,0.00000000000000000e+00,0.00000000000000000e+00,0.00000000000000000e+00,0.00000000000000000e+00,0.00000000000000000e+00,0.00000000000000000e+00,1.81741453716935446e+01,5.56826988675914403e-01,-1.23279074604644490e+00,2.47067638156159441e+00,1.23828889758326873e-10,1.04456196143135820e-10,1.33282513385711089e-10,9.52847908795119763e-12
-9.62500000000000022e-01,3.81936849303948889e-01,-6.77649404652280185e-01,5.58446327168143020e-01,4.23651323025917748e+00,0.00000000000000000e+00,0.00000000000000000e+00,0.00000000000000000e+00,0.00000000000000000e+00,0.00000000000000000e+00,0.00000000000000000e+00,0.00000000000000000e+00,1.83891777922215796e-02,0.00000000000000000e+00,0.00000000000000000e+00,0.00000000000000000e+00,0.00000000000000000e+00,0.00000000000000000e+00,0.00000000000000000e+00,0.00000000000000000e+00,1.79483825120209239e+01,5.58446327094267558e-01,-1.23183789041763059e+00,2.45701696541786863e+00,1.23146569570105712e-10,1.03737400855740658e-10,1.32287487122132306e-10,9.59631847254542188e-12
-9.58333333333333370e-01,3.83531572876310678e-01,-6.75948878518473628e-01,5.60063690166130557e-01,4.21011736909558731e+00,0.00000000000000000e+00,0.00000000000000000e+00,0.00000000000000000e+00,0.00000000000000000e+00,0.00000000000000000e+00,0.00000000000000000e+00,0.00000000000000000e+00,1.83265398552136388e-02,0.00000000000000000e+00,0.00000000000000000e+00,0.00000000000000000e+00,0.00000000000000000e+00,0.00000000000000000e+00,0.00000000000000000e+00,0.00000000000000000e+00,1.77254241236234158e+01,5.60063690092954869e-01,-1.23088105627421363e+00,2.44345606006561145e+00,1.21958886175676025e-10,1.02498208314542958e-10,1.30656011139230700e-10,9.61491532847154709e-12
-9.54166666666666718e-01,3.85132954992557064e-01,-6.74238922780689531e-01,5.61679005368209472e-01,4.18388596455474548e+00,0.00000000000000000e+00,0.00000000000000000e+00,0.00000000000000000e+00,0.00000000000000000e+00,0.00000000000000000e+00,0.00000000000000000e+00,0.00000000000000000e+00,1.82648410532364990e-02,0.00000000000000000e+00,0.00000000000000000e+00,0.00000000000000000e+00,0.00000000000000000e+00,0.00000000000000000e+00,0.00000000000000000e+00,0.00000000000000000e+00,1.75052353688168907e+01,5.61679005295401379e-01,-1.22992022700446579e+00,2.42999310955260439e+00,1.21255602840298338e-10,1.01747036548286723e-10,1.29625804421368289e-10,9.67843054460880785e-12
-9.49999999999999956e-01,3.86741023454501232e-01,-6.72519501588067503e-01,5.63292199902739932e-01,4.15781799194905854e+00,0.00000000000000000e+00,0.00000000000000000e+00,0.00000000000000000e+00,0.00000000000000000e+00,0.00000000000000000e+00,0.00000000000000000e+00,0.00000000000000000e+00,1.82040783476911036e-02,0.00000000000000000e+00,0.00000000000000000e+00,0.00000000000000000e+00,0.00000000000000000e+00,0.00000000000000000e+00,0.00000000000000000e+00,0.00000000000000000e+00,1.72877818426437884e+01,5.63292199830634277e-01,-1.22895538592729925e+00,2.41662756085423025e+00,1.20093841711236008e-10,1.00511559486285794e-10,1.28007550614068747e-10,9.69468509693615952e-12
-9.45833333333333304e-01,3.88355806180038676e-01,-6.70790579246840157e-01,5.64903200405357797e-01,4.13191243297872912e+00,0.00000000000000000e+00,0.00000000000000000e+00,0.00000000000000000e+00,0.00000000000000000e+00,0.00000000000000000e+00,0.00000000000000000e+00,0.00000000000000000e+00,1.81442486538210095e-02,0.00000000000000000e+00,0.00000000000000000e+00,0.00000000000000000e+00,0.00000000000000000e+00,0.00000000000000000e+00,0.00000000000000000e+00,0.00000000000000000e+00,1.70730295675634132e+01,5.64903200333666811e-01,-1.22798651629197675e+00,2.40335886383865871e+00,1.19343754819431411e-10,9.96999784181041557e-11,1.26908444558797712e-10,9.75051538718141036e-12
-9.41666666666666652e-01,3.89977331203632316e-01,-6.69052120224905789e-01,5.66511933017881719e-01,4.10616827568474996e+00,0.00000000000000000e+00,0.00000000000000000e+00,0.00000000000000000e+00,0.00000000000000000e+00,0.00000000000000000e+00,0.00000000000000000e+00,0.00000000000000000e+00,1.80853488395031556e-02,0.00000000000000000e+00,0.00000000000000000e+00,0.00000000000000000e+00,0.00000000000000000e+00,0.00000000000000000e+00,0.00000000000000000e+00,0.00000000000000000e+00,1.68609449880825188e+01,5.66511932946877739e-01,-1.22701360127782055e+00,2.39018647123122285e+00,1.18230887428820139e-10,9.84953833632183412e-11,1.25335366024236241e-10,9.76702351759003099e-12
-9.37500000000000000e-01,3.91605626676798990e-01,-6.67304089158186065e-01,5.68118323391132551e-01,4.08058451441575354e+00,0.00000000000000000e+00,0.00000000000000000e+00,0.00000000000000000e+00,0.00000000000000000e+00,0.00000000000000000e+00,0.00000000000000000e+00,0.00000000000000000e+00,1.80273757219059742e-02,0.00000000000000000e+00,0.00000000000000000e+00,0.00000000000000000e+00,0.00000000000000000e+00,0.00000000000000000e+00,0.00000000000000000e+00,0.00000000000000000e+00,1.66514949655650710e+01,5.68118323320615071e-01,-1.22603662399392066e+00,2.37710983857966296e+00,1.17402484960663254e-10,9.75874301240363002e-11,1.24124637155572835e-10,9.81143293485055989e-12
-9.33333333333333348e-01,3.93240720868598237e-01,-6.65546450855614813e-01,5.69722296684457508e-01,4.05516014978345662e+00,0.00000000000000000e+00,0.00000000000000000e+00,0.00000000000000000e+00,0.00000000000000000e+00,0.00000000000000000e+00,0.00000000000000000e+00,0.00000000000000000e+00,1.79703260659252323e-02,0.00000000000000000e+00,0.00000000000000000e+00,0.00000000000000000e+00,0.00000000000000000e+00,0.00000000000000000e+00,0.00000000000000000e+00,0.00000000000000000e+00,1.64446467730106995e+01,5.69722296614588619e-01,-1.22505556747884103e+00,2.36412842421874325e+00,1.16369265096098693e-10,9.64472646770979681e-11,1.22636745775606060e-10,9.83128134988884726e-12
-9.29166666666666696e-01,3.94882642166123121e-01,-6.63779170305194621e-01,5.71323777568033653e-01,4.02989418862756033e+00,0.00000000000000000e+00,0.00000000000000000e+00,0.00000000000000000e+00,0.00000000000000000e+00,0.00000000000000000e+00,0.00000000000000000e+00,0.00000000000000000e+00,1.79141965811330413e-02,0.00000000000000000e+00,0.00000000000000000e+00,0.00000000000000000e+00,0.00000000000000000e+00,0.00000000000000000e+00,0.00000000000000000e+00,0.00000000000000000e+00,1.62403680899733303e+01,5.71323777498754737e-01,-1.22407041470032607e+00,2.35124168923550103e+00,1.15421857385326818e-10,9.53978652211921962e-11,1.21260340748697321e-10,9.85885339142042219e-12
-9.25000000000000044e-01,3.96531419074992841e-01,-6.62002212679447921e-01,5.72922690223358178e-01,4.00478564397465675e+00,0.00000000000000000e+00,0.00000000000000000e+00,0.00000000000000000e+00,0.00000000000000000e+00,0.00000000000000000e+00,0.00000000000000000e+00,0.00000000000000000e+00,1.78589839196836540e-02,0.00000000000000000e+00,0.00000000000000000e+00,0.00000000000000000e+00,0.00000000000000000e+00,0.00000000000000000e+00,0.00000000000000000e+00,0.00000000000000000e+00,1.60386269974921518e+01,5.72922690154660130e-01,-1.22308114855500416e+00,2.33844909743418272e+00,1.14503308841233857e-10,9.43646383350188624e-11,1.19908058157555346e-10,9.88661624347866718e-12
-9.20833333333333282e-01,3.98187080219848055e-01,-6.60215543341134303e-01,5.74518958344650277e-01,3.97983353500007064e+00,0.00000000000000000e+00,0.00000000000000000e+00,0.00000000000000000e+00,0.00000000000000000e+00,0.00000000000000000e+00,0.00000000000000000e+00,0.00000000000000000e+00,1.78046846737438015e-02,0.00000000000000000e+00,0.00000000000000000e+00,0.00000000000000000e+00,0.00000000000000000e+00,0.00000000000000000e+00,0.00000000000000000e+00,0.00000000000000000e+00,1.58393919731074906e+01,5.74518958276684200e-01,-1.22208775186809104e+00,2.32575011530143216e+00,1.13393224477379123e-10,9.31178737422857131e-11,1.18300843221227022e-10,9.89028050103283801e-12
-9.16666666666666630e-01,3.99849654344847372e-01,-6.58419127849164010e-01,5.76112505140744191e-01,3.95503688699139699e+00,0.00000000000000000e+00,0.00000000000000000e+00,0.00000000000000000e+00,0.00000000000000000e+00,0.00000000000000000e+00,0.00000000000000000e+00,0.00000000000000000e+00,1.77512953726597054e-02,0.00000000000000000e+00,0.00000000000000000e+00,0.00000000000000000e+00,0.00000000000000000e+00,0.00000000000000000e+00,0.00000000000000000e+00,0.00000000000000000e+00,1.56426318859500082e+01,5.76112505073256398e-01,-1.22109020739309160e+00,2.31314421197165521e+00,1.12630464722236828e-10,9.22420947386390349e-11,1.17143426912982321e-10,9.93197405739339570e-12
-9.12499999999999978e-01,4.01519170314166673e-01,-6.56612931964007940e-01,5.77703253335198341e-01,3.93039473130629347e+00,0.00000000000000000e+00,0.00000000000000000e+00,0.00000000000000000e+00,0.00000000000000000e+00,0.00000000000000000e+00,0.00000000000000000e+00,0.00000000000000000e+00,1.76988124810504820e-02,0.00000000000000000e+00,0.00000000000000000e+00,0.00000000000000000e+00,0.00000000000000000e+00,0.00000000000000000e+00,0.00000000000000000e+00,0.00000000000000000e+00,1.54483159918435096e+01,5.77703253268527672e-01,-1.22008849781149986e+00,2.30063085919206634e+00,1.11435939828639921e-10,9.08809574666304233e-11,1.15406428141733571e-10,9.91948980914177158e-12
-9.08333333333333326e-01,4.03195657112500105e-01,-6.54796921653929442e-01,5.79291125169694610e-01,3.90590610534067117e+00,0.00000000000000000e+00,0.00000000000000000e+00,0.00000000000000000e+00,0.00000000000000000e+00,0.00000000000000000e+00,0.00000000000000000e+00,0.00000000000000000e+00,1.76472323952088089e-02,0.00000000000000000e+00,0.00000000000000000e+00,0.00000000000000000e+00,0.00000000000000000e+00,0.00000000000000000e+00,0.00000000000000000e+00,0.00000000000000000e+00,1.52564139285487403e+01,5.79291125103459814e-01,-1.21908260573249994e+00,2.28820953128852400e+00,1.10745671682453029e-10,9.00752898863803669e-11,1.14337666426846883e-10,9.96572995791878838e-12
-9.04166666666666674e-01,4.04879143845563394e-01,-6.52971063100333704e-01,5.80876042403244752e-01,3.88157005248391318e+00,0.00000000000000000e+00,0.00000000000000000e+00,0.00000000000000000e+00,0.00000000000000000e+00,0.00000000000000000e+00,0.00000000000000000e+00,0.00000000000000000e+00,1.75965514416331487e-02,0.00000000000000000e+00,0.00000000000000000e+00,0.00000000000000000e+00,0.00000000000000000e+00,0.00000000000000000e+00,0.00000000000000000e+00,0.00000000000000000e+00,1.50668957109626067e+01,5.80876042337836740e-01,-1.21807251369266201e+00,2.27587970513053151e+00,1.09566146431847825e-10,8.87093124037543405e-11,1.12602358459178190e-10,9.94831190539661026e-12
-9.00000000000000022e-01,4.06569659740599110e-01,-6.51135322704009090e-01,5.82457926316325314e-01,3.85738562208910807e+00,0.00000000000000000e+00,0.00000000000000000e+00,0.00000000000000000e+00,0.00000000000000000e+00,0.00000000000000000e+00,0.00000000000000000e+00,0.00000000000000000e+00,1.75467658730780358e-02,0.00000000000000000e+00,0.00000000000000000e+00,0.00000000000000000e+00,0.00000000000000000e+00,0.00000000000000000e+00,0.00000000000000000e+00,0.00000000000000000e+00,1.48797317264923805e+01,5.82457926251392144e-01,-1.21705820415564059e+00,2.26364086009739474e+00,1.08842258736725705e-10,8.78561495444906568e-11,1.11481305387912523e-10,9.98667079406721018e-12
-8.95833333333333370e-01,4.08267234146883928e-01,-6.49289667090663491e-01,5.84036697710095143e-01,3.83335186942859396e+00,0.00000000000000000e+00,0.00000000000000000e+00,0.00000000000000000e+00,0.00000000000000000e+00,0.00000000000000000e+00,0.00000000000000000e+00,0.00000000000000000e+00,1.74978718670497843e-02,0.00000000000000000e+00,0.00000000000000000e+00,0.00000000000000000e+00,0.00000000000000000e+00,0.00000000000000000e+00,0.00000000000000000e+00,0.00000000000000000e+00,1.46948927303715724e+01,5.84036697645980318e-01,-1.21603965951186965e+00,2.25149247804338204e+00,1.07699385386351728e-10,8.65117346368142354e-11,1.09778760168687759e-10,9.96717876160667729e-12
-8.91666666666666718e-01,4.09971896536238334e-01,-6.47434063117004355e-01,5.85612276910477902e-01,3.80946785566380042e+00,0.00000000000000000e+00,0.00000000000000000e+00,0.00000000000000000e+00,0.00000000000000000e+00,0.00000000000000000e+00,0.00000000000000000e+00,0.00000000000000000e+00,1.74498655219091983e-02,0.00000000000000000e+00,0.00000000000000000e+00,0.00000000000000000e+00,0.00000000000000000e+00,0.00000000000000000e+00,0.00000000000000000e+00,0.00000000000000000e+00,1.45123498411424858e+01,5.85612276846901425e-01,-1.21501686207825710e+00,2.23943404326405426e+00,1.06913613598642559e-10,8.55760015436023175e-11,1.08564113031002510e-10,9.99280783223503263e-12
-8.87499999999999956e-01,4.11683676503538487e-01,-6.45568477876514835e-01,5.87184583767923263e-01,3.78573264780265051e+00,0.00000000000000000e+00,0.00000000000000000e+00,0.00000000000000000e+00,0.00000000000000000e+00,0.00000000000000000e+00,0.00000000000000000e+00,0.00000000000000000e+00,1.74027428550695279e-02,0.00000000000000000e+00,0.00000000000000000e+00,0.00000000000000000e+00,0.00000000000000000e+00,0.00000000000000000e+00,0.00000000000000000e+00,0.00000000000000000e+00,1.43320745360977480e+01,5.87184583705133600e-01,-1.21398979409787677e+00,2.22746504246171950e+00,1.05834224911171866e-10,8.42863290119603283e-11,1.06933431327837729e-10,9.97500018954339169e-12
-8.83333333333333304e-01,4.13402603767229315e-01,-6.43692878705376947e-01,5.88753537661081405e-01,3.76214531866806068e+00,0.00000000000000000e+00,0.00000000000000000e+00,0.00000000000000000e+00,0.00000000000000000e+00,0.00000000000000000e+00,0.00000000000000000e+00,0.00000000000000000e+00,1.73564997993186088e-02,0.00000000000000000e+00,0.00000000000000000e+00,0.00000000000000000e+00,0.00000000000000000e+00,0.00000000000000000e+00,0.00000000000000000e+00,0.00000000000000000e+00,1.41540386468612880e+01,5.88753537598923904e-01,-1.21295843773966228e+00,2.21558496471186395e+00,1.04951478934810805e-10,8.32242693055218348e-11,1.05574739510983346e-10,9.98184077653256802e-12
-8.79166666666666652e-01,4.15128708169841432e-01,-6.41807233188421367e-01,5.90319057497455058e-01,3.73870494685804866e+00,0.00000000000000000e+00,0.00000000000000000e+00,0.00000000000000000e+00,0.00000000000000000e+00,0.00000000000000000e+00,0.00000000000000000e+00,0.00000000000000000e+00,1.73111322005655745e-02,0.00000000000000000e+00,0.00000000000000000e+00,0.00000000000000000e+00,0.00000000000000000e+00,0.00000000000000000e+00,0.00000000000000000e+00,0.00000000000000000e+00,1.39782143549589097e+01,5.90319057436024863e-01,-1.21192277509809521e+00,2.20379330142900232e+00,1.03967130353992707e-10,8.20295361522090428e-11,1.04062698791325765e-10,9.97044051178734913e-12
-8.75000000000000000e-01,4.16862019678508389e-01,-6.39911509164979631e-01,5.91881061716284851e-01,3.71541061671194850e+00,0.00000000000000000e+00,0.00000000000000000e+00,0.00000000000000000e+00,0.00000000000000000e+00,0.00000000000000000e+00,0.00000000000000000e+00,0.00000000000000000e+00,1.72666358145490140e-02,0.00000000000000000e+00,0.00000000000000000e+00,0.00000000000000000e+00,0.00000000000000000e+00,0.00000000000000000e+00,0.00000000000000000e+00,0.00000000000000000e+00,1.38045741874882140e+01,5.91881061655618823e-01,-1.21088278819289497e+00,2.19208954633313979e+00,1.02945531180127189e-10,8.07877691242584490e-11,1.02496990843395035e-10,9.95076383870832720e-12
-8.70833333333333348e-01,4.18602568385487483e-01,-6.38005674734857808e-01,5.93439468290526406e-01,3.69226141827423815e+00,0.00000000000000000e+00,0.00000000000000000e+00,0.00000000000000000e+00,0.00000000000000000e+00,0.00000000000000000e+00,0.00000000000000000e+00,0.00000000000000000e+00,1.72230063039528689e-02,0.00000000000000000e+00,0.00000000000000000e+00,0.00000000000000000e+00,0.00000000000000000e+00,0.00000000000000000e+00,0.00000000000000000e+00,0.00000000000000000e+00,1.36330910128226339e+01,5.93439468230493206e-01,-1.20983845896870745e+00,2.18047319541613849e+00,1.02095730715550113e-10,7.97380461583584263e-11,1.01161455964269510e-10,9.95264409974526536e-12
-8.66666666666666696e-01,4.20350384508681896e-01,-6.36089698264299064e-01,5.94994194728476922e-01,3.66925644725739497e+00,0.00000000000000000e+00,0.00000000000000000e+00,0.00000000000000000e+00,0.00000000000000000e+00,0.00000000000000000e+00,0.00000000000000000e+00,0.00000000000000000e+00,1.71802392356892562e-02,0.00000000000000000e+00,0.00000000000000000e+00,0.00000000000000000e+00,0.00000000000000000e+00,0.00000000000000000e+00,0.00000000000000000e+00,0.00000000000000000e+00,1.34637380363601551e+01,5.94994194669374532e-01,-1.20878976929479087e+00,2.16894374690811631e+00,1.00897949761739608e-10,7.82662622883078754e-11,9.93327164844940168e-11,9.89901040872516095e-12
-8.62500000000000044e-01,4.22105498392165490e-01,-6.34163548391727283e-01,5.96545158077567361e-01,3.64639480501048308e+00,0.00000000000000000e+00,0.00000000000000000e+00,0.00000000000000000e+00,0.00000000000000000e+00,0.00000000000000000e+00,0.00000000000000000e+00,0.00000000000000000e+00,1.71383300771995109e-02,0.00000000000000000e+00,0.00000000000000000e+00,0.00000000000000000e+00,0.00000000000000000e+00,0.00000000000000000e+00,0.00000000000000000e+00,0.00000000000000000e+00,1.32964887963652743e+01,5.96545158018972344e-01,-1.20773670096470065e+00,2.15750070124446403e+00,1.00213382794652920e-10,7.74058130413527757e-11,9.82239432155370621e-11,9.91995700051834897e-12
-8.58333333333333282e-01,4.23867940506709451e-01,-6.32227194034062689e-01,5.98092274924416634e-01,3.62367559847807197e+00,0.00000000000000000e+00,0.00000000000000000e+00,0.00000000000000000e+00,0.00000000000000000e+00,0.00000000000000000e+00,0.00000000000000000e+00,0.00000000000000000e+00,1.70972741944134740e-02,0.00000000000000000e+00,0.00000000000000000e+00,0.00000000000000000e+00,0.00000000000000000e+00,0.00000000000000000e+00,0.00000000000000000e+00,0.00000000000000000e+00,1.31313171597902922e+01,5.98092274866768747e-01,-1.20667923569597435e+00,2.14614356103212600e+00,9.90213514949956922e-11,7.59206706103039052e-11,9.63862749728594459e-11,9.85861708078052329e-12
-8.54166666666666630e-01,4.25637741450311413e-01,-6.30280604392092103e-01,5.99635461400111480e-01,3.60109794017250850e+00,0.00000000000000000e+00,0.00000000000000000e+00,0.00000000000000000e+00,0.00000000000000000e+00,0.00000000000000000e+00,0.00000000000000000e+00,0.00000000000000000e+00,1.70570668474189051e-02,0.00000000000000000e+00,0.00000000000000000e+00,0.00000000000000000e+00,0.00000000000000000e+00,0.00000000000000000e+00,0.00000000000000000e+00,0.00000000000000000e+00,1.29681973182441208e+01,5.99635461343000831e-01,-1.20561735512981305e+00,2.13487183101722167e+00,9.83164580044245892e-11,7.50269011260563666e-11,9.52422817271760829e-11,9.87101416787416411e-12
-8.49999999999999978e-01,4.27414931948726706e-01,-6.28323748957058226e-01,6.01174633179865636e-01,3.57866094813205393e+00,0.00000000000000000e+00,0.00000000000000000e+00,0.00000000000000000e+00,0.00000000000000000e+00,0.00000000000000000e+00,0.00000000000000000e+00,0.00000000000000000e+00,1.70177031885534666e-02,0.00000000000000000e+00,0.00000000000000000e+00,0.00000000000000000e+00,0.00000000000000000e+00,0.00000000000000000e+00,0.00000000000000000e+00,0.00000000000000000e+00,1.28071037839072250e+01,6.01174633123700120e-01,-1.20455104083076403e+00,2.12368501805148924e+00,9.71488853816419330e-11,7.35542709027037439e-11,9.34262917750474174e-11,9.80454050621877296e-12
-8.45833333333333326e-01,4.29199542856001592e-01,-6.26356597515817959e-01,6.02709705488431280e-01,3.55636374589328819e+00,0.00000000000000000e+00,0.00000000000000000e+00,0.00000000000000000e+00,0.00000000000000000e+00,0.00000000000000000e+00,0.00000000000000000e+00,0.00000000000000000e+00,1.69791782580547244e-02,0.00000000000000000e+00,0.00000000000000000e+00,0.00000000000000000e+00,0.00000000000000000e+00,0.00000000000000000e+00,0.00000000000000000e+00,0.00000000000000000e+00,1.26480113855984584e+01,6.02709705432855958e-01,-1.20348027428639903e+00,2.11258263106022470e+00,9.63970462532622813e-11,7.25940064497206157e-11,9.22091043517673286e-11,9.80358338258589169e-12
-8.41666666666666674e-01,4.30991605155009228e-01,-6.24379120157540601e-01,6.04240593100213053e-01,3.53420546245061518e+00,0.00000000000000000e+00,0.00000000000000000e+00,0.00000000000000000e+00,0.00000000000000000e+00,0.00000000000000000e+00,0.00000000000000000e+00,0.00000000000000000e+00,1.69414869819135422e-02,0.00000000000000000e+00,0.00000000000000000e+00,0.00000000000000000e+00,0.00000000000000000e+00,0.00000000000000000e+00,0.00000000000000000e+00,0.00000000000000000e+00,1.24908952647969240e+01,6.04240593045559105e-01,-1.20240503690699452e+00,2.10156418100911102e+00,9.52787149934335633e-11,7.11658066441962869e-11,9.04506394687453482e-11,9.73631996105006370e-12
-8.37500000000000022e-01,4.32791149957987231e-01,-6.22391287278779348e-01,6.05767210344399509e-01,3.51218523222780732e+00,0.00000000000000000e+00,0.00000000000000000e+00,0.00000000000000000e+00,0.00000000000000000e+00,0.00000000000000000e+00,0.00000000000000000e+00,0.00000000000000000e+00,1.69046241676757969e-02,0.00000000000000000e+00,0.00000000000000000e+00,0.00000000000000000e+00,0.00000000000000000e+00,0.00000000000000000e+00,0.00000000000000000e+00,0.00000000000000000e+00,1.23357308717973471e+01,6.05767210290418356e-01,-1.20132531002520748e+00,2.09062918087239380e+00,9.44484884518914445e-11,7.00975726698310365e-11,8.91120416622453465e-11,9.71529205752614912e-12
-8.33333333333333370e-01,4.34598208507078199e-01,-6.20393069590099100e-01,6.07289471105871059e-01,3.49030219503961092e+00,0.00000000000000000e+00,0.00000000000000000e+00,0.00000000000000000e+00,0.00000000000000000e+00,0.00000000000000000e+00,0.00000000000000000e+00,0.00000000000000000e+00,1.68685845019312559e-02,0.00000000000000000e+00,0.00000000000000000e+00,0.00000000000000000e+00,0.00000000000000000e+00,0.00000000000000000e+00,0.00000000000000000e+00,0.00000000000000000e+00,1.21824939618414252e+01,6.07289471052760210e-01,-1.20024107489575305e+00,2.07977714560020566e+00,9.34087846510603922e-11,6.87514739743734595e-11,8.74555736327002251e-11,9.65267372375669264e-12
-8.29166666666666718e-01,4.36412812174871712e-01,-6.18384438121268198e-01,6.08807288829676940e-01,3.46855549606162894e+00,0.00000000000000000e+00,0.00000000000000000e+00,0.00000000000000000e+00,0.00000000000000000e+00,0.00000000000000000e+00,0.00000000000000000e+00,0.00000000000000000e+00,1.68333625464034166e-02,0.00000000000000000e+00,0.00000000000000000e+00,0.00000000000000000e+00,0.00000000000000000e+00,0.00000000000000000e+00,0.00000000000000000e+00,0.00000000000000000e+00,1.20311605913539523e+01,6.08807288777358679e-01,-1.19915231269507694e+00,2.06900759208690799e+00,9.24614540164094627e-11,6.75220149674727863e-11,8.59356676556991203e-11,9.60279261490076128e-12
-8.24999999999999956e-01,4.38234992464949236e-01,-6.16365364227523083e-01,6.10320576523163849e-01,3.44694428579488399e+00,0.00000000000000000e+00,0.00000000000000000e+00,0.00000000000000000e+00,0.00000000000000000e+00,0.00000000000000000e+00,0.00000000000000000e+00,0.00000000000000000e+00,1.67989527349310663e-02,0.00000000000000000e+00,0.00000000000000000e+00,0.00000000000000000e+00,0.00000000000000000e+00,0.00000000000000000e+00,0.00000000000000000e+00,0.00000000000000000e+00,1.18817071141869928e+01,6.10320576471631737e-01,-1.19805900452103042e+00,2.05832003913904016e+00,9.15354634825711460e-11,6.63049842000974600e-11,8.44344986841460773e-11,9.55162342775210705e-12
-8.20833333333333304e-01,4.40064781012431017e-01,-6.14335819595220101e-01,6.11829246759327483e-01,3.42546772003310052e+00,0.00000000000000000e+00,0.00000000000000000e+00,0.00000000000000000e+00,0.00000000000000000e+00,0.00000000000000000e+00,0.00000000000000000e+00,0.00000000000000000e+00,1.67653493699989400e-02,0.00000000000000000e+00,0.00000000000000000e+00,0.00000000000000000e+00,0.00000000000000000e+00,0.00000000000000000e+00,0.00000000000000000e+00,0.00000000000000000e+00,1.17341101779282653e+01,6.11829246708754049e-01,-1.19696113139254146e+00,2.04771400744373677e+00,9.04250091426633484e-11,6.48494945278857609e-11,8.26593932887154962e-11,9.46230649435427815e-12
-8.16666666666666652e-01,4.41902209584525307e-01,-6.12295776247293588e-01,6.13333211680694212e-01,3.40412495983122998e+00,0.00000000000000000e+00,0.00000000000000000e+00,0.00000000000000000e+00,0.00000000000000000e+00,0.00000000000000000e+00,0.00000000000000000e+00,0.00000000000000000e+00,1.67325466190545828e-02,0.00000000000000000e+00,0.00000000000000000e+00,0.00000000000000000e+00,0.00000000000000000e+00,0.00000000000000000e+00,0.00000000000000000e+00,0.00000000000000000e+00,1.15883467202623311e+01,6.13333211630780251e-01,-1.19585867424928471e+00,2.03718901953745668e+00,8.96538243279702168e-11,6.38219676302288413e-11,8.13814756906686949e-11,9.43192465546646460e-12
-8.12500000000000000e-01,4.43747310081079871e-01,-6.10245206549806518e-01,6.14832383001063354e-01,3.38291517146925180e+00,0.00000000000000000e+00,0.00000000000000000e+00,0.00000000000000000e+00,0.00000000000000000e+00,0.00000000000000000e+00,0.00000000000000000e+00,0.00000000000000000e+00,1.67005385116112126e-02,0.00000000000000000e+00,0.00000000000000000e+00,0.00000000000000000e+00,0.00000000000000000e+00,0.00000000000000000e+00,0.00000000000000000e+00,0.00000000000000000e+00,1.14443939653434157e+01,6.14832382952209100e-01,-1.19475161395135210e+00,2.02674459977437760e+00,8.84532856506766246e-11,6.22327765761102046e-11,7.94594678650861241e-11,9.31489282543105896e-12
-8.08333333333333348e-01,4.45600114535135761e-01,-6.08184083216301352e-01,6.16326672011282550e-01,3.36183752642475397e+00,0.00000000000000000e+00,0.00000000000000000e+00,0.00000000000000000e+00,0.00000000000000000e+00,0.00000000000000000e+00,0.00000000000000000e+00,0.00000000000000000e+00,1.66693189349043404e-02,0.00000000000000000e+00,0.00000000000000000e+00,0.00000000000000000e+00,0.00000000000000000e+00,0.00000000000000000e+00,0.00000000000000000e+00,0.00000000000000000e+00,1.13022294202714626e+01,6.16326671963027595e-01,-1.19363993127891854e+00,2.01638027429597644e+00,8.77600225181392042e-11,6.13010053881471510e-11,7.82944464065112845e-11,9.29249643853518402e-12
-8.04166666666666696e-01,4.47460655113483485e-01,-6.06112379315193905e-01,6.17815989579838298e-01,3.34089120133441897e+00,0.00000000000000000e+00,0.00000000000000000e+00,0.00000000000000000e+00,0.00000000000000000e+00,0.00000000000000000e+00,0.00000000000000000e+00,0.00000000000000000e+00,1.66388816313551187e-02,0.00000000000000000e+00,0.00000000000000000e+00,0.00000000000000000e+00,0.00000000000000000e+00,0.00000000000000000e+00,0.00000000000000000e+00,0.00000000000000000e+00,1.11618308715356793e+01,6.17815989532645382e-01,-1.19252360693190984e+00,2.00609557099952962e+00,8.65728469178868147e-11,5.97190365222629825e-11,7.63866863938823861e-11,9.16776496707032732e-12
-8.00000000000000044e-01,4.49328964117221563e-01,-6.04030068273383902e-01,6.19300246159572798e-01,3.32007537796846597e+00,0.00000000000000000e+00,0.00000000000000000e+00,0.00000000000000000e+00,0.00000000000000000e+00,0.00000000000000000e+00,0.00000000000000000e+00,0.00000000000000000e+00,1.66092201939438168e-02,0.00000000000000000e+00,0.00000000000000000e+00,0.00000000000000000e+00,0.00000000000000000e+00,0.00000000000000000e+00,0.00000000000000000e+00,0.00000000000000000e+00,1.10231763815879038e+01,6.19300246113018482e-01,-1.19140262152966692e+00,1.99589001950834000e+00,8.58463120294717310e-11,5.87408675943689217e-11,7.51724486628026238e-11,9.13199669257463307e-12
-7.95833333333333282e-01,4.51205073982317129e-01,-6.01937123883876768e-01,6.20779351788292355e-01,3.29938924319236060e+00,0.00000000000000000e+00,0.00000000000000000e+00,0.00000000000000000e+00,0.00000000000000000e+00,0.00000000000000000e+00,0.00000000000000000e+00,0.00000000000000000e+00,1.65803280636104937e-02,0.00000000000000000e+00,0.00000000000000000e+00,0.00000000000000000e+00,0.00000000000000000e+00,0.00000000000000000e+00,0.00000000000000000e+00,0.00000000000000000e+00,1.08862442853721557e+01,6.20779351742780539e-01,-1.19027695561060964e+00,1.98576315114065949e+00,8.46960206029356244e-11,5.71985968683031188e-11,7.33139986210860273e-11,9.00475326070935576e-12
-7.91666666666666630e-01,4.53089017280168982e-01,-5.99833520309250412e-01,6.22253216095404516e-01,3.27883198894094718e+00,0.00000000000000000e+00,0.00000000000000000e+00,0.00000000000000000e+00,0.00000000000000000e+00,0.00000000000000000e+00,0.00000000000000000e+00,0.00000000000000000e+00,1.65521985247019353e-02,0.00000000000000000e+00,0.00000000000000000e+00,0.00000000000000000e+00,0.00000000000000000e+00,0.00000000000000000e+00,0.00000000000000000e+00,0.00000000000000000e+00,1.07510131869784473e+01,6.22253216050596580e-01,-1.18914658963189868e+00,1.97571449888033945e+00,8.39076845326027700e-11,5.61385452290189432e-11,7.20091660183772022e-11,8.94914016926075199e-12
-7.87499999999999978e-01,4.54980826718173526e-01,-5.97719232089032215e-01,6.23721748303206036e-01,3.25840281218174610e+00,0.00000000000000000e+00,0.00000000000000000e+00,0.00000000000000000e+00,0.00000000000000000e+00,0.00000000000000000e+00,0.00000000000000000e+00,0.00000000000000000e+00,1.65248247020942512e-02,0.00000000000000000e+00,0.00000000000000000e+00,0.00000000000000000e+00,0.00000000000000000e+00,0.00000000000000000e+00,0.00000000000000000e+00,0.00000000000000000e+00,1.06174619562653465e+01,6.23721748259399078e-01,-1.18801150396909594e+00,1.96574359734636328e+00,8.28206025915370346e-11,5.46635389234904876e-11,7.02347772597399703e-11,8.82329195553779686e-12
-7.83333333333333326e-01,4.56880535140292032e-01,-5.95594234143371426e-01,6.25184857233030078e-01,3.23810091488793850e+00,0.00000000000000000e+00,0.00000000000000000e+00,0.00000000000000000e+00,0.00000000000000000e+00,0.00000000000000000e+00,0.00000000000000000e+00,0.00000000000000000e+00,1.64981995568378240e-02,0.00000000000000000e+00,0.00000000000000000e+00,0.00000000000000000e+00,0.00000000000000000e+00,0.00000000000000000e+00,0.00000000000000000e+00,0.00000000000000000e+00,1.04855697255867213e+01,6.25184857190038357e-01,-1.18687167891582468e+00,1.95584998276384470e+00,8.19360002433524341e-11,5.34551948769992710e-11,6.87664149245444590e-11,8.73632393895113160e-12
-7.79166666666666674e-01,4.58788175527621245e-01,-5.93458501779751790e-01,6.26642451307628634e-01,3.21792550400399202e+00,0.00000000000000000e+00,0.00000000000000000e+00,0.00000000000000000e+00,0.00000000000000000e+00,0.00000000000000000e+00,0.00000000000000000e+00,0.00000000000000000e+00,1.64723158829007121e-02,0.00000000000000000e+00,0.00000000000000000e+00,0.00000000000000000e+00,0.00000000000000000e+00,0.00000000000000000e+00,0.00000000000000000e+00,0.00000000000000000e+00,1.03553158865098922e+01,6.26642451265566724e-01,-1.18572709468342730e+00,1.94603319293431021e+00,8.09441648747993908e-11,5.20892480451710699e-11,6.71226620954269371e-11,8.61912108069956275e-12
-7.75000000000000022e-01,4.60703780998965806e-01,-5.91312010697351731e-01,6.28094438556346057e-01,3.19787579141668887e+00,0.00000000000000000e+00,0.00000000000000000e+00,0.00000000000000000e+00,0.00000000000000000e+00,0.00000000000000000e+00,0.00000000000000000e+00,0.00000000000000000e+00,1.64471663031212356e-02,0.00000000000000000e+00,0.00000000000000000e+00,0.00000000000000000e+00,0.00000000000000000e+00,0.00000000000000000e+00,0.00000000000000000e+00,0.00000000000000000e+00,1.02266800866083170e+01,6.28094438515248821e-01,-1.18457773140062050e+00,1.93629276720694588e+00,7.99199726408136317e-11,5.06802473365678748e-11,6.54316201589072427e-11,8.49036129455093775e-12
-7.70833333333333370e-01,4.62627384811413245e-01,-5.89154736992497097e-01,6.29540726619116642e-01,3.17795099392394231e+00,0.00000000000000000e+00,0.00000000000000000e+00,0.00000000000000000e+00,0.00000000000000000e+00,0.00000000000000000e+00,0.00000000000000000e+00,0.00000000000000000e+00,1.64227432654677798e-02,0.00000000000000000e+00,0.00000000000000000e+00,0.00000000000000000e+00,0.00000000000000000e+00,0.00000000000000000e+00,0.00000000000000000e+00,0.00000000000000000e+00,1.00996422262785366e+01,6.29540726578835308e-01,-1.18342356911315205e+00,1.92662824644979391e+00,7.90605290390369000e-11,4.94838214577557301e-11,6.39852707273745509e-11,8.39246749792661914e-12
-7.66666666666666718e-01,4.64559020360911457e-01,-5.86986657164363268e-01,6.30981222750123694e-01,3.15815033320293947e+00,0.00000000000000000e+00,0.00000000000000000e+00,0.00000000000000000e+00,0.00000000000000000e+00,0.00000000000000000e+00,0.00000000000000000e+00,0.00000000000000000e+00,1.63990390394034569e-02,0.00000000000000000e+00,0.00000000000000000e+00,0.00000000000000000e+00,0.00000000000000000e+00,0.00000000000000000e+00,0.00000000000000000e+00,0.00000000000000000e+00,9.97418245559125438e+00,6.30981222711001211e-01,-1.18226458778345300e+00,1.91703917302113447e+00,7.78540840964158233e-11,4.78124471785490724e-11,6.20026105735159067e-11,8.20909786674511413e-12
-7.62499999999999956e-01,4.66498721182848353e-01,-5.84807748118392090e-01,6.32415833824004237e-01,3.13847303578309056e+00,0.00000000000000000e+00,0.00000000000000000e+00,0.00000000000000000e+00,0.00000000000000000e+00,0.00000000000000000e+00,0.00000000000000000e+00,0.00000000000000000e+00,1.63760457115716684e-02,0.00000000000000000e+00,0.00000000000000000e+00,0.00000000000000000e+00,0.00000000000000000e+00,0.00000000000000000e+00,0.00000000000000000e+00,0.00000000000000000e+00,9.85028117121067481e+00,6.32415833785543446e-01,-1.18110076729029090e+00,1.90752509074178622e+00,7.71647221680679466e-11,4.68414960963601057e-11,6.08156659804897259e-11,8.14119376428255415e-12
-7.58333333333333304e-01,4.68446520952634060e-01,-5.82617987173950413e-01,6.33844466337582291e-01,3.11891833301070331e+00,0.00000000000000000e+00,0.00000000000000000e+00,0.00000000000000000e+00,0.00000000000000000e+00,0.00000000000000000e+00,0.00000000000000000e+00,0.00000000000000000e+00,1.63537551826086584e-02,0.00000000000000000e+00,0.00000000000000000e+00,0.00000000000000000e+00,0.00000000000000000e+00,0.00000000000000000e+00,0.00000000000000000e+00,0.00000000000000000e+00,9.72791901329883757e+00,6.33844466300293008e-01,-1.17993208742841960e+00,1.89808554486653547e+00,7.59621647852322648e-11,4.51623086832778142e-11,5.88303357609873305e-11,7.94551809989010450e-12
-7.54166666666666652e-01,4.70402453486285788e-01,-5.80417352065847214e-01,6.35267026417899561e-01,3.09948546102519362e+00,0.00000000000000000e+00,0.00000000000000000e+00,0.00000000000000000e+00,0.00000000000000000e+00,0.00000000000000000e+00,0.00000000000000000e+00,0.00000000000000000e+00,1.63321591624185428e-02,0.00000000000000000e+00,0.00000000000000000e+00,0.00000000000000000e+00,0.00000000000000000e+00,0.00000000000000000e+00,0.00000000000000000e+00,0.00000000000000000e+00,9.60707686252946402e+00,6.35267026381300837e-01,-1.17875852790822844e+00,1.88872008205748321e+00,7.52529886898815342e-11,4.41595647513003554e-11,5.76115594411567565e-11,7.86404340640580665e-12
-7.50000000000000000e-01,4.72366552741014689e-01,-5.78205820952693017e-01,6.36683419823466545e-01,3.08017366072303744e+00,0.00000000000000000e+00,0.00000000000000000e+00,0.00000000000000000e+00,0.00000000000000000e+00,0.00000000000000000e+00,0.00000000000000000e+00,0.00000000000000000e+00,1.63112491670341433e-02,0.00000000000000000e+00,0.00000000000000000e+00,0.00000000000000000e+00,0.00000000000000000e+00,0.00000000000000000e+00,0.00000000000000000e+00,0.00000000000000000e+00,9.48773583706134715e+00,6.36683419788028671e-01,-1.17758006835539120e+00,1.87942825035591721e+00,7.40767791917123931e-11,4.25055428839529864e-11,5.56601189153370715e-11,7.66162990957309359e-12
-7.45833333333333348e-01,4.74338852815815504e-01,-5.75983372418063300e-01,6.38093551952443772e-01,3.06098217773411729e+00,0.00000000000000000e+00,0.00000000000000000e+00,0.00000000000000000e+00,0.00000000000000000e+00,0.00000000000000000e+00,0.00000000000000000e+00,0.00000000000000000e+00,1.62910165139189371e-02,0.00000000000000000e+00,0.00000000000000000e+00,0.00000000000000000e+00,0.00000000000000000e+00,0.00000000000000000e+00,0.00000000000000000e+00,0.00000000000000000e+00,9.36987728962495581e+00,6.38093551917749968e-01,-1.17639668831051081e+00,1.87020959915630547e+00,7.33229798784263442e-11,4.14369137338173276e-11,5.43710295793639135e-11,7.55946731692280868e-12
-7.41666666666666696e-01,4.76319387952058526e-01,-5.73749985478511637e-01,6.39497327844456676e-01,3.04191026238684792e+00,0.00000000000000000e+00,0.00000000000000000e+00,0.00000000000000000e+00,0.00000000000000000e+00,0.00000000000000000e+00,0.00000000000000000e+00,0.00000000000000000e+00,1.62714523186267418e-02,0.00000000000000000e+00,0.00000000000000000e+00,0.00000000000000000e+00,0.00000000000000000e+00,0.00000000000000000e+00,0.00000000000000000e+00,0.00000000000000000e+00,9.25348280457498085e+00,6.39497327810885752e-01,-1.17520836722876476e+00,1.86106367917891591e+00,7.21985247561450375e-11,3.98459753677029398e-11,5.24957999958104386e-11,7.35712776551097953e-12
-7.37500000000000044e-01,4.78308192534084076e-01,-5.71505639584936054e-01,6.40894652188426339e-01,3.02295716968378470e+00,0.00000000000000000e+00,0.00000000000000000e+00,0.00000000000000000e+00,0.00000000000000000e+00,0.00000000000000000e+00,0.00000000000000000e+00,0.00000000000000000e+00,1.62525474902332420e-02,0.00000000000000000e+00,0.00000000000000000e+00,0.00000000000000000e+00,0.00000000000000000e+00,0.00000000000000000e+00,0.00000000000000000e+00,0.00000000000000000e+00,9.13853419504252074e+00,6.40894652155686528e-01,-1.17401508447954961e+00,1.85199004244434762e+00,7.13673497769290117e-11,3.86658445931583627e-11,5.10845436956898095e-11,7.22495104079591975e-12
-7.33333333333333282e-01,4.80305301089799408e-01,-5.69250314629719423e-01,6.42285429325349044e-01,3.00412215926856030e+00,0.00000000000000000e+00,0.00000000000000000e+00,0.00000000000000000e+00,0.00000000000000000e+00,0.00000000000000000e+00,0.00000000000000000e+00,0.00000000000000000e+00,1.62342927277374788e-02,0.00000000000000000e+00,0.00000000000000000e+00,0.00000000000000000e+00,0.00000000000000000e+00,0.00000000000000000e+00,0.00000000000000000e+00,0.00000000000000000e+00,9.02501350006876635e+00,6.42285429293667498e-01,-1.17281681934612036e+00,1.84298824224703961e+00,7.03209906374675004e-11,3.71738688653588973e-11,4.93262727603040027e-11,7.02937422270255793e-12
-7.29166666666666630e-01,4.82310748291278180e-01,-5.66983990948865757e-01,6.43669563255344857e-01,2.98540449540007158e+00,0.00000000000000000e+00,0.00000000000000000e+00,0.00000000000000000e+00,0.00000000000000000e+00,0.00000000000000000e+00,0.00000000000000000e+00,0.00000000000000000e+00,1.62166785156841291e-02,0.00000000000000000e+00,0.00000000000000000e+00,0.00000000000000000e+00,0.00000000000000000e+00,0.00000000000000000e+00,0.00000000000000000e+00,0.00000000000000000e+00,8.91290298181703733e+00,6.43669563224626429e-01,-1.17161355102523301e+00,1.83405783313025617e+00,6.93713461380644351e-11,3.58187612990455995e-11,4.77239092175716547e-11,6.85415242097756408e-12
-7.24999999999999978e-01,4.84324568955362467e-01,-5.64706649327584409e-01,6.45046957641879803e-01,2.96680344692195019e+00,0.00000000000000000e+00,0.00000000000000000e+00,0.00000000000000000e+00,0.00000000000000000e+00,0.00000000000000000e+00,0.00000000000000000e+00,0.00000000000000000e+00,1.61996951202566485e-02,0.00000000000000000e+00,0.00000000000000000e+00,0.00000000000000000e+00,0.00000000000000000e+00,0.00000000000000000e+00,0.00000000000000000e+00,0.00000000000000000e+00,8.80218512278995391e+00,6.45046957612125160e-01,-1.17040525862678257e+00,1.82519837086064407e+00,6.84316888391241006e-11,3.44670755195518549e-11,4.61278715334408401e-11,6.67383740984991152e-12
-7.20833333333333326e-01,4.86346798044267226e-01,-5.62418271003959802e-01,6.46417515817506616e-01,2.94831828723453304e+00,0.00000000000000000e+00,0.00000000000000000e+00,0.00000000000000000e+00,0.00000000000000000e+00,0.00000000000000000e+00,0.00000000000000000e+00,0.00000000000000000e+00,1.61833325851394802e-02,0.00000000000000000e+00,0.00000000000000000e+00,0.00000000000000000e+00,0.00000000000000000e+00,0.00000000000000000e+00,0.00000000000000000e+00,0.00000000000000000e+00,8.69284262309513167e+00,6.46417515788903940e-01,-1.16919192117343962e+00,1.81640941240355258e+00,6.73113087671398018e-11,3.28595813582935867e-11,4.42479900138697432e-11,6.43788351779573149e-12
-7.16666666666666674e-01,4.88377470666187086e-01,-5.60118837672040959e-01,6.47781140790130605e-01,2.92994829426773551e+00,0.00000000000000000e+00,0.00000000000000000e+00,0.00000000000000000e+00,0.00000000000000000e+00,0.00000000000000000e+00,0.00000000000000000e+00,0.00000000000000000e+00,1.61675807272724410e-02,0.00000000000000000e+00,0.00000000000000000e+00,0.00000000000000000e+00,0.00000000000000000e+00,0.00000000000000000e+00,0.00000000000000000e+00,0.00000000000000000e+00,8.58485839774898629e+00,6.47781140762348051e-01,-1.16797351760028767e+00,1.80769051589884500e+00,6.65233331028964069e-11,3.17144319954525800e-11,4.28887972910590052e-11,6.28677171560353527e-12
-7.12500000000000022e-01,4.90416622075906139e-01,-5.57808331487969489e-01,6.49137735246875014e-01,2.91169275045000742e+00,0.00000000000000000e+00,0.00000000000000000e+00,0.00000000000000000e+00,0.00000000000000000e+00,0.00000000000000000e+00,0.00000000000000000e+00,0.00000000000000000e+00,1.61524291329622552e-02,0.00000000000000000e+00,0.00000000000000000e+00,0.00000000000000000e+00,0.00000000000000000e+00,0.00000000000000000e+00,0.00000000000000000e+00,0.00000000000000000e+00,8.47821557399002401e+00,6.49137735220361667e-01,-1.16675002675445638e+00,1.79904124063641757e+00,6.53026059361389444e-11,2.99547816510463026e-11,4.08439467232256725e-11,6.00790775189852522e-12
-7.08333333333333370e-01,4.92464287675409729e-01,-5.55486735070086057e-01,6.50487201562582995e-01,2.89355094268476920e+00,0.00000000000000000e+00,0.00000000000000000e+00,0.00000000000000000e+00,0.00000000000000000e+00,0.00000000000000000e+00,0.00000000000000000e+00,0.00000000000000000e+00,1.61378671533615389e-02,0.00000000000000000e+00,0.00000000000000000e+00,0.00000000000000000e+00,0.00000000000000000e+00,0.00000000000000000e+00,0.00000000000000000e+00,0.00000000000000000e+00,8.37289748866817618e+00,6.50487201536805615e-01,-1.16552142739475406e+00,1.79046114703335779e+00,6.46026440076953935e-11,2.89348075013686771e-11,3.96278053887172204e-11,5.87127081370108760e-12
-7.04166666666666718e-01,4.94520503014499291e-01,-5.53154031507078092e-01,6.51829441802294740e-01,2.87552216231726376e+00,0.00000000000000000e+00,0.00000000000000000e+00,0.00000000000000000e+00,0.00000000000000000e+00,0.00000000000000000e+00,0.00000000000000000e+00,0.00000000000000000e+00,1.61238839006870548e-02,0.00000000000000000e+00,0.00000000000000000e+00,0.00000000000000000e+00,0.00000000000000000e+00,0.00000000000000000e+00,0.00000000000000000e+00,0.00000000000000000e+00,8.26888768560979592e+00,6.51829441777767804e-01,-1.16428769819130040e+00,1.78194979660981656e+00,6.34094320660146859e-11,2.72104769093360285e-11,3.76278432143582325e-11,5.58568549831296275e-12
-6.99999999999999956e-01,4.96585303791409527e-01,-5.50810204356410149e-01,6.53164357730879108e-01,2.85760570511268153e+00,0.00000000000000000e+00,0.00000000000000000e+00,0.00000000000000000e+00,0.00000000000000000e+00,0.00000000000000000e+00,0.00000000000000000e+00,0.00000000000000000e+00,1.61104682436247100e-02,0.00000000000000000e+00,0.00000000000000000e+00,0.00000000000000000e+00,0.00000000000000000e+00,0.00000000000000000e+00,0.00000000000000000e+00,0.00000000000000000e+00,8.16616991307957463e+00,6.53164357707114340e-01,-1.16304881772515434e+00,1.77350675196724583e+00,6.26889083900772274e-11,2.61627147795446991e-11,3.63840550251942763e-11,5.43299858662380204e-12
-6.95833333333333304e-01,4.98658725853427909e-01,-5.48455237652617389e-01,6.54491850815551501e-01,2.83980087122320546e+00,0.00000000000000000e+00,0.00000000000000000e+00,0.00000000000000000e+00,0.00000000000000000e+00,0.00000000000000000e+00,0.00000000000000000e+00,0.00000000000000000e+00,1.60976088034667647e-02,0.00000000000000000e+00,0.00000000000000000e+00,0.00000000000000000e+00,0.00000000000000000e+00,0.00000000000000000e+00,0.00000000000000000e+00,0.00000000000000000e+00,8.06472812120926541e+00,6.54491850792986218e-01,-1.16180476448794323e+00,1.76513157676504573e+00,6.15512425907204521e-11,2.45183382436725967e-11,3.44775614060986035e-11,5.15043738603051659e-12
-6.91666666666666652e-01,5.00740805197517291e-01,-5.46089115905796119e-01,6.55811822235355613e-01,2.82210696516581194e+00,0.00000000000000000e+00,0.00000000000000000e+00,0.00000000000000000e+00,0.00000000000000000e+00,0.00000000000000000e+00,0.00000000000000000e+00,0.00000000000000000e+00,1.60852939495875757e-02,0.00000000000000000e+00,0.00000000000000000e+00,0.00000000000000000e+00,0.00000000000000000e+00,0.00000000000000000e+00,0.00000000000000000e+00,0.00000000000000000e+00,7.96454645951883400e+00,6.55811822213614559e-01,-1.16055551688148961e+00,1.75682383569955536e+00,6.07769436640225925e-11,2.33934908891262634e-11,3.31513593772071088e-11,4.97077529185963891e-12
-6.87500000000000000e-01,5.02831577970940913e-01,-5.43711824108854991e-01,6.57124172884543944e-01,2.80452329579075021e+00,0.00000000000000000e+00,0.00000000000000000e+00,0.00000000000000000e+00,0.00000000000000000e+00,0.00000000000000000e+00,0.00000000000000000e+00,0.00000000000000000e+00,1.60735117954329057e-02,0.00000000000000000e+00,0.00000000000000000e+00,0.00000000000000000e+00,0.00000000000000000e+00,0.00000000000000000e+00,0.00000000000000000e+00,0.00000000000000000e+00,7.86560927441444946e+00,6.57124172863953637e-01,-1.15930105321743548e+00,1.74858309448173288e+00,5.96975656533550768e-11,2.18241779718027733e-11,3.13339671363200426e-11,4.69050400971806008e-12
-6.83333333333333348e-01,5.04931080471889726e-01,-5.41323347736749283e-01,6.58428803381454597e-01,2.78704917625834669e+00,0.00000000000000000e+00,0.00000000000000000e+00,0.00000000000000000e+00,0.00000000000000000e+00,0.00000000000000000e+00,0.00000000000000000e+00,0.00000000000000000e+00,1.60622501940979184e-02,0.00000000000000000e+00,0.00000000000000000e+00,0.00000000000000000e+00,0.00000000000000000e+00,0.00000000000000000e+00,0.00000000000000000e+00,0.00000000000000000e+00,7.76790110676362655e+00,6.58428803361814752e-01,-1.15804135171686617e+00,1.74040891981680135e+00,5.88132984962836610e-11,2.05335061824753068e-11,2.98283507728423033e-11,4.46343622202503408e-12
-6.79166666666666696e-01,5.07039349150112506e-01,-5.38923672752083194e-01,6.59725614073124134e-01,2.76968392400944108e+00,0.00000000000000000e+00,0.00000000000000000e+00,0.00000000000000000e+00,0.00000000000000000e+00,0.00000000000000000e+00,0.00000000000000000e+00,0.00000000000000000e+00,1.60514967341595441e-02,0.00000000000000000e+00,0.00000000000000000e+00,0.00000000000000000e+00,0.00000000000000000e+00,0.00000000000000000e+00,0.00000000000000000e+00,0.00000000000000000e+00,7.67140668946374227e+00,6.59725614054595733e-01,-1.15677639050993242e+00,1.73230087938310029e+00,5.77875833864091470e-11,1.90253570804131737e-11,2.80850108604900305e-11,4.18270459890247932e-12
-6.75000000000000044e-01,5.09156420607549176e-01,-5.36512785605763876e-01,6.61014505043148515e-01,2.75242686074061060e+00,0.00000000000000000e+00,0.00000000000000000e+00,0.00000000000000000e+00,0.00000000000000000e+00,0.00000000000000000e+00,0.00000000000000000e+00,0.00000000000000000e+00,1.60412387353624786e-02,0.00000000000000000e+00,0.00000000000000000e+00,0.00000000000000000e+00,0.00000000000000000e+00,0.00000000000000000e+00,0.00000000000000000e+00,0.00000000000000000e+00,7.57611094506657690e+00,6.61014505025777410e-01,-1.15550614763547044e+00,1.72425854181228444e+00,5.67214836374772489e-11,1.74590076780905085e-11,2.62794604698123770e-11,3.88169667275200745e-12
-6.70833333333333282e-01,5.11282331598965523e-01,-5.34090673240012914e-01,6.62295376118062995e-01,2.73527731237727467e+00,0.00000000000000000e+00,0.00000000000000000e+00,0.00000000000000000e+00,0.00000000000000000e+00,0.00000000000000000e+00,0.00000000000000000e+00,0.00000000000000000e+00,1.60314632443229223e-02,0.00000000000000000e+00,0.00000000000000000e+00,0.00000000000000000e+00,0.00000000000000000e+00,0.00000000000000000e+00,0.00000000000000000e+00,0.00000000000000000e+00,7.48199898341960168e+00,6.62295376101701416e-01,-1.15423060104062070e+00,1.71628147666953801e+00,5.58040131550704059e-11,1.60975919020216881e-11,2.47043529955030051e-11,3.61935417139835859e-12
-6.66666666666666630e-01,5.13417119032592018e-01,-5.31657323091716649e-01,6.63568126873470887e-01,2.71823460904640690e+00,0.00000000000000000e+00,0.00000000000000000e+00,0.00000000000000000e+00,0.00000000000000000e+00,0.00000000000000000e+00,0.00000000000000000e+00,0.00000000000000000e+00,1.60221570302645847e-02,0.00000000000000000e+00,0.00000000000000000e+00,0.00000000000000000e+00,0.00000000000000000e+00,0.00000000000000000e+00,0.00000000000000000e+00,0.00000000000000000e+00,7.38905609933357521e+00,6.63568126858499641e-01,-1.15294972858044487e+00,1.70836925443414689e+00,5.45299425579584521e-11,1.42211074984957639e-11,2.25617323358273144e-11,3.23344636825681844e-12
-6.62499999999999978e-01,5.15560819970764084e-01,-5.29212723091284754e-01,6.64832656643034925e-01,2.70129808505336877e+00,0.00000000000000000e+00,0.00000000000000000e+00,0.00000000000000000e+00,0.00000000000000000e+00,0.00000000000000000e+00,0.00000000000000000e+00,0.00000000000000000e+00,1.60133065806947680e-02,0.00000000000000000e+00,0.00000000000000000e+00,0.00000000000000000e+00,0.00000000000000000e+00,0.00000000000000000e+00,0.00000000000000000e+00,0.00000000000000000e+00,7.29726777030064433e+00,6.64832656628841279e-01,-1.15166350801754147e+00,1.70052144648134518e+00,5.38302545402299531e-11,1.31850877446481703e-11,2.13492013618763251e-11,3.03116193708810938e-12
-6.58333333333333326e-01,5.17713471630565691e-01,-5.26756861669902876e-01,6.66088864522252466e-01,2.68446707885136115e+00,0.00000000000000000e+00,0.00000000000000000e+00,0.00000000000000000e+00,0.00000000000000000e+00,0.00000000000000000e+00,0.00000000000000000e+00,0.00000000000000000e+00,1.60048980970836155e-02,0.00000000000000000e+00,0.00000000000000000e+00,0.00000000000000000e+00,0.00000000000000000e+00,0.00000000000000000e+00,0.00000000000000000e+00,0.00000000000000000e+00,7.20661965419985773e+00,6.66088864509353451e-01,-1.15037191702166064e+00,1.69273762506309788e+00,5.26446338354876103e-11,1.14492725891909919e-11,1.93653067579900770e-11,2.66156511736804105e-12
-6.54166666666666674e-01,5.19875111384475619e-01,-5.24289727754858270e-01,6.67336649379571822e-01,2.66774093302120052e+00,0.00000000000000000e+00,0.00000000000000000e+00,0.00000000000000000e+00,0.00000000000000000e+00,0.00000000000000000e+00,0.00000000000000000e+00,0.00000000000000000e+00,1.59969174905951056e-02,0.00000000000000000e+00,0.00000000000000000e+00,0.00000000000000000e+00,0.00000000000000000e+00,0.00000000000000000e+00,0.00000000000000000e+00,0.00000000000000000e+00,7.11709758708602624e+00,6.67336649367397450e-01,-1.14907493316931464e+00,1.68501736329147911e+00,5.19919813559544608e-11,1.04925536467864387e-11,1.82432249640009870e-11,2.46609911822244078e-12
-6.50000000000000022e-01,5.22045776761016045e-01,-5.21811310777519077e-01,6.68575909859798645e-01,2.65111899424032549e+00,0.00000000000000000e+00,0.00000000000000000e+00,0.00000000000000000e+00,0.00000000000000000e+00,0.00000000000000000e+00,0.00000000000000000e+00,0.00000000000000000e+00,1.59893503777025041e-02,0.00000000000000000e+00,0.00000000000000000e+00,0.00000000000000000e+00,0.00000000000000000e+00,0.00000000000000000e+00,0.00000000000000000e+00,0.00000000000000000e+00,7.02868758094733614e+00,6.68575909848773131e-01,-1.14777253394339041e+00,1.67736023512025700e+00,5.09400357130507309e-11,8.96330653213273694e-12,1.64910426367947581e-11,2.12989522954719894e-12
-6.45833333333333370e-01,5.24225505445404361e-01,-5.19321600668872341e-01,6.69806544395036951e-01,2.63460061326228701e+00,0.00000000000000000e+00,0.00000000000000000e+00,0.00000000000000000e+00,0.00000000000000000e+00,0.00000000000000000e+00,0.00000000000000000e+00,0.00000000000000000e+00,1.59821820759488975e-02,0.00000000000000000e+00,0.00000000000000000e+00,0.00000000000000000e+00,0.00000000000000000e+00,0.00000000000000000e+00,0.00000000000000000e+00,0.00000000000000000e+00,6.94137582154592803e+00,6.69806544384765945e-01,-1.14646469673275742e+00,1.66976581532916057e+00,5.02627259288199058e-11,7.97254337222131595e-12,1.53342877190740001e-11,1.91533248666219478e-12
-6.41666666666666718e-01,5.26414335280207091e-01,-5.16820587865976289e-01,6.71028451209078725e-01,2.61818514488718046e+00,0.00000000000000000e+00,0.00000000000000000e+00,0.00000000000000000e+00,0.00000000000000000e+00,0.00000000000000000e+00,0.00000000000000000e+00,0.00000000000000000e+00,1.59753975995363569e-02,0.00000000000000000e+00,0.00000000000000000e+00,0.00000000000000000e+00,0.00000000000000000e+00,0.00000000000000000e+00,0.00000000000000000e+00,0.00000000000000000e+00,6.85514866623636987e+00,6.71028451199994547e-01,-1.14515139883187578e+00,1.66223367950668721e+00,4.91878218905944393e-11,6.39815413313629321e-12,1.35376940249631131e-11,1.55389871571818791e-12
-6.37499999999999956e-01,5.28612304265997368e-01,-5.14308263308204228e-01,6.72241528327866211e-01,2.60187194794041288e+00,0.00000000000000000e+00,0.00000000000000000e+00,0.00000000000000000e+00,0.00000000000000000e+00,0.00000000000000000e+00,0.00000000000000000e+00,0.00000000000000000e+00,1.59689816551260161e-02,0.00000000000000000e+00,0.00000000000000000e+00,0.00000000000000000e+00,0.00000000000000000e+00,0.00000000000000000e+00,0.00000000000000000e+00,0.00000000000000000e+00,6.76999264185434058e+00,6.72241528319764470e-01,-1.14383261744040166e+00,1.65476340403518840e+00,4.83110548450831017e-11,5.10320919125970911e-12,1.20518313115072378e-11,1.25268152081667960e-12
-6.33333333333333304e-01,5.30819450562013961e-01,-5.11784618442436612e-01,6.73445673584716742e-01,2.58566038524438069e+00,0.00000000000000000e+00,0.00000000000000000e+00,0.00000000000000000e+00,0.00000000000000000e+00,0.00000000000000000e+00,0.00000000000000000e+00,0.00000000000000000e+00,1.59629186373660380e-02,0.00000000000000000e+00,0.00000000000000000e+00,0.00000000000000000e+00,0.00000000000000000e+00,0.00000000000000000e+00,0.00000000000000000e+00,0.00000000000000000e+00,6.68589444259354160e+00,6.73445673578075388e-01,-1.14250832966279159e+00,1.64735456607488340e+00,4.70053864505157264e-11,3.16327808346890566e-12,9.86175187379494924e-12,7.84829335039393769e-13
-6.29166666666666652e-01,5.33035812486824523e-01,-5.09249645219700064e-01,6.74640784630471724e-01,2.56954982359671025e+00,0.00000000000000000e+00,0.00000000000000000e+00,0.00000000000000000e+00,0.00000000000000000e+00,0.00000000000000000e+00,0.00000000000000000e+00,0.00000000000000000e+00,1.59571926247730929e-02,0.00000000000000000e+00,0.00000000000000000e+00,0.00000000000000000e+00,0.00000000000000000e+00,0.00000000000000000e+00,0.00000000000000000e+00,0.00000000000000000e+00,6.60284092794234834e+00,6.74640784625265222e-01,-1.14117851250790525e+00,1.64000674354983178e+00,4.57260815808016807e-11,1.26204945948008470e-12,7.71744314149955849e-12,3.16519933898564627e-13
-6.25000000000000000e-01,5.35261428518990279e-01,-5.06703336098656254e-01,6.75826758939784056e-01,2.55353963374345438e+00,0.00000000000000000e+00,0.00000000000000000e+00,0.00000000000000000e+00,0.00000000000000000e+00,0.00000000000000000e+00,0.00000000000000000e+00,0.00000000000000000e+00,1.59517873752355425e-02,0.00000000000000000e+00,0.00000000000000000e+00,0.00000000000000000e+00,0.00000000000000000e+00,0.00000000000000000e+00,0.00000000000000000e+00,0.00000000000000000e+00,6.52081912061911950e+00,6.75826758936157290e-01,-1.13984314288860578e+00,1.63271951513324276e+00,4.43206651171228984e-11,8.31402227464018214e-13,5.36641307345098042e-12,2.10902029724994294e-13
-6.20833333333333348e-01,5.37496337297734383e-01,-5.04145684044607467e-01,6.77003493819898328e-01,2.53762919035549972e+00,0.00000000000000000e+00,0.00000000000000000e+00,0.00000000000000000e+00,0.00000000000000000e+00,0.00000000000000000e+00,0.00000000000000000e+00,0.00000000000000000e+00,1.59466863218077799e-02,0.00000000000000000e+00,0.00000000000000000e+00,0.00000000000000000e+00,0.00000000000000000e+00,0.00000000000000000e+00,0.00000000000000000e+00,0.00000000000000000e+00,6.43981620454895509e+00,6.77003493818095103e-01,-1.13850219762135940e+00,1.62549246023403327e+00,4.26868800396571893e-11,3.24865651632867132e-12,2.66353756378204108e-12,8.32470074195591117e-13
-6.16666666666666696e-01,5.39740577623612605e-01,-5.01576682528011242e-01,6.78170886419738772e-01,2.52181787200541807e+00,0.00000000000000000e+00,0.00000000000000000e+00,0.00000000000000000e+00,0.00000000000000000e+00,0.00000000000000000e+00,0.00000000000000000e+00,0.00000000000000000e+00,1.59418725684942926e-02,0.00000000000000000e+00,0.00000000000000000e+00,0.00000000000000000e+00,0.00000000000000000e+00,0.00000000000000000e+00,0.00000000000000000e+00,0.00000000000000000e+00,6.35981952286692476e+00,6.78170886419071417e-01,-1.13715565342583247e+00,1.61832515898398821e+00,4.16824464324745893e-11,4.73297490463485552e-12,9.84051473554106137e-13,1.22562269236039465e-12
-6.12500000000000044e-01,5.41994188459187121e-01,-4.98996325529263984e-01,6.79328833735511450e-01,2.50610506113983211e+00,0.00000000000000000e+00,0.00000000000000000e+00,0.00000000000000000e+00,0.00000000000000000e+00,0.00000000000000000e+00,0.00000000000000000e+00,0.00000000000000000e+00,1.59373288856210042e-02,0.00000000000000000e+00,0.00000000000000000e+00,0.00000000000000000e+00,0.00000000000000000e+00,0.00000000000000000e+00,0.00000000000000000e+00,0.00000000000000000e+00,6.28081657592268972e+00,6.79328833736316029e-01,-1.13580348692448774e+00,1.61121719222435567e+00,4.03650063297496814e-11,6.66595829284933888e-12,1.18437284859625305e-12,1.74435335886104938e-12
-6.08333333333333282e-01,5.44257208929702418e-01,-4.96404607531323261e-01,6.80477232623031281e-01,2.49049014406036751e+00,0.00000000000000000e+00,0.00000000000000000e+00,0.00000000000000000e+00,0.00000000000000000e+00,0.00000000000000000e+00,0.00000000000000000e+00,0.00000000000000000e+00,1.59330377060607764e-02,0.00000000000000000e+00,0.00000000000000000e+00,0.00000000000000000e+00,0.00000000000000000e+00,0.00000000000000000e+00,0.00000000000000000e+00,0.00000000000000000e+00,6.20279501935237310e+00,6.80477232624377204e-01,-1.13444567464217849e+00,1.60416814149502285e+00,3.99029095164218634e-11,7.34256410126550809e-12,1.97791095458446532e-12,1.94160808459154365e-12
-6.04166666666666630e-01,5.46529678323765311e-01,-4.93801523526754327e-01,6.81615979802113858e-01,2.47497251089454329e+00,0.00000000000000000e+00,0.00000000000000000e+00,0.00000000000000000e+00,0.00000000000000000e+00,0.00000000000000000e+00,0.00000000000000000e+00,0.00000000000000000e+00,1.59289811203867024e-02,0.00000000000000000e+00,0.00000000000000000e+00,0.00000000000000000e+00,0.00000000000000000e+00,0.00000000000000000e+00,0.00000000000000000e+00,0.00000000000000000e+00,6.12574266212317387e+00,6.81615979804071626e-01,-1.13308219300574087e+00,1.59717758902175677e+00,3.93727793865126366e-11,8.11196317771343828e-12,2.87224381415875125e-12,2.16737049618882931e-12
-5.99999999999999978e-01,5.48811636094026389e-01,-4.91187069010739497e-01,6.82744971868670558e-01,2.45955155557640648e+00,0.00000000000000000e+00,0.00000000000000000e+00,0.00000000000000000e+00,0.00000000000000000e+00,0.00000000000000000e+00,0.00000000000000000e+00,0.00000000000000000e+00,1.59251408730942054e-02,0.00000000000000000e+00,0.00000000000000000e+00,0.00000000000000000e+00,0.00000000000000000e+00,0.00000000000000000e+00,0.00000000000000000e+00,0.00000000000000000e+00,6.04964746465014880e+00,6.82744971870845263e-01,-1.13171301834358418e+00,1.59024511770634791e+00,3.92095631336910043e-11,8.34962160013057360e-12,3.18523746088773130e-12,2.25426838618077508e-12
-5.95833333333333326e-01,5.51103121857865585e-01,-4.88561239983949902e-01,6.83864105301408509e-01,2.44422667582036146e+00,0.00000000000000000e+00,0.00000000000000000e+00,0.00000000000000000e+00,0.00000000000000000e+00,0.00000000000000000e+00,0.00000000000000000e+00,0.00000000000000000e+00,1.59214983580479898e-02,0.00000000000000000e+00,0.00000000000000000e+00,0.00000000000000000e+00,0.00000000000000000e+00,0.00000000000000000e+00,0.00000000000000000e+00,0.00000000000000000e+00,5.97449753690181939e+00,6.83864105303761294e-01,-1.13033812688528057e+00,1.58337031111560256e+00,3.90819478422638522e-11,8.53418149974027533e-12,3.44042714852033835e-12,2.32791269690785576e-12
-5.91666666666666674e-01,5.53404175398079290e-01,-4.85924032949496321e-01,6.84973276471767978e-01,2.42899727309908231e+00,0.00000000000000000e+00,0.00000000000000000e+00,0.00000000000000000e+00,0.00000000000000000e+00,0.00000000000000000e+00,0.00000000000000000e+00,0.00000000000000000e+00,1.59180346143986719e-02,0.00000000000000000e+00,0.00000000000000000e+00,0.00000000000000000e+00,0.00000000000000000e+00,0.00000000000000000e+00,0.00000000000000000e+00,0.00000000000000000e+00,5.90028113654876307e+00,6.84973276474316939e-01,-1.12895749476115248e+00,1.57655275347186219e+00,3.89384456521714681e-11,8.74241544285652520e-12,3.72125618587175682e-12,2.40937365433831104e-12
-5.87500000000000022e-01,5.55714836663571354e-01,-4.83275444911860419e-01,6.86072381652776953e-01,2.41386275262005823e+00,0.00000000000000000e+00,0.00000000000000000e+00,0.00000000000000000e+00,0.00000000000000000e+00,0.00000000000000000e+00,0.00000000000000000e+00,0.00000000000000000e+00,1.59147303223406179e-02,0.00000000000000000e+00,0.00000000000000000e+00,0.00000000000000000e+00,0.00000000000000000e+00,0.00000000000000000e+00,0.00000000000000000e+00,0.00000000000000000e+00,5.82698666712771729e+00,6.86072381655487784e-01,-1.12757109800185717e+00,1.56979202964372067e+00,3.88267619694519631e-11,8.90431149294872685e-12,3.95123259835358403e-12,2.47900925929615736e-12
-5.83333333333333370e-01,5.58035145770047092e-01,-4.80615473375652802e-01,6.87161317028006535e-01,2.39882252330227486e+00,0.00000000000000000e+00,0.00000000000000000e+00,0.00000000000000000e+00,0.00000000000000000e+00,0.00000000000000000e+00,0.00000000000000000e+00,0.00000000000000000e+00,1.59115657988747987e-02,0.00000000000000000e+00,0.00000000000000000e+00,0.00000000000000000e+00,0.00000000000000000e+00,0.00000000000000000e+00,0.00000000000000000e+00,0.00000000000000000e+00,5.75460267622846544e+00,6.87161317030890006e-01,-1.12617891253797175e+00,1.56308772513729166e+00,3.87054905607729071e-11,9.07988011173214611e-12,4.19620716139182186e-12,2.55375858826883187e-12
-5.79166666666666718e-01,5.60365143000708721e-01,-4.77944116343592074e-01,6.88239978700945776e-01,2.38387599775341918e+00,0.00000000000000000e+00,0.00000000000000000e+00,0.00000000000000000e+00,0.00000000000000000e+00,0.00000000000000000e+00,0.00000000000000000e+00,0.00000000000000000e+00,1.59085209936424866e-02,0.00000000000000000e+00,0.00000000000000000e+00,0.00000000000000000e+00,0.00000000000000000e+00,0.00000000000000000e+00,0.00000000000000000e+00,0.00000000000000000e+00,5.68311785370506506e+00,6.88239978704032196e-01,-1.12478091419957482e+00,1.55643942608814778e+00,3.85562712296303591e-11,9.29535966046792167e-12,4.48451136806919847e-12,2.64069982720227402e-12
-5.74999999999999956e-01,5.62704868806955694e-01,-4.75261372314362884e-01,6.89308262704440677e-01,2.36902259224715461e+00,0.00000000000000000e+00,0.00000000000000000e+00,0.00000000000000000e+00,0.00000000000000000e+00,0.00000000000000000e+00,0.00000000000000000e+00,0.00000000000000000e+00,1.59055754847740316e-02,0.00000000000000000e+00,0.00000000000000000e+00,0.00000000000000000e+00,0.00000000000000000e+00,0.00000000000000000e+00,0.00000000000000000e+00,0.00000000000000000e+00,5.61252102990892965e+00,6.89308262707689745e-01,-1.12337707871582659e+00,1.54984671925380613e+00,3.84451237047293662e-11,9.45683497750268003e-12,4.71351912829649386e-12,2.71387096712859552e-12
-5.70833333333333304e-01,5.65054363809086468e-01,-4.72567240280730549e-01,6.90366065010000085e-01,2.35426172670024858e+00,0.00000000000000000e+00,0.00000000000000000e+00,0.00000000000000000e+00,0.00000000000000000e+00,0.00000000000000000e+00,0.00000000000000000e+00,0.00000000000000000e+00,1.59027084747022200e-02,0.00000000000000000e+00,0.00000000000000000e+00,0.00000000000000000e+00,0.00000000000000000e+00,0.00000000000000000e+00,0.00000000000000000e+00,0.00000000000000000e+00,5.54280117394246741e+00,6.90366065013418129e-01,-1.12196738171454813e+00,1.54330919200671302e+00,3.83281243375265459e-11,9.62583660023340121e-12,4.95105973357342731e-12,2.79005031264767677e-12
-5.66666666666666652e-01,5.67413668797003834e-01,-4.69861719726843485e-01,6.91413281537534119e-01,2.33959282465021801e+00,0.00000000000000000e+00,0.00000000000000000e+00,0.00000000000000000e+00,0.00000000000000000e+00,0.00000000000000000e+00,0.00000000000000000e+00,0.00000000000000000e+00,1.58998987860622179e-02,0.00000000000000000e+00,0.00000000000000000e+00,0.00000000000000000e+00,0.00000000000000000e+00,0.00000000000000000e+00,0.00000000000000000e+00,0.00000000000000000e+00,5.47394739193619273e+00,6.91413281541155333e-01,-1.12055179872179766e+00,1.53682643232789284e+00,3.81795454160538181e-11,9.83991322773958267e-12,5.23740942804600382e-12,2.88057603654456799e-12
-5.62500000000000000e-01,5.69782824730923010e-01,-4.67144810625407969e-01,6.92449808165158331e-01,2.32501531323305555e+00,0.00000000000000000e+00,0.00000000000000000e+00,0.00000000000000000e+00,0.00000000000000000e+00,0.00000000000000000e+00,0.00000000000000000e+00,0.00000000000000000e+00,1.58971248576099920e-02,0.00000000000000000e+00,0.00000000000000000e+00,0.00000000000000000e+00,0.00000000000000000e+00,0.00000000000000000e+00,0.00000000000000000e+00,0.00000000000000000e+00,5.40594892534694171e+00,6.92449808168947190e-01,-1.11913030516144607e+00,1.53039802880116338e+00,3.80645388039049890e-11,1.00061994279030861e-11,5.47167184024094384e-12,2.95829649815365939e-12
-5.58333333333333348e-01,5.72161872742082966e-01,-4.64416513435136291e-01,6.93475540738856977e-01,2.31052862316079022e+00,0.00000000000000000e+00,0.00000000000000000e+00,0.00000000000000000e+00,0.00000000000000000e+00,0.00000000000000000e+00,0.00000000000000000e+00,0.00000000000000000e+00,1.58943647401005757e-02,0.00000000000000000e+00,0.00000000000000000e+00,0.00000000000000000e+00,0.00000000000000000e+00,0.00000000000000000e+00,0.00000000000000000e+00,0.00000000000000000e+00,5.33879514927578835e+00,6.93475540742811258e-01,-1.11770287635475007e+00,1.52402357060783578e+00,3.79509128226405335e-11,1.01692651550963821e-11,5.70212086005487717e-12,3.03624876725014707e-12
-5.54166666666666696e-01,5.74550854133460409e-01,-4.61676829097431962e-01,6.94490375082548406e-01,2.29613218869953162e+00,0.00000000000000000e+00,0.00000000000000000e+00,0.00000000000000000e+00,0.00000000000000000e+00,0.00000000000000000e+00,0.00000000000000000e+00,0.00000000000000000e+00,1.58915960922577440e-02,0.00000000000000000e+00,0.00000000000000000e+00,0.00000000000000000e+00,0.00000000000000000e+00,0.00000000000000000e+00,0.00000000000000000e+00,0.00000000000000000e+00,5.27247557080846097e+00,6.94490375086694423e-01,-1.11626948751992372e+00,1.51770264752208472e+00,3.78132448790190215e-11,1.03662217093382814e-11,5.96986943504095356e-12,3.12540745311010686e-12
-5.50000000000000044e-01,5.76949810380486650e-01,-4.58925759032938196e-01,6.95494207008222065e-01,2.28182544764759099e+00,0.00000000000000000e+00,0.00000000000000000e+00,0.00000000000000000e+00,0.00000000000000000e+00,0.00000000000000000e+00,0.00000000000000000e+00,0.00000000000000000e+00,1.58887961767645997e-02,0.00000000000000000e+00,0.00000000000000000e+00,0.00000000000000000e+00,0.00000000000000000e+00,0.00000000000000000e+00,0.00000000000000000e+00,0.00000000000000000e+00,5.20697982737607568e+00,6.95494207012549603e-01,-1.11483011377170804e+00,1.51143484990687749e+00,3.76852134933363759e-11,1.05498404924615687e-11,6.22224927835856256e-12,3.21184053994096928e-12
-5.45833333333333282e-01,5.79358783131767918e-01,-4.56163305138132302e-01,6.96486932326053410e-01,2.26760784131358184e+00,0.00000000000000000e+00,0.00000000000000000e+00,0.00000000000000000e+00,0.00000000000000000e+00,0.00000000000000000e+00,0.00000000000000000e+00,0.00000000000000000e+00,1.58859418562434553e-02,0.00000000000000000e+00,0.00000000000000000e+00,0.00000000000000000e+00,0.00000000000000000e+00,0.00000000000000000e+00,0.00000000000000000e+00,0.00000000000000000e+00,5.14229768513550312e+00,6.96486932330545372e-01,-1.11338473012093919e+00,1.50521976871043139e+00,3.75744047022887173e-11,1.07096688637867619e-11,6.44945676525851205e-12,3.29212457109246071e-12
-5.41666666666666630e-01,5.81777814209808342e-01,-4.53389469781563470e-01,6.97468446854704549e-01,2.25347881449474263e+00,0.00000000000000000e+00,0.00000000000000000e+00,0.00000000000000000e+00,0.00000000000000000e+00,0.00000000000000000e+00,0.00000000000000000e+00,0.00000000000000000e+00,1.58830095892802878e-02,0.00000000000000000e+00,0.00000000000000000e+00,0.00000000000000000e+00,0.00000000000000000e+00,0.00000000000000000e+00,0.00000000000000000e+00,0.00000000000000000e+00,5.07841903737024403e+00,6.97468446859380808e-01,-1.11193331147411500e+00,1.49905699546326932e+00,3.74452267485725412e-11,1.08959590359246569e-11,6.70461782289623425e-12,3.38169707501317991e-12
-5.37499999999999978e-01,5.84206945611735806e-01,-4.50604255799675613e-01,6.98438646431845389e-01,2.23943781545550591e+00,0.00000000000000000e+00,0.00000000000000000e+00,0.00000000000000000e+00,0.00000000000000000e+00,0.00000000000000000e+00,0.00000000000000000e+00,0.00000000000000000e+00,1.58799754265101060e-02,0.00000000000000000e+00,0.00000000000000000e+00,0.00000000000000000e+00,0.00000000000000000e+00,0.00000000000000000e+00,0.00000000000000000e+00,0.00000000000000000e+00,5.01533390291167525e+00,6.98438646436715382e-01,-1.11047583263295846e+00,1.49294612227587820e+00,3.73089792623126048e-11,1.10944628277259147e-11,6.97268589354829324e-12,3.47638288792477726e-12
-5.33333333333333326e-01,5.86646219510031819e-01,-4.47807666492606449e-01,6.99397426924684096e-01,2.22548429590608565e+00,0.00000000000000000e+00,0.00000000000000000e+00,0.00000000000000000e+00,0.00000000000000000e+00,0.00000000000000000e+00,0.00000000000000000e+00,0.00000000000000000e+00,1.58768150067070332e-02,0.00000000000000000e+00,0.00000000000000000e+00,0.00000000000000000e+00,0.00000000000000000e+00,0.00000000000000000e+00,0.00000000000000000e+00,0.00000000000000000e+00,4.95303242457936310e+00,6.99397426929718513e-01,-1.10901226829398092e+00,1.48688674183690916e+00,3.71990644291398162e-11,1.12532327697985309e-11,7.19822111666295388e-12,3.56001379321575105e-12
-5.29166666666666674e-01,5.89095678253262589e-01,-4.44999705619920971e-01,7.00344684240534199e-01,2.21161771098111037e+00,0.00000000000000000e+00,0.00000000000000000e+00,0.00000000000000000e+00,0.00000000000000000e+00,0.00000000000000000e+00,0.00000000000000000e+00,0.00000000000000000e+00,1.58735035528757423e-02,0.00000000000000000e+00,0.00000000000000000e+00,0.00000000000000000e+00,0.00000000000000000e+00,0.00000000000000000e+00,0.00000000000000000e+00,0.00000000000000000e+00,4.89150486764036874e+00,7.00344684245745697e-01,-1.10754259304804248e+00,1.48087844741191388e+00,3.70773947609582300e-11,1.14285594385831143e-11,7.44133284242116382e-12,3.64991352300931489e-12
-5.25000000000000022e-01,5.91555364366815106e-01,-4.42180377395732072e-01,7.01280314337701660e-01,2.19783751921861503e+00,0.00000000000000000e+00,0.00000000000000000e+00,0.00000000000000000e+00,0.00000000000000000e+00,0.00000000000000000e+00,0.00000000000000000e+00,0.00000000000000000e+00,1.58700158684420799e-02,0.00000000000000000e+00,0.00000000000000000e+00,0.00000000000000000e+00,0.00000000000000000e+00,0.00000000000000000e+00,0.00000000000000000e+00,0.00000000000000000e+00,4.83074161828870086e+00,7.01280314343113331e-01,-1.10606678137991099e+00,1.47492083284272169e+00,3.69346439835579186e-11,1.16344760305739413e-11,7.71684446368918100e-12,3.75070473096224724e-12
-5.20833333333333370e-01,5.94025320553634995e-01,-4.39349686483735402e-01,7.02204213236420127e-01,2.18414318253908668e+00,0.00000000000000000e+00,0.00000000000000000e+00,0.00000000000000000e+00,0.00000000000000000e+00,0.00000000000000000e+00,0.00000000000000000e+00,0.00000000000000000e+00,1.58663263334605821e-02,0.00000000000000000e+00,0.00000000000000000e+00,0.00000000000000000e+00,0.00000000000000000e+00,0.00000000000000000e+00,0.00000000000000000e+00,0.00000000000000000e+00,4.77073318214329056e+00,7.02204213241995223e-01,-1.10458480766781886e+00,1.46901349254735747e+00,3.68261862410765477e-11,1.17908709066081108e-11,7.93942251459602675e-12,3.83669915106146409e-12
-5.16666666666666718e-01,5.96505589694968363e-01,-4.36507637992393172e-01,7.03116277029703918e-01,2.17053416622442663e+00,0.00000000000000000e+00,0.00000000000000000e+00,0.00000000000000000e+00,0.00000000000000000e+00,0.00000000000000000e+00,0.00000000000000000e+00,0.00000000000000000e+00,1.58624089007868320e-02,0.00000000000000000e+00,0.00000000000000000e+00,0.00000000000000000e+00,0.00000000000000000e+00,0.00000000000000000e+00,0.00000000000000000e+00,0.00000000000000000e+00,4.71147018276370222e+00,7.03116277035450210e-01,-1.10309664618301895e+00,1.46315602152045421e+00,3.67102874171639068e-11,1.19570035974551955e-11,8.17260603762862980e-12,3.92701444445303101e-12
-5.12499999999999956e-01,5.98996214851105435e-01,-4.33654237469374426e-01,7.04016401894594357e-01,2.15700993889734427e+00,0.00000000000000000e+00,0.00000000000000000e+00,0.00000000000000000e+00,0.00000000000000000e+00,0.00000000000000000e+00,0.00000000000000000e+00,0.00000000000000000e+00,1.58582370923813949e-02,0.00000000000000000e+00,0.00000000000000000e+00,0.00000000000000000e+00,0.00000000000000000e+00,0.00000000000000000e+00,0.00000000000000000e+00,0.00000000000000000e+00,4.65294336018560362e+00,7.04016401900544153e-01,-1.10160227108933673e+00,1.45734801533431968e+00,3.65648398966696544e-11,1.21662784979529595e-11,8.45121817504075659e-12,4.03281550238626784e-12
-5.08333333333333304e-01,6.01497239262128836e-01,-4.30789490895860938e-01,7.04904484103478168e-01,2.14356997250083570e+00,0.00000000000000000e+00,0.00000000000000000e+00,0.00000000000000000e+00,0.00000000000000000e+00,0.00000000000000000e+00,0.00000000000000000e+00,0.00000000000000000e+00,1.58537839956429012e-02,0.00000000000000000e+00,0.00000000000000000e+00,0.00000000000000000e+00,0.00000000000000000e+00,0.00000000000000000e+00,0.00000000000000000e+00,0.00000000000000000e+00,4.59514356947421376e+00,7.04904484109590723e-01,-1.10010165644272262e+00,1.45158907014054517e+00,3.64570870228228061e-11,1.23204204340802479e-11,8.67146548854754087e-12,4.12157180823856179e-12
-5.04166666666666652e-01,6.04008706348664104e-01,-4.27913404681145582e-01,7.05780420035247436e-01,2.13021374227748739e+00,0.00000000000000000e+00,0.00000000000000000e+00,0.00000000000000000e+00,0.00000000000000000e+00,0.00000000000000000e+00,0.00000000000000000e+00,0.00000000000000000e+00,1.58490222596754833e-02,0.00000000000000000e+00,0.00000000000000000e+00,0.00000000000000000e+00,0.00000000000000000e+00,0.00000000000000000e+00,0.00000000000000000e+00,0.00000000000000000e+00,4.53806177929444576e+00,7.05780420041526080e-01,-1.09859477619080148e+00,1.44587878267207226e+00,3.63465140343968775e-11,1.24795801830425181e-11,8.89603068160098691e-12,4.21303302477487238e-12
-5.00000000000000000e-01,6.06530659712633424e-01,-4.25025985656399041e-01,7.06644106186903098e-01,2.11694072674926748e+00,0.00000000000000000e+00,0.00000000000000000e+00,0.00000000000000000e+00,0.00000000000000000e+00,0.00000000000000000e+00,0.00000000000000000e+00,0.00000000000000000e+00,1.58439240917172056e-02,0.00000000000000000e+00,0.00000000000000000e+00,0.00000000000000000e+00,0.00000000000000000e+00,0.00000000000000000e+00,0.00000000000000000e+00,0.00000000000000000e+00,4.48168907050034093e+00,7.06644106193376365e-01,-1.09708160417241984e+00,1.44021675024591911e+00,3.62087623619792699e-11,1.26754857778269149e-11,9.16057504852095876e-12,4.31837550828083751e-12
-4.95833333333333348e-01,6.09063143138012797e-01,-4.22127241068365244e-01,7.07495439185196417e-01,2.10375040769735744e+00,0.00000000000000000e+00,0.00000000000000000e+00,0.00000000000000000e+00,0.00000000000000000e+00,0.00000000000000000e+00,0.00000000000000000e+00,0.00000000000000000e+00,1.58384612535867157e-02,0.00000000000000000e+00,0.00000000000000000e+00,0.00000000000000000e+00,0.00000000000000000e+00,0.00000000000000000e+00,0.00000000000000000e+00,0.00000000000000000e+00,4.42601663474167939e+00,7.07495439191841435e-01,-1.09556211411719229e+00,1.43460257076642828e+00,3.60922968033748413e-11,1.28414793567597526e-11,9.39231195169176965e-12,4.41438478154588443e-12
-4.91666666666666641e-01,6.11606200591591986e-01,-4.19217178573181692e-01,7.08334315798201830e-01,2.09064227014191140e+00,0.00000000000000000e+00,0.00000000000000000e+00,0.00000000000000000e+00,0.00000000000000000e+00,0.00000000000000000e+00,0.00000000000000000e+00,0.00000000000000000e+00,1.58326050580970268e-02,0.00000000000000000e+00,0.00000000000000000e+00,0.00000000000000000e+00,0.00000000000000000e+00,0.00000000000000000e+00,0.00000000000000000e+00,0.00000000000000000e+00,4.37103577308705038e+00,7.08334315805009163e-01,-1.09403627964504491e+00,1.42903584272898510e+00,3.59852569474134712e-11,1.29939800114844338e-11,9.61033840038193884e-12,4.50712363485773386e-12
-4.87499999999999989e-01,6.14159876223737800e-01,-4.16295806229665000e-01,7.09160632947176239e-01,2.07761580232212451e+00,0.00000000000000000e+00,0.00000000000000000e+00,0.00000000000000000e+00,0.00000000000000000e+00,0.00000000000000000e+00,0.00000000000000000e+00,0.00000000000000000e+00,1.58263263655789785e-02,0.00000000000000000e+00,0.00000000000000000e+00,0.00000000000000000e+00,0.00000000000000000e+00,0.00000000000000000e+00,0.00000000000000000e+00,0.00000000000000000e+00,4.31673789466483537e+00,7.09160632954166203e-01,-1.09250407426575724e+00,1.42351616522433355e+00,3.58587032491873715e-11,1.31737497450575227e-11,9.85667257631284036e-12,4.61030037068299736e-12
-4.83333333333333337e-01,6.16724214369160806e-01,-4.13363132492347185e-01,7.09974287718553754e-01,2.06467049567644656e+00,0.00000000000000000e+00,0.00000000000000000e+00,0.00000000000000000e+00,0.00000000000000000e+00,0.00000000000000000e+00,0.00000000000000000e+00,0.00000000000000000e+00,1.58195955804623332e-02,0.00000000000000000e+00,0.00000000000000000e+00,0.00000000000000000e+00,0.00000000000000000e+00,0.00000000000000000e+00,0.00000000000000000e+00,0.00000000000000000e+00,4.26311451532115271e+00,7.09974287725725017e-01,-1.09096547137850353e+00,1.41804313794342796e+00,3.57334810296163378e-11,1.33511499300636637e-11,1.01007370364539917e-11,4.71375654191392533e-12
-4.79166666666666685e-01,6.19299259547684833e-01,-4.10419166204520125e-01,7.10775177375936096e-01,2.05180584482279027e+00,0.00000000000000000e+00,0.00000000000000000e+00,0.00000000000000000e+00,0.00000000000000000e+00,0.00000000000000000e+00,0.00000000000000000e+00,0.00000000000000000e+00,1.58123826478526811e-02,0.00000000000000000e+00,0.00000000000000000e+00,0.00000000000000000e+00,0.00000000000000000e+00,0.00000000000000000e+00,0.00000000000000000e+00,0.00000000000000000e+00,4.21015725629396620e+00,7.10775177383266010e-01,-1.08942044427138907e+00,1.41261636118276379e+00,3.56296025382630784e-11,1.34985529345575834e-11,1.03125639251576640e-11,4.80812807726721576e-12
-4.74999999999999978e-01,6.21885056465020125e-01,-4.07463916591071951e-01,7.11563199372192479e-01,2.03902134753885900e+00,0.00000000000000000e+00,0.00000000000000000e+00,0.00000000000000000e+00,0.00000000000000000e+00,0.00000000000000000e+00,0.00000000000000000e+00,0.00000000000000000e+00,1.58046570501485413e-02,0.00000000000000000e+00,0.00000000000000000e+00,0.00000000000000000e+00,0.00000000000000000e+00,0.00000000000000000e+00,0.00000000000000000e+00,0.00000000000000000e+00,4.15785784290365701e+00,7.11563199379695477e-01,-1.08786896612098793e+00,1.40723543585022748e+00,3.55112623073903713e-11,1.36645940034708502e-11,1.05443876654385744e-11,4.91000173282258330e-12
-4.70833333333333326e-01,6.24481650013539058e-01,-4.04497393250867088e-01,7.12338251361812169e-01,2.02631650474274227e+00,0.00000000000000000e+00,0.00000000000000000e+00,0.00000000000000000e+00,0.00000000000000000e+00,0.00000000000000000e+00,0.00000000000000000e+00,0.00000000000000000e+00,1.57963878037704550e-02,0.00000000000000000e+00,0.00000000000000000e+00,0.00000000000000000e+00,0.00000000000000000e+00,0.00000000000000000e+00,0.00000000000000000e+00,0.00000000000000000e+00,4.10620810326049135e+00,7.12338251369502129e-01,-1.08631100999187646e+00,1.40189996347150392e+00,3.53801980522402001e-11,1.38489105574711411e-11,1.07953767262699356e-11,5.01952867785110029e-12
-4.66666666666666674e-01,6.27089085273056068e-01,-4.01519606149076835e-01,7.13100231213285696e-01,2.01369082047353132e+00,0.00000000000000000e+00,0.00000000000000000e+00,0.00000000000000000e+00,0.00000000000000000e+00,0.00000000000000000e+00,0.00000000000000000e+00,0.00000000000000000e+00,1.57875434559030178e-02,0.00000000000000000e+00,0.00000000000000000e+00,0.00000000000000000e+00,0.00000000000000000e+00,0.00000000000000000e+00,0.00000000000000000e+00,0.00000000000000000e+00,4.05519996698773610e+00,7.13100231221131198e-01,-1.08474654883616628e+00,1.39660954619695832e+00,3.52785469930040372e-11,1.39919816425986367e-11,1.10019625325058324e-11,5.11534534606425501e-12
-4.62500000000000022e-01,6.29707407511610029e-01,-3.98530565609533205e-01,7.13849037021466515e-01,2.00114380187193097e+00,0.00000000000000000e+00,0.00000000000000000e+00,0.00000000000000000e+00,0.00000000000000000e+00,0.00000000000000000e+00,0.00000000000000000e+00,0.00000000000000000e+00,1.57780920812207182e-02,0.00000000000000000e+00,0.00000000000000000e+00,0.00000000000000000e+00,0.00000000000000000e+00,0.00000000000000000e+00,0.00000000000000000e+00,0.00000000000000000e+00,4.00482546396016925e+00,7.13849037029476774e-01,-1.08317555549303401e+00,1.39136378680896922e+00,3.51685191663875978e-11,1.41465171007037822e-11,1.12212228456641302e-11,5.21638624169773481e-12
-4.58333333333333315e-01,6.32336662186249732e-01,-3.95530282306491454e-01,7.14584567120267522e-01,1.98867495916120407e+00,0.00000000000000000e+00,0.00000000000000000e+00,0.00000000000000000e+00,0.00000000000000000e+00,0.00000000000000000e+00,0.00000000000000000e+00,0.00000000000000000e+00,1.57680012787695181e-02,0.00000000000000000e+00,0.00000000000000000e+00,0.00000000000000000e+00,0.00000000000000000e+00,0.00000000000000000e+00,0.00000000000000000e+00,0.00000000000000000e+00,3.95507672305914415e+00,7.14584567128466963e-01,-1.08159800268825013e+00,1.38616228872982905e+00,3.50352080151665849e-11,1.43333105482653719e-11,1.14744167496029166e-11,5.33049176191397974e-12
-4.54166666666666663e-01,6.34976894943824033e-01,-3.92518767256304357e-01,7.15306720095410409e-01,1.97628380562817973e+00,0.00000000000000000e+00,0.00000000000000000e+00,0.00000000000000000e+00,0.00000000000000000e+00,0.00000000000000000e+00,0.00000000000000000e+00,0.00000000000000000e+00,1.57572381688766451e-02,0.00000000000000000e+00,0.00000000000000000e+00,0.00000000000000000e+00,0.00000000000000000e+00,0.00000000000000000e+00,0.00000000000000000e+00,0.00000000000000000e+00,3.90594597094291140e+00,7.15306720103762950e-01,-1.08001386303370550e+00,1.38100465603010769e+00,3.49362969517325241e-11,1.44720316966675343e-11,1.16768662259328610e-11,5.42789608404103611e-12
-4.50000000000000011e-01,6.37628151621773331e-01,-3.89496031809268339e-01,7.16015394797066995e-01,1.96396985760414755e+00,0.00000000000000000e+00,0.00000000000000000e+00,0.00000000000000000e+00,0.00000000000000000e+00,0.00000000000000000e+00,0.00000000000000000e+00,0.00000000000000000e+00,1.57457693899999140e-02,0.00000000000000000e+00,0.00000000000000000e+00,0.00000000000000000e+00,0.00000000000000000e+00,0.00000000000000000e+00,0.00000000000000000e+00,0.00000000000000000e+00,3.85742553083133899e+00,7.16015394805577521e-01,-1.07842310902693606e+00,1.37589049343741077e+00,3.48326930595020818e-11,1.46171053430417646e-11,1.18859534017107216e-11,5.52849324185794275e-12
-4.45833333333333359e-01,6.40290478248925932e-01,-3.86462087640807861e-01,7.16710490352887142e-01,1.95173263444614831e+00,0.00000000000000000e+00,0.00000000000000000e+00,0.00000000000000000e+00,0.00000000000000000e+00,0.00000000000000000e+00,0.00000000000000000e+00,0.00000000000000000e+00,1.57335610957666204e-02,0.00000000000000000e+00,0.00000000000000000e+00,0.00000000000000000e+00,0.00000000000000000e+00,0.00000000000000000e+00,0.00000000000000000e+00,0.00000000000000000e+00,3.80950782130685628e+00,7.16710490361583519e-01,-1.07682571305064445e+00,1.37081940634570199e+00,3.47012542923628909e-11,1.47998137911886289e-11,1.21337374976910014e-11,5.64462349023200371e-12
-4.41666666666666652e-01,6.42963921046297404e-01,-3.83416946742562270e-01,7.17391906181084504e-01,1.93957165851831914e+00,0.00000000000000000e+00,0.00000000000000000e+00,0.00000000000000000e+00,0.00000000000000000e+00,0.00000000000000000e+00,0.00000000000000000e+00,0.00000000000000000e+00,1.57205789520473531e-02,0.00000000000000000e+00,0.00000000000000000e+00,0.00000000000000000e+00,0.00000000000000000e+00,0.00000000000000000e+00,0.00000000000000000e+00,0.00000000000000000e+00,3.76218535513009034e+00,7.17391906189933759e-01,-1.07522164737222159e+00,1.36579100082506799e+00,3.46021938321644999e-11,1.49380382643029050e-11,1.23353143324101601e-11,5.74494725464351216e-12
-4.37500000000000000e-01,6.45648526427892056e-01,-3.80360621413680433e-01,7.18059542003393836e-01,1.92748645517311457e+00,0.00000000000000000e+00,0.00000000000000000e+00,0.00000000000000000e+00,0.00000000000000000e+00,0.00000000000000000e+00,0.00000000000000000e+00,0.00000000000000000e+00,1.57067881339539583e-02,0.00000000000000000e+00,0.00000000000000000e+00,0.00000000000000000e+00,0.00000000000000000e+00,0.00000000000000000e+00,0.00000000000000000e+00,0.00000000000000000e+00,3.71545073806930404e+00,7.18059542012394636e-01,-1.07361088414326478e+00,1.36080488363184204e+00,3.45045934479990736e-11,1.50745889611421880e-11,1.25348938056249706e-11,5.84551968178038063e-12
-4.33333333333333348e-01,6.48344341001509727e-01,-3.77293124251488698e-01,7.18713297858399880e-01,1.91547655273289741e+00,0.00000000000000000e+00,0.00000000000000000e+00,0.00000000000000000e+00,0.00000000000000000e+00,0.00000000000000000e+00,0.00000000000000000e+00,0.00000000000000000e+00,1.56921533230323790e-02,0.00000000000000000e+00,0.00000000000000000e+00,0.00000000000000000e+00,0.00000000000000000e+00,0.00000000000000000e+00,0.00000000000000000e+00,0.00000000000000000e+00,3.66929666774541774e+00,7.18713297867573209e-01,-1.07199339539909411e+00,1.35586066221926504e+00,3.43862340563581231e-11,1.52391394663231199e-11,1.27635439478929095e-11,5.95780113343354756e-12
-4.29166666666666641e-01,6.51051411569554483e-01,-3.74214468142088141e-01,7.19353074114914448e-01,1.90354148247157706e+00,0.00000000000000000e+00,0.00000000000000000e+00,0.00000000000000000e+00,0.00000000000000000e+00,0.00000000000000000e+00,0.00000000000000000e+00,0.00000000000000000e+00,1.56766387044836204e-02,0.00000000000000000e+00,0.00000000000000000e+00,0.00000000000000000e+00,0.00000000000000000e+00,0.00000000000000000e+00,0.00000000000000000e+00,0.00000000000000000e+00,3.62371593249116009e+00,7.19353074124248648e-01,-1.07036915305826730e+00,1.35095794474855557e+00,3.42794136573731836e-11,1.53879479255329193e-11,1.29758256623836636e-11,6.06511657240776535e-12
-4.24999999999999989e-01,6.53769785129847292e-01,-3.71124666250975677e-01,7.19978771485332625e-01,1.89168077859622907e+00,0.00000000000000000e+00,0.00000000000000000e+00,0.00000000000000000e+00,0.00000000000000000e+00,0.00000000000000000e+00,0.00000000000000000e+00,0.00000000000000000e+00,1.56602079643695033e-02,0.00000000000000000e+00,0.00000000000000000e+00,0.00000000000000000e+00,0.00000000000000000e+00,0.00000000000000000e+00,0.00000000000000000e+00,0.00000000000000000e+00,3.57870141022392252e+00,7.19978771494812930e-01,-1.06873812892209163e+00,1.34609634010035473e+00,3.41865539113951026e-11,1.55175204622816419e-11,1.31674791048265991e-11,6.16574295815467972e-12
-4.20833333333333337e-01,6.56499508876441706e-01,-3.68023732013369853e-01,7.20590291039168274e-01,1.87989397822889037e+00,0.00000000000000000e+00,0.00000000000000000e+00,0.00000000000000000e+00,0.00000000000000000e+00,0.00000000000000000e+00,0.00000000000000000e+00,0.00000000000000000e+00,1.56428242869131005e-02,0.00000000000000000e+00,0.00000000000000000e+00,0.00000000000000000e+00,0.00000000000000000e+00,0.00000000000000000e+00,0.00000000000000000e+00,0.00000000000000000e+00,3.53424606733291480e+00,7.20590291048809450e-01,-1.06710029467413503e+00,1.34127545788660618e+00,3.40795261891093640e-11,1.56662806857094316e-11,1.33795540484069755e-11,6.27494337522955741e-12
-4.16666666666666685e-01,6.59240630200443767e-01,-3.64911679124269361e-01,7.21187534216760295e-01,1.86818062138852214e+00,0.00000000000000000e+00,0.00000000000000000e+00,0.00000000000000000e+00,0.00000000000000000e+00,0.00000000000000000e+00,0.00000000000000000e+00,0.00000000000000000e+00,1.56244503518989351e-02,0.00000000000000000e+00,0.00000000000000000e+00,0.00000000000000000e+00,0.00000000000000000e+00,0.00000000000000000e+00,0.00000000000000000e+00,0.00000000000000000e+00,3.49034295758040392e+00,7.21187534226566229e-01,-1.06545562187973375e+00,1.33649490846286589e+00,3.39687230170578662e-11,1.58203357873842904e-11,1.35969264266548288e-11,6.38753830112163984e-12
-4.12499999999999978e-01,6.61993196690834007e-01,-3.61788521528495333e-01,7.21770402842989323e-01,1.85654025097297937e+00,0.00000000000000000e+00,0.00000000000000000e+00,0.00000000000000000e+00,0.00000000000000000e+00,0.00000000000000000e+00,0.00000000000000000e+00,0.00000000000000000e+00,1.56050483320780992e-02,0.00000000000000000e+00,0.00000000000000000e+00,0.00000000000000000e+00,0.00000000000000000e+00,0.00000000000000000e+00,0.00000000000000000e+00,0.00000000000000000e+00,3.44698522101625970e+00,7.21770402852936477e-01,-1.06380408198549947e+00,1.33175430294096486e+00,3.38805317527514954e-11,1.59430749170724778e-11,1.37816044716069127e-11,6.48818073028726329e-12
-4.08333333333333326e-01,6.64757256135294350e-01,-3.58654273410650704e-01,7.22338799141038268e-01,1.84497241274102985e+00,0.00000000000000000e+00,0.00000000000000000e+00,0.00000000000000000e+00,0.00000000000000000e+00,0.00000000000000000e+00,0.00000000000000000e+00,0.00000000000000000e+00,1.55845798905921949e-02,0.00000000000000000e+00,0.00000000000000000e+00,0.00000000000000000e+00,0.00000000000000000e+00,0.00000000000000000e+00,0.00000000000000000e+00,0.00000000000000000e+00,3.40416608290582356e+00,7.22338799151135635e-01,-1.06214564631882347e+00,1.32705325320203227e+00,3.37834428786029432e-11,1.60782337206933310e-11,1.39787138646426968e-11,6.59475136967021392e-12
-4.04166666666666674e-01,6.67532856521037332e-01,-3.55508949184696110e-01,7.22892625746408446e-01,1.83347665529461201e+00,0.00000000000000000e+00,0.00000000000000000e+00,0.00000000000000000e+00,0.00000000000000000e+00,0.00000000000000000e+00,0.00000000000000000e+00,0.00000000000000000e+00,1.55630061785527289e-02,0.00000000000000000e+00,0.00000000000000000e+00,0.00000000000000000e+00,0.00000000000000000e+00,0.00000000000000000e+00,0.00000000000000000e+00,0.00000000000000000e+00,3.36187885267163100e+00,7.22892625756671237e-01,-1.06048028608737765e+00,1.32239137190994471e+00,3.36722104719245900e-11,1.62333186559736429e-11,1.41968395466617798e-11,6.71053252401809534e-12
-4.00000000000000022e-01,6.70320046035639328e-01,-3.52352563483481152e-01,7.23431785720970444e-01,1.82205253006112478e+00,0.00000000000000000e+00,0.00000000000000000e+00,0.00000000000000000e+00,0.00000000000000000e+00,0.00000000000000000e+00,0.00000000000000000e+00,0.00000000000000000e+00,1.55402878326429440e-02,0.00000000000000000e+00,0.00000000000000000e+00,0.00000000000000000e+00,0.00000000000000000e+00,0.00000000000000000e+00,0.00000000000000000e+00,0.00000000000000000e+00,3.32011692284806736e+00,7.23431785731369459e-01,-1.05880797237861635e+00,1.31776827252511031e+00,3.35889490893049954e-11,1.63498249188317096e-11,1.43745618972780907e-11,6.81140455652169232e-12
-3.95833333333333315e-01,6.73118873067877210e-01,-3.49185131148328110e-01,7.23956182566963591e-01,1.81069959127567581e+00,0.00000000000000000e+00,0.00000000000000000e+00,0.00000000000000000e+00,0.00000000000000000e+00,0.00000000000000000e+00,0.00000000000000000e+00,0.00000000000000000e+00,1.55163849726799256e-02,0.00000000000000000e+00,0.00000000000000000e+00,0.00000000000000000e+00,0.00000000000000000e+00,0.00000000000000000e+00,0.00000000000000000e+00,0.00000000000000000e+00,3.27887376804851982e+00,7.23956182577504048e-01,-1.05712867615927375e+00,1.31318356931854407e+00,3.35012452473550647e-11,1.64733944090930548e-11,1.45595239732106500e-11,6.91583299881716943e-12
-3.91666666666666663e-01,6.75929386208568350e-01,-3.46006667218178299e-01,7.24465720241303512e-01,1.79941739596361416e+00,0.00000000000000000e+00,0.00000000000000000e+00,0.00000000000000000e+00,0.00000000000000000e+00,0.00000000000000000e+00,0.00000000000000000e+00,0.00000000000000000e+00,1.54912571993727089e-02,0.00000000000000000e+00,0.00000000000000000e+00,0.00000000000000000e+00,0.00000000000000000e+00,0.00000000000000000e+00,0.00000000000000000e+00,0.00000000000000000e+00,3.23814294394609137e+00,7.24465720252007173e-01,-1.05544236827485904e+00,1.30863687738635859e+00,3.33927178025723886e-11,1.66259358858948239e-11,1.47745571407958967e-11,7.03346994489414395e-12
-3.87500000000000011e-01,6.78751634251414382e-01,-3.42817186918676353e-01,7.24960303169940867e-01,1.78820550392310618e+00,0.00000000000000000e+00,0.00000000000000000e+00,0.00000000000000000e+00,0.00000000000000000e+00,0.00000000000000000e+00,0.00000000000000000e+00,0.00000000000000000e+00,1.54648635921179212e-02,0.00000000000000000e+00,0.00000000000000000e+00,0.00000000000000000e+00,0.00000000000000000e+00,0.00000000000000000e+00,0.00000000000000000e+00,0.00000000000000000e+00,3.19791808626681329e+00,7.24960303180776089e-01,-1.05374901944915145e+00,1.30412781266456324e+00,3.33146261604714369e-11,1.67366479768149439e-11,1.49459516076804332e-11,7.13415258917678207e-12
-3.83333333333333359e-01,6.81585666193847861e-01,-3.39616705651381523e-01,7.25439836262110394e-01,1.77706347770761885e+00,0.00000000000000000e+00,0.00000000000000000e+00,0.00000000000000000e+00,0.00000000000000000e+00,0.00000000000000000e+00,0.00000000000000000e+00,0.00000000000000000e+00,1.54371627067131159e-02,0.00000000000000000e+00,0.00000000000000000e+00,0.00000000000000000e+00,0.00000000000000000e+00,0.00000000000000000e+00,0.00000000000000000e+00,0.00000000000000000e+00,3.15819290979473033e+00,7.25439836273078953e-01,-1.05204860028369129e+00,1.29965599194409887e+00,3.32349112629767199e-11,1.68497011986505621e-11,1.51198746548539109e-11,7.23670254613281140e-12
-3.79166666666666652e-01,6.84431531237883584e-01,-3.36405238982528720e-01,7.25904224924916019e-01,1.76599088260870607e+00,0.00000000000000000e+00,0.00000000000000000e+00,0.00000000000000000e+00,0.00000000000000000e+00,0.00000000000000000e+00,0.00000000000000000e+00,0.00000000000000000e+00,1.54081125732972515e-02,0.00000000000000000e+00,0.00000000000000000e+00,0.00000000000000000e+00,0.00000000000000000e+00,0.00000000000000000e+00,0.00000000000000000e+00,0.00000000000000000e+00,3.11896120739014782e+00,7.25904224936036790e-01,-1.05034108125726977e+00,1.29522103288626633e+00,3.31378107884752845e-11,1.69880416728357002e-11,1.53198873745950650e-11,7.35067201899272053e-12
-3.75000000000000000e-01,6.87289278790972236e-01,-3.33182802631760255e-01,7.26353375077945285e-01,1.75498728663881742e+00,0.00000000000000000e+00,0.00000000000000000e+00,0.00000000000000000e+00,0.00000000000000000e+00,0.00000000000000000e+00,0.00000000000000000e+00,0.00000000000000000e+00,1.53776706943153756e-02,0.00000000000000000e+00,0.00000000000000000e+00,0.00000000000000000e+00,0.00000000000000000e+00,0.00000000000000000e+00,0.00000000000000000e+00,0.00000000000000000e+00,3.08021684901986159e+00,7.26353375089198949e-01,-1.04862643272541667e+00,1.29082255403842217e+00,3.30595373610817189e-11,1.71008859431036114e-11,1.54933742345844334e-11,7.45469015746134735e-12
-3.70833333333333348e-01,6.90158958466858263e-01,-3.29949412460909863e-01,7.26787193167829693e-01,1.74405226051406448e+00,0.00000000000000000e+00,0.00000000000000000e+00,0.00000000000000000e+00,0.00000000000000000e+00,0.00000000000000000e+00,0.00000000000000000e+00,0.00000000000000000e+00,1.53457940424379189e-02,0.00000000000000000e+00,0.00000000000000000e+00,0.00000000000000000e+00,0.00000000000000000e+00,0.00000000000000000e+00,0.00000000000000000e+00,0.00000000000000000e+00,3.04195378079901113e+00,7.26787193179209257e-01,-1.04690462491988501e+00,1.28646017484989583e+00,3.29877747232216275e-11,1.72046356578316507e-11,1.56573534379780766e-11,7.55551217097690614e-12
-3.66666666666666641e-01,6.93040620086441517e-01,-3.26705084462497464e-01,7.27205586183032437e-01,1.73318537763718727e+00,0.00000000000000000e+00,0.00000000000000000e+00,0.00000000000000000e+00,0.00000000000000000e+00,0.00000000000000000e+00,0.00000000000000000e+00,0.00000000000000000e+00,1.53124390586404629e-02,0.00000000000000000e+00,0.00000000000000000e+00,0.00000000000000000e+00,0.00000000000000000e+00,0.00000000000000000e+00,0.00000000000000000e+00,0.00000000000000000e+00,3.00416602404528410e+00,7.27205586194550668e-01,-1.04517562794813501e+00,1.28213351568822631e+00,3.29048370793795583e-11,1.73255750668376941e-11,1.58390296117680231e-11,7.66440346980730981e-12
-3.62499999999999989e-01,6.95934313678642003e-01,-3.23449834748126386e-01,7.27608461668721840e-01,1.72238621408059278e+00,0.00000000000000000e+00,0.00000000000000000e+00,0.00000000000000000e+00,0.00000000000000000e+00,0.00000000000000000e+00,0.00000000000000000e+00,0.00000000000000000e+00,1.52775616503505376e-02,0.00000000000000000e+00,0.00000000000000000e+00,0.00000000000000000e+00,0.00000000000000000e+00,0.00000000000000000e+00,0.00000000000000000e+00,0.00000000000000000e+00,2.96684767434485774e+00,7.27608461680374852e-01,-1.04343941179281474e+00,1.27784219785565245e+00,3.28262690809230626e-11,1.74414069841273100e-11,1.60154980356551443e-11,7.77172110347368779e-12
-3.58333333333333337e-01,6.98840089481268301e-01,-3.20183679536877930e-01,7.27995727741642784e-01,1.71165434856939180e+00,0.00000000000000000e+00,0.00000000000000000e+00,0.00000000000000000e+00,0.00000000000000000e+00,0.00000000000000000e+00,0.00000000000000000e+00,0.00000000000000000e+00,1.52411171895891918e-02,0.00000000000000000e+00,0.00000000000000000e+00,0.00000000000000000e+00,0.00000000000000000e+00,0.00000000000000000e+00,0.00000000000000000e+00,0.00000000000000000e+00,2.92999290062969608e+00,7.27995727753414812e-01,-1.04169594631123896e+00,1.27358584360581117e+00,3.27627987333736699e-11,1.75364415936125687e-11,1.61704627489178326e-11,7.87057214079546381e-12
-3.54166666666666685e-01,7.01757997941889977e-01,-3.16906635143584525e-01,7.28367293105079416e-01,1.70098936246451982e+00,0.00000000000000000e+00,0.00000000000000000e+00,0.00000000000000000e+00,0.00000000000000000e+00,0.00000000000000000e+00,0.00000000000000000e+00,0.00000000000000000e+00,1.52030605111764146e-02,0.00000000000000000e+00,0.00000000000000000e+00,0.00000000000000000e+00,0.00000000000000000e+00,0.00000000000000000e+00,0.00000000000000000e+00,0.00000000000000000e+00,2.89359594426636013e+00,7.28367293116978454e-01,-1.03994520123486600e+00,1.26936407616066593e+00,3.26925379800799629e-11,1.76425774742239712e-11,1.63365892777862722e-11,7.97524097962447884e-12
-3.49999999999999978e-01,7.04688089718713440e-01,-3.13618717966926308e-01,7.28723067063985375e-01,1.69039083974599103e+00,0.00000000000000000e+00,0.00000000000000000e+00,0.00000000000000000e+00,0.00000000000000000e+00,0.00000000000000000e+00,0.00000000000000000e+00,0.00000000000000000e+00,1.51633459110710033e-02,0.00000000000000000e+00,0.00000000000000000e+00,0.00000000000000000e+00,0.00000000000000000e+00,0.00000000000000000e+00,0.00000000000000000e+00,0.00000000000000000e+00,2.85765111815637551e+00,7.28723067076017084e-01,-1.03818714616877195e+00,1.26517651972768852e+00,3.26184341091488667e-11,1.77564549748743218e-11,1.65106739529251847e-11,8.08388750144158150e-12
-3.45833333333333326e-01,7.07630415681461011e-01,-3.10319944477511822e-01,7.29062959540129008e-01,1.67985836699616664e+00,0.00000000000000000e+00,0.00000000000000000e+00,0.00000000000000000e+00,0.00000000000000000e+00,0.00000000000000000e+00,0.00000000000000000e+00,0.00000000000000000e+00,1.51219271447243318e-02,0.00000000000000000e+00,0.00000000000000000e+00,0.00000000000000000e+00,0.00000000000000000e+00,0.00000000000000000e+00,0.00000000000000000e+00,0.00000000000000000e+00,2.82215280584759798e+00,7.29062959552273182e-01,-1.03642175059112329e+00,1.26102279951721785e+00,3.25627855315598782e-11,1.78430477830217414e-11,1.66572370681404070e-11,8.18065721342008859e-12
-3.41666666666666674e-01,7.10585026912254669e-01,-3.07010331205933906e-01,7.29386881087242811e-01,1.66939153338303159e+00,0.00000000000000000e+00,0.00000000000000000e+00,0.00000000000000000e+00,0.00000000000000000e+00,0.00000000000000000e+00,0.00000000000000000e+00,0.00000000000000000e+00,1.50787574254258767e-02,0.00000000000000000e+00,0.00000000000000000e+00,0.00000000000000000e+00,0.00000000000000000e+00,0.00000000000000000e+00,0.00000000000000000e+00,0.00000000000000000e+00,2.78709546065644442e+00,7.29386881099503448e-01,-1.03464898385264714e+00,1.25690254175998151e+00,3.25047189814625540e-11,1.79357365823888556e-11,1.68095112043465015e-11,8.28090192995044563e-12
-3.37500000000000022e-01,7.13551974706502445e-01,-3.03689894730620968e-01,7.29694742906384919e-01,1.65898993064363731e+00,0.00000000000000000e+00,0.00000000000000000e+00,0.00000000000000000e+00,0.00000000000000000e+00,0.00000000000000000e+00,0.00000000000000000e+00,0.00000000000000000e+00,1.50337894228322680e-02,0.00000000000000000e+00,0.00000000000000000e+00,0.00000000000000000e+00,0.00000000000000000e+00,0.00000000000000000e+00,0.00000000000000000e+00,0.00000000000000000e+00,2.75247360480139092e+00,7.29694742918773565e-01,-1.03286881517609852e+00,1.25281537372485174e+00,3.24384262375273000e-11,1.80442590694341024e-11,1.69778469491643071e-11,8.38892135518309972e-12
-3.33333333333333315e-01,7.16531310573789271e-01,-3.00358651665669274e-01,7.29986456861329791e-01,1.64865315306755988e+00,0.00000000000000000e+00,0.00000000000000000e+00,0.00000000000000000e+00,0.00000000000000000e+00,0.00000000000000000e+00,0.00000000000000000e+00,0.00000000000000000e+00,1.49869752615264876e-02,0.00000000000000000e+00,0.00000000000000000e+00,0.00000000000000000e+00,0.00000000000000000e+00,0.00000000000000000e+00,0.00000000000000000e+00,0.00000000000000000e+00,2.71828182854709643e+00,7.29986456873824130e-01,-1.03108121365572636e+00,1.24876092373674963e+00,3.23922792228377407e-11,1.81226739407909678e-11,1.71158502725327377e-11,8.48349551149763540e-12
-3.29166666666666663e-01,7.19523086238770815e-01,-2.97016618648695885e-01,7.30261935493907277e-01,1.63838079748033416e+00,0.00000000000000000e+00,0.00000000000000000e+00,0.00000000000000000e+00,0.00000000000000000e+00,0.00000000000000000e+00,0.00000000000000000e+00,0.00000000000000000e+00,1.49382665195160330e-02,0.00000000000000000e+00,0.00000000000000000e+00,0.00000000000000000e+00,0.00000000000000000e+00,0.00000000000000000e+00,0.00000000000000000e+00,0.00000000000000000e+00,2.68451478935890409e+00,7.30261935506508530e-01,-1.02928614825673748e+00,1.24473882119465595e+00,3.23461251647446278e-11,1.82031031529964218e-11,1.72557992706551818e-11,8.57968319729055928e-12
-3.25000000000000011e-01,7.22527353642072212e-01,-2.93663812328496643e-01,7.30521092039573716e-01,1.62817246322705222e+00,0.00000000000000000e+00,0.00000000000000000e+00,0.00000000000000000e+00,0.00000000000000000e+00,0.00000000000000000e+00,0.00000000000000000e+00,0.00000000000000000e+00,1.48876142269480302e-02,0.00000000000000000e+00,0.00000000000000000e+00,0.00000000000000000e+00,0.00000000000000000e+00,0.00000000000000000e+00,0.00000000000000000e+00,0.00000000000000000e+00,2.65116721106821718e+00,7.30521092052295540e-01,-1.02748358781475657e+00,1.24074869658982689e+00,3.22915073981831787e-11,1.83021174393201355e-11,1.74147245479724379e-11,8.68500451222878738e-12
-3.20833333333333359e-01,7.25544164941188896e-01,-2.90300249352690554e-01,7.30763840443016122e-01,1.61802775215597916e+00,0.00000000000000000e+00,0.00000000000000000e+00,0.00000000000000000e+00,0.00000000000000000e+00,0.00000000000000000e+00,0.00000000000000000e+00,0.00000000000000000e+00,1.48349688648647064e-02,0.00000000000000000e+00,0.00000000000000000e+00,0.00000000000000000e+00,0.00000000000000000e+00,0.00000000000000000e+00,0.00000000000000000e+00,0.00000000000000000e+00,2.61823388304815197e+00,7.30763840455837310e-01,-1.02567350103528665e+00,1.23679018152412712e+00,3.22548223173834076e-11,1.83730644329851083e-11,1.75449137539168193e-11,8.77755929920527089e-12
-3.16666666666666652e-01,7.28573572511392986e-01,-2.86925946355390094e-01,7.30990095373685644e-01,1.60794626860213374e+00,0.00000000000000000e+00,0.00000000000000000e+00,0.00000000000000000e+00,0.00000000000000000e+00,0.00000000000000000e+00,0.00000000000000000e+00,0.00000000000000000e+00,1.47802803638706175e-02,0.00000000000000000e+00,0.00000000000000000e+00,0.00000000000000000e+00,0.00000000000000000e+00,0.00000000000000000e+00,0.00000000000000000e+00,0.00000000000000000e+00,2.58570965939915975e+00,7.30990095386604977e-01,-1.02385585649316413e+00,1.23286290872842463e+00,3.22208643971167596e-11,1.84424060305195550e-11,1.76737446268992208e-11,8.86950735354861364e-12
-3.12500000000000000e-01,7.31615628946641783e-01,-2.83540919944717196e-01,7.31199772241554413e-01,1.59792761937101524e+00,0.00000000000000000e+00,0.00000000000000000e+00,0.00000000000000000e+00,0.00000000000000000e+00,0.00000000000000000e+00,0.00000000000000000e+00,0.00000000000000000e+00,1.47234981030305058e-02,0.00000000000000000e+00,0.00000000000000000e+00,0.00000000000000000e+00,0.00000000000000000e+00,0.00000000000000000e+00,0.00000000000000000e+00,0.00000000000000000e+00,2.55358945814510996e+00,7.31199772254580327e-01,-1.02203062263201483e+00,1.22896651208115459e+00,3.21833836348910023e-11,1.85235121063388362e-11,1.78144389198255494e-11,8.96758956686810485e-12
-3.08333333333333348e-01,7.34670387060491703e-01,-2.80145186690318015e-01,7.31392787212886364e-01,1.58797141372233153e+00,0.00000000000000000e+00,0.00000000000000000e+00,0.00000000000000000e+00,0.00000000000000000e+00,0.00000000000000000e+00,0.00000000000000000e+00,0.00000000000000000e+00,1.46645709087888810e-02,0.00000000000000000e+00,0.00000000000000000e+00,0.00000000000000000e+00,0.00000000000000000e+00,0.00000000000000000e+00,0.00000000000000000e+00,0.00000000000000000e+00,2.52186826043923906e+00,7.31392787226010088e-01,-1.02019776776370508e+00,1.22510062662695818e+00,3.21551823632194719e-11,1.85927000575003796e-11,1.79434697179118412e-11,9.06037277921597811e-12
-3.04166666666666641e-01,7.37737899887014326e-01,-2.76738763110867259e-01,7.31569057226003516e-01,1.57807726335373233e+00,0.00000000000000000e+00,0.00000000000000000e+00,0.00000000000000000e+00,0.00000000000000000e+00,0.00000000000000000e+00,0.00000000000000000e+00,0.00000000000000000e+00,1.46034470538733072e-02,0.00000000000000000e+00,0.00000000000000000e+00,0.00000000000000000e+00,0.00000000000000000e+00,0.00000000000000000e+00,0.00000000000000000e+00,0.00000000000000000e+00,2.49054110977986021e+00,7.31569057239216725e-01,-1.01835726006779148e+00,1.22126488859537408e+00,3.21334830750636072e-11,1.86513519946154194e-11,1.80614641564223987e-11,9.14849041678815535e-12
-2.99999999999999989e-01,7.40818220681717876e-01,-2.73321665661505731e-01,7.31728500007157168e-01,1.56824478238461062e+00,0.00000000000000000e+00,0.00000000000000000e+00,0.00000000000000000e+00,0.00000000000000000e+00,0.00000000000000000e+00,0.00000000000000000e+00,0.00000000000000000e+00,1.45400742563113299e-02,0.00000000000000000e+00,0.00000000000000000e+00,0.00000000000000000e+00,0.00000000000000000e+00,0.00000000000000000e+00,0.00000000000000000e+00,0.00000000000000000e+00,2.45960311123593378e+00,7.31728500020464634e-01,-1.01650906759096937e+00,1.21745893541961947e+00,3.21126503044427688e-11,1.87164749828361980e-11,1.81863440329197755e-11,9.23978498625273855e-12
-2.95833333333333337e-01,7.43911402922471154e-01,-2.69893910721251351e-01,7.31871034086477579e-01,1.55847358733993291e+00,0.00000000000000000e+00,0.00000000000000000e+00,0.00000000000000000e+00,0.00000000000000000e+00,0.00000000000000000e+00,0.00000000000000000e+00,0.00000000000000000e+00,1.44743996785480500e-02,0.00000000000000000e+00,0.00000000000000000e+00,0.00000000000000000e+00,0.00000000000000000e+00,0.00000000000000000e+00,0.00000000000000000e+00,0.00000000000000000e+00,2.42904943068225387e+00,7.31871034099877860e-01,-1.01465315824651725e+00,1.21368240575543607e+00,3.20973616492935472e-11,1.87800314597192582e-11,1.83096204940042104e-11,9.33084042179206565e-12
-2.91666666666666685e-01,7.47017500310432569e-01,-2.66455514580405839e-01,7.31996578813927767e-01,1.54876329713407612e+00,0.00000000000000000e+00,0.00000000000000000e+00,0.00000000000000000e+00,0.00000000000000000e+00,0.00000000000000000e+00,0.00000000000000000e+00,0.00000000000000000e+00,1.44063699265677605e-02,0.00000000000000000e+00,0.00000000000000000e+00,0.00000000000000000e+00,0.00000000000000000e+00,0.00000000000000000e+00,0.00000000000000000e+00,0.00000000000000000e+00,2.39887529404407562e+00,7.31996578827409317e-01,-1.01278949981374033e+00,1.20993493949996189e+00,3.20890109004749084e-11,1.88279234622395326e-11,1.84175030324894822e-11,9.41436295387108043e-12
-2.87499999999999978e-01,7.50136566770981839e-01,-2.63006493427926702e-01,7.32105054375294273e-01,1.53911353305469523e+00,0.00000000000000000e+00,0.00000000000000000e+00,0.00000000000000000e+00,0.00000000000000000e+00,0.00000000000000000e+00,0.00000000000000000e+00,0.00000000000000000e+00,1.43359310490447419e-02,0.00000000000000000e+00,0.00000000000000000e+00,0.00000000000000000e+00,0.00000000000000000e+00,0.00000000000000000e+00,0.00000000000000000e+00,0.00000000000000000e+00,2.36907598655114970e+00,7.32105054388858978e-01,-1.01091805993741080e+00,1.20621617781062951e+00,3.20841819775562032e-11,1.88786655012117895e-11,1.85283585102326656e-11,9.49936114360164556e-12
-2.83333333333333326e-01,7.53268656454656793e-01,-2.59546863338785794e-01,7.32196381808285390e-01,1.52952391874662208e+00,0.00000000000000000e+00,0.00000000000000000e+00,0.00000000000000000e+00,0.00000000000000000e+00,0.00000000000000000e+00,0.00000000000000000e+00,0.00000000000000000e+00,1.42630285366531148e-02,0.00000000000000000e+00,0.00000000000000000e+00,0.00000000000000000e+00,0.00000000000000000e+00,0.00000000000000000e+00,0.00000000000000000e+00,0.00000000000000000e+00,2.33964685200106093e+00,7.32196381821935360e-01,-1.00903880612720598e+00,1.20252576312410997e+00,3.20861125852760954e-11,1.89327167877781907e-11,1.86424986274801688e-11,9.58646948277670879e-12
-2.79166666666666674e-01,7.56413823738093183e-01,-2.56076640261331701e-01,7.32270483018639951e-01,1.51999408019575877e+00,0.00000000000000000e+00,0.00000000000000000e+00,0.00000000000000000e+00,0.00000000000000000e+00,0.00000000000000000e+00,0.00000000000000000e+00,0.00000000000000000e+00,1.41876073213983451e-02,0.00000000000000000e+00,0.00000000000000000e+00,0.00000000000000000e+00,0.00000000000000000e+00,0.00000000000000000e+00,0.00000000000000000e+00,0.00000000000000000e+00,2.31058329203165691e+00,7.32270483032363417e-01,-1.00715170575714419e+00,1.19886333917525389e+00,3.20926253778596572e-11,1.89702204999266085e-11,1.87409804510514987e-11,9.66505985355188965e-12
-2.75000000000000022e-01,7.59572123224968476e-01,-2.52595840004620598e-01,7.32327280796233882e-01,1.51052364571300113e+00,0.00000000000000000e+00,0.00000000000000000e+00,0.00000000000000000e+00,0.00000000000000000e+00,0.00000000000000000e+00,0.00000000000000000e+00,0.00000000000000000e+00,1.41096117759145837e-02,0.00000000000000000e+00,0.00000000000000000e+00,0.00000000000000000e+00,0.00000000000000000e+00,0.00000000000000000e+00,0.00000000000000000e+00,0.00000000000000000e+00,2.28188076540256324e+00,7.32327280810030068e-01,-1.00525672606501892e+00,1.19522855101600833e+00,3.21047346627435919e-11,1.90077109308949706e-11,1.88388262693757517e-11,9.74382891746143403e-12
-2.70833333333333315e-01,7.62743609746950546e-01,-2.49104478225764647e-01,7.32366698831300456e-01,1.50111224591816383e+00,0.00000000000000000e+00,0.00000000000000000e+00,0.00000000000000000e+00,0.00000000000000000e+00,0.00000000000000000e+00,0.00000000000000000e+00,0.00000000000000000e+00,1.40289857129619541e-02,0.00000000000000000e+00,0.00000000000000000e+00,0.00000000000000000e+00,0.00000000000000000e+00,0.00000000000000000e+00,0.00000000000000000e+00,0.00000000000000000e+00,2.25353478728560841e+00,7.32366698845172803e-01,-1.00335383415182955e+00,1.19162104503435473e+00,3.21272448478098009e-11,1.90492857600391303e-11,1.89418057058961111e-11,9.82496373331674035e-12
-2.66666666666666663e-01,7.65928338364648686e-01,-2.45602570417300103e-01,7.32388661730660639e-01,1.49175951372389504e+00,0.00000000000000000e+00,0.00000000000000000e+00,0.00000000000000000e+00,0.00000000000000000e+00,0.00000000000000000e+00,0.00000000000000000e+00,0.00000000000000000e+00,1.39456723849606321e-02,0.00000000000000000e+00,0.00000000000000000e+00,0.00000000000000000e+00,0.00000000000000000e+00,0.00000000000000000e+00,0.00000000000000000e+00,0.00000000000000000e+00,2.22554092856402086e+00,7.32388661744597824e-01,-1.00144299698121086e+00,1.18804046897320914e+00,3.21508289704382327e-11,1.90761521770484155e-11,1.90297658437701830e-11,9.89843351357472034e-12
-2.62500000000000011e-01,7.69126364368570514e-01,-2.42090131894504040e-01,7.32393095033937347e-01,1.48246508431962765e+00,0.00000000000000000e+00,0.00000000000000000e+00,0.00000000000000000e+00,0.00000000000000000e+00,0.00000000000000000e+00,0.00000000000000000e+00,0.00000000000000000e+00,1.38596144834455225e-02,0.00000000000000000e+00,0.00000000000000000e+00,0.00000000000000000e+00,0.00000000000000000e+00,0.00000000000000000e+00,0.00000000000000000e+00,0.00000000000000000e+00,2.19789481514043006e+00,7.32393095047937925e-01,-9.99524181378857679e-01,1.18448647194926715e+00,3.21798238577341637e-11,1.91008972044907683e-11,1.91162076335818099e-11,9.97105806060762908e-12
-2.58333333333333359e-01,7.72337743280080979e-01,-2.38567177782776668e-01,7.32379925229871387e-01,1.47322859515549687e+00,0.00000000000000000e+00,0.00000000000000000e+00,0.00000000000000000e+00,0.00000000000000000e+00,0.00000000000000000e+00,0.00000000000000000e+00,0.00000000000000000e+00,1.37707541387509166e-02,0.00000000000000000e+00,0.00000000000000000e+00,0.00000000000000000e+00,0.00000000000000000e+00,0.00000000000000000e+00,0.00000000000000000e+00,0.00000000000000000e+00,2.17059212725338879e+00,7.32379925243936469e-01,-9.97597354031951378e-01,1.18095870447183082e+00,3.22245115152961944e-11,1.91270111732557705e-11,1.92046258332162941e-11,1.00442511189172635e-11
-2.54166666666666652e-01,7.75562530852367038e-01,-2.35033723005044048e-01,7.32349079772638190e-01,1.46404968592623708e+00,0.00000000000000000e+00,0.00000000000000000e+00,0.00000000000000000e+00,0.00000000000000000e+00,0.00000000000000000e+00,0.00000000000000000e+00,0.00000000000000000e+00,1.36790329197219677e-02,0.00000000000000000e+00,0.00000000000000000e+00,0.00000000000000000e+00,0.00000000000000000e+00,0.00000000000000000e+00,0.00000000000000000e+00,0.00000000000000000e+00,2.14362859880233225e+00,7.32349079786760671e-01,-9.95662481488579720e-01,1.17745681846156769e+00,3.22691681403975721e-11,1.91437345139433201e-11,1.92838106201402028e-11,1.01124136244058074e-11
-2.50000000000000000e-01,7.78800783071404878e-01,-2.31489782269117150e-01,7.32300487098164421e-01,1.45492799855512001e+00,0.00000000000000000e+00,0.00000000000000000e+00,0.00000000000000000e+00,0.00000000000000000e+00,0.00000000000000000e+00,0.00000000000000000e+00,0.00000000000000000e+00,1.35843918333740706e-02,0.00000000000000000e+00,0.00000000000000000e+00,0.00000000000000000e+00,0.00000000000000000e+00,0.00000000000000000e+00,0.00000000000000000e+00,0.00000000000000000e+00,2.11700001668108984e+00,7.32300487112341303e-01,-9.93719530157157083e-01,1.17398046726919247e+00,3.23169819863011724e-11,1.91562237800335074e-11,1.93593779331647737e-11,1.01783523834057257e-11
-2.45833333333333320e-01,7.82052556156932477e-01,-2.27935370055123349e-01,7.32234076640502995e-01,1.44586317717783763e+00,0.00000000000000000e+00,0.00000000000000000e+00,0.00000000000000000e+00,0.00000000000000000e+00,0.00000000000000000e+00,0.00000000000000000e+00,0.00000000000000000e+00,1.34867713247256715e-02,0.00000000000000000e+00,0.00000000000000000e+00,0.00000000000000000e+00,0.00000000000000000e+00,0.00000000000000000e+00,0.00000000000000000e+00,0.00000000000000000e+00,2.09070222011955620e+00,7.32234076654732724e-01,-9.91768466305840479e-01,1.17052930569408420e+00,3.23817094629301952e-11,1.91667552034906483e-11,1.94333054965568279e-11,1.02431598392574571e-11
-2.41666666666666669e-01,7.85317906563425261e-01,-2.24370500602979195e-01,7.32149778848216082e-01,1.43685486812634799e+00,0.00000000000000000e+00,0.00000000000000000e+00,0.00000000000000000e+00,0.00000000000000000e+00,0.00000000000000000e+00,0.00000000000000000e+00,0.00000000000000000e+00,1.33861112766920382e-02,0.00000000000000000e+00,0.00000000000000000e+00,0.00000000000000000e+00,0.00000000000000000e+00,0.00000000000000000e+00,0.00000000000000000e+00,0.00000000000000000e+00,2.06473110003349714e+00,7.32149778862494660e-01,-9.89809256061944809e-01,1.16710299000281292e+00,3.24549968378027008e-11,1.91715398724093911e-11,1.95022640611707451e-11,1.03048578282843042e-11
-2.37499999999999989e-01,7.88596890981076659e-01,-2.20795187899849032e-01,7.32047525200764104e-01,1.42790271991273299e+00,0.00000000000000000e+00,0.00000000000000000e+00,0.00000000000000000e+00,0.00000000000000000e+00,0.00000000000000000e+00,0.00000000000000000e+00,0.00000000000000000e+00,1.32823510099720488e-02,0.00000000000000000e+00,0.00000000000000000e+00,0.00000000000000000e+00,0.00000000000000000e+00,0.00000000000000000e+00,0.00000000000000000e+00,0.00000000000000000e+00,2.03908259838253247e+00,7.32047525215087980e-01,-9.87841865411353992e-01,1.16370117794756389e+00,3.25232622349440097e-11,1.91714879064321107e-11,1.95668654366398521e-11,1.03637179339947897e-11
-2.33333333333333337e-01,7.91889566336781647e-01,-2.17209445667634060e-01,7.31927248224921057e-01,1.41900638321303973e+00,0.00000000000000000e+00,0.00000000000000000e+00,0.00000000000000000e+00,0.00000000000000000e+00,0.00000000000000000e+00,0.00000000000000000e+00,0.00000000000000000e+00,1.31754292830070160e-02,0.00000000000000000e+00,0.00000000000000000e+00,0.00000000000000000e+00,0.00000000000000000e+00,0.00000000000000000e+00,0.00000000000000000e+00,0.00000000000000000e+00,2.01375270753614366e+00,7.31927248239287565e-01,-9.85866260197930999e-01,1.16032352878445888e+00,3.26092807362652001e-11,1.91675091508456129e-11,1.96283278397057795e-11,1.04201842189491804e-11
-2.29166666666666657e-01,7.95195989795125735e-01,-2.13613287350556708e-01,7.31788881511198475e-01,1.41016551085102093e+00,0.00000000000000000e+00,0.00000000000000000e+00,0.00000000000000000e+00,0.00000000000000000e+00,0.00000000000000000e+00,0.00000000000000000e+00,0.00000000000000000e+00,1.30652842920706939e-02,0.00000000000000000e+00,0.00000000000000000e+00,0.00000000000000000e+00,0.00000000000000000e+00,0.00000000000000000e+00,0.00000000000000000e+00,0.00000000000000000e+00,1.98873746964735343e+00,7.31788881525603285e-01,-9.83882406122924547e-01,1.15696970329176163e+00,3.27149826102254031e-11,1.91570239835096821e-11,1.96843803469293799e-11,1.04730533521255412e-11
-2.25000000000000006e-01,7.98516218759377061e-01,-2.10006726102755281e-01,7.31632359730268189e-01,1.40137975778186386e+00,0.00000000000000000e+00,0.00000000000000000e+00,0.00000000000000000e+00,0.00000000000000000e+00,0.00000000000000000e+00,0.00000000000000000e+00,0.00000000000000000e+00,1.29518536713722435e-02,0.00000000000000000e+00,0.00000000000000000e+00,0.00000000000000000e+00,0.00000000000000000e+00,0.00000000000000000e+00,0.00000000000000000e+00,0.00000000000000000e+00,1.96403297603428006e+00,7.31632359744709415e-01,-9.81890268744373795e-01,1.15363936378795429e+00,3.28063134381557662e-11,1.91442785329597087e-11,1.97383642214113411e-11,1.05242650570371223e-11
-2.20833333333333326e-01,8.01850310872482819e-01,-2.06389774775855628e-01,7.31457618649406727e-01,1.39264878107595758e+00,0.00000000000000000e+00,0.00000000000000000e+00,0.00000000000000000e+00,0.00000000000000000e+00,0.00000000000000000e+00,0.00000000000000000e+00,0.00000000000000000e+00,1.28350744931551852e-02,0.00000000000000000e+00,0.00000000000000000e+00,0.00000000000000000e+00,0.00000000000000000e+00,0.00000000000000000e+00,0.00000000000000000e+00,0.00000000000000000e+00,1.93963536656959512e+00,7.31457618663881037e-01,-9.79889813476510274e-01,1.15033217414968525e+00,3.29139980057334087e-11,1.91266917802787243e-11,1.97883107231627318e-11,1.05726168398974837e-11
-2.16666666666666674e-01,8.05198324018070566e-01,-2.02762445906698840e-01,7.31264595148927943e-01,1.38397223990248408e+00,0.00000000000000000e+00,0.00000000000000000e+00,0.00000000000000000e+00,0.00000000000000000e+00,0.00000000000000000e+00,0.00000000000000000e+00,0.00000000000000000e+00,1.27148832679801118e-02,0.00000000000000000e+00,0.00000000000000000e+00,0.00000000000000000e+00,0.00000000000000000e+00,0.00000000000000000e+00,0.00000000000000000e+00,0.00000000000000000e+00,1.91554082907721734e+00,7.31264595163428899e-01,-9.77881005589157581e-01,1.14704779982957028e+00,3.30565264708469385e-11,1.90986431627577464e-11,1.98299713775911252e-11,1.06148540999672037e-11
-2.12499999999999994e-01,8.08560316321452421e-01,-1.99124751705100272e-01,7.31053227238604331e-01,1.37534979551296432e+00,0.00000000000000000e+00,0.00000000000000000e+00,0.00000000000000000e+00,0.00000000000000000e+00,0.00000000000000000e+00,0.00000000000000000e+00,0.00000000000000000e+00,1.25912159450378182e-02,0.00000000000000000e+00,0.00000000000000000e+00,0.00000000000000000e+00,0.00000000000000000e+00,0.00000000000000000e+00,0.00000000000000000e+00,0.00000000000000000e+00,1.89174559873652748e+00,7.31053227253133042e-01,-9.75863810207128535e-01,1.14378590787383705e+00,3.31745447176344599e-11,1.90730325354995685e-11,1.98736713354546263e-11,1.06580022426998376e-11
-2.08333333333333343e-01,8.11936346150634924e-01,-1.95476704041534277e-01,7.30823454074122969e-01,1.36678111122491286e+00,0.00000000000000000e+00,0.00000000000000000e+00,0.00000000000000000e+00,0.00000000000000000e+00,0.00000000000000000e+00,0.00000000000000000e+00,0.00000000000000000e+00,1.24640079124013169e-02,0.00000000000000000e+00,0.00000000000000000e+00,0.00000000000000000e+00,0.00000000000000000e+00,0.00000000000000000e+00,0.00000000000000000e+00,0.00000000000000000e+00,1.86824595749444811e+00,7.30823454088676217e-01,-9.73838192309618988e-01,1.14054616693982669e+00,3.33070599385724902e-11,1.90422659720734737e-11,1.99134926699144352e-11,1.06981536110015713e-11
-2.04166666666666663e-01,8.15326472117331891e-01,-1.91818314435029807e-01,7.30575215973496617e-01,1.35826585240523245e+00,0.00000000000000000e+00,0.00000000000000000e+00,0.00000000000000000e+00,0.00000000000000000e+00,0.00000000000000000e+00,0.00000000000000000e+00,0.00000000000000000e+00,1.23331939974991103e-02,0.00000000000000000e+00,0.00000000000000000e+00,0.00000000000000000e+00,0.00000000000000000e+00,0.00000000000000000e+00,0.00000000000000000e+00,0.00000000000000000e+00,1.84503823348429274e+00,7.30575215988064519e-01,-9.71804116729600875e-01,1.13732824731331417e+00,3.34913347513470591e-11,1.89960041741399747e-11,1.99403184245979837e-11,1.07290801268222670e-11
-2.00000000000000011e-01,8.18730753077981821e-01,-1.88149594041118001e-01,7.30308454433448717e-01,1.34980368645352455e+00,0.00000000000000000e+00,0.00000000000000000e+00,0.00000000000000000e+00,0.00000000000000000e+00,0.00000000000000000e+00,0.00000000000000000e+00,0.00000000000000000e+00,1.21987084676345569e-02,0.00000000000000000e+00,0.00000000000000000e+00,0.00000000000000000e+00,0.00000000000000000e+00,0.00000000000000000e+00,0.00000000000000000e+00,0.00000000000000000e+00,1.82211880045180319e+00,7.30308454448035826e-01,-9.69761548153210917e-01,1.13413182092564457e+00,3.36389048336414944e-11,1.89565764518579328e-11,1.99739017252269764e-11,1.07632306266660742e-11
-1.95833333333333331e-01,8.22149248134770527e-01,-1.84470553639661083e-01,7.30023112145858133e-01,1.34139428278558648e+00,0.00000000000000000e+00,0.00000000000000000e+00,0.00000000000000000e+00,0.00000000000000000e+00,0.00000000000000000e+00,0.00000000000000000e+00,0.00000000000000000e+00,1.20604850304033596e-02,0.00000000000000000e+00,0.00000000000000000e+00,0.00000000000000000e+00,0.00000000000000000e+00,0.00000000000000000e+00,0.00000000000000000e+00,0.00000000000000000e+00,1.79948407718902659e+00,7.30023112160460896e-01,-9.67710451119137671e-01,1.13095656137072087e+00,3.37974745439400490e-11,1.89113660972651820e-11,2.00031522285351423e-11,1.07935465863448534e-11
-1.91666666666666680e-01,8.25582016636656091e-01,-1.80781203622944781e-01,7.29719133014112731e-01,1.33303731281654492e+00,0.00000000000000000e+00,0.00000000000000000e+00,0.00000000000000000e+00,0.00000000000000000e+00,0.00000000000000000e+00,0.00000000000000000e+00,0.00000000000000000e+00,1.19184568343635444e-02,0.00000000000000000e+00,0.00000000000000000e+00,0.00000000000000000e+00,0.00000000000000000e+00,0.00000000000000000e+00,0.00000000000000000e+00,0.00000000000000000e+00,1.77713052697446772e+00,7.29719133028720601e-01,-9.65650790018006355e-01,1.12780214392177114e+00,3.40038147286101746e-11,1.88504749707280825e-11,2.00184835611717699e-11,1.08145560051334983e-11
-1.87500000000000000e-01,8.29029118180400371e-01,-1.77081553983793244e-01,7.29396462169447091e-01,1.32473244994394701e+00,0.00000000000000000e+00,0.00000000000000000e+00,0.00000000000000000e+00,0.00000000000000000e+00,0.00000000000000000e+00,0.00000000000000000e+00,0.00000000000000000e+00,1.17725564697236853e-02,0.00000000000000000e+00,0.00000000000000000e+00,0.00000000000000000e+00,0.00000000000000000e+00,0.00000000000000000e+00,0.00000000000000000e+00,0.00000000000000000e+00,1.75505465702032493e+00,7.29396462184060512e-01,-9.63582529091759787e-01,1.12466824554791867e+00,3.42020278595609621e-11,1.87894057531622678e-11,2.00349499093723912e-11,1.08348851682478585e-11
-1.83333333333333320e-01,8.32490612611602732e-01,-1.73371614303652444e-01,7.29055045987305861e-01,1.31647936953091160e+00,0.00000000000000000e+00,0.00000000000000000e+00,0.00000000000000000e+00,0.00000000000000000e+00,0.00000000000000000e+00,0.00000000000000000e+00,0.00000000000000000e+00,1.16227159690072759e-02,0.00000000000000000e+00,0.00000000000000000e+00,0.00000000000000000e+00,0.00000000000000000e+00,0.00000000000000000e+00,0.00000000000000000e+00,0.00000000000000000e+00,1.73325301792700270e+00,7.29055046001927054e-01,-9.61505632433038326e-01,1.12155454493057460e+00,3.43906236037375203e-11,1.87310482554102415e-11,2.00549920411151164e-11,1.08564707142119679e-11
-1.79166666666666669e-01,8.35966560025739436e-01,-1.69651393740813866e-01,7.28694832103652379e-01,1.30827774888908066e+00,0.00000000000000000e+00,0.00000000000000000e+00,0.00000000000000000e+00,0.00000000000000000e+00,0.00000000000000000e+00,0.00000000000000000e+00,0.00000000000000000e+00,1.14688668078486069e-02,0.00000000000000000e+00,0.00000000000000000e+00,0.00000000000000000e+00,0.00000000000000000e+00,0.00000000000000000e+00,0.00000000000000000e+00,0.00000000000000000e+00,1.71172220314413659e+00,7.28694832118272573e-01,-9.59420063984556371e-01,1.11846072247960793e+00,3.46273271955357733e-11,1.86583390598025451e-11,2.00635345551734780e-11,1.08686898435185505e-11
-1.74999999999999989e-01,8.39457020769207363e-01,-1.65920901018758449e-01,7.28315769431210014e-01,1.30012726726136973e+00,0.00000000000000000e+00,0.00000000000000000e+00,0.00000000000000000e+00,0.00000000000000000e+00,0.00000000000000000e+00,0.00000000000000000e+00,0.00000000000000000e+00,1.13109399058898483e-02,0.00000000000000000e+00,0.00000000000000000e+00,0.00000000000000000e+00,0.00000000000000000e+00,0.00000000000000000e+00,0.00000000000000000e+00,0.00000000000000000e+00,1.69045884843807181e+00,7.28315769445824102e-01,-9.57325787538475526e-01,1.11538646034928424e+00,3.48902892488423599e-11,1.85765878412969824e-11,2.00655928799478402e-11,1.08751416471732837e-11
-1.70833333333333337e-01,8.42962055440370728e-01,-1.62180144414500155e-01,7.27917808175707948e-01,1.29202760580472220e+00,0.00000000000000000e+00,0.00000000000000000e+00,0.00000000000000000e+00,0.00000000000000000e+00,0.00000000000000000e+00,0.00000000000000000e+00,0.00000000000000000e+00,1.11488656276854878e-02,0.00000000000000000e+00,0.00000000000000000e+00,0.00000000000000000e+00,0.00000000000000000e+00,0.00000000000000000e+00,0.00000000000000000e+00,0.00000000000000000e+00,1.66945963136626685e+00,7.27917808190321591e-01,-9.55222766735777551e-01,1.11233144245399984e+00,3.51155508335252435e-11,1.85036202726743502e-11,2.00759528948289224e-11,1.08859677797817520e-11
-1.66666666666666657e-01,8.46481724890614129e-01,-1.58429131746969376e-01,7.27500899852118632e-01,1.28397844757283286e+00,0.00000000000000000e+00,0.00000000000000000e+00,0.00000000000000000e+00,0.00000000000000000e+00,0.00000000000000000e+00,0.00000000000000000e+00,0.00000000000000000e+00,1.09825737836380406e-02,0.00000000000000000e+00,0.00000000000000000e+00,0.00000000000000000e+00,0.00000000000000000e+00,0.00000000000000000e+00,0.00000000000000000e+00,0.00000000000000000e+00,1.64872127075845487e+00,7.27500899866722173e-01,-9.53110965065631532e-01,1.10929535448380601e+00,3.53769177715156440e-11,1.84145712416553615e-11,2.00735704954966845e-11,1.08868128614609325e-11
-1.62500000000000006e-01,8.50016090225398147e-01,-1.54667870365597510e-01,7.27064997300771232e-01,1.27597947749849827e+00,0.00000000000000000e+00,0.00000000000000000e+00,0.00000000000000000e+00,0.00000000000000000e+00,0.00000000000000000e+00,0.00000000000000000e+00,0.00000000000000000e+00,1.08119936311101179e-02,0.00000000000000000e+00,0.00000000000000000e+00,0.00000000000000000e+00,0.00000000000000000e+00,0.00000000000000000e+00,0.00000000000000000e+00,0.00000000000000000e+00,1.62824052620361992e+00,7.27064997315349237e-01,-9.50990345864761055e-01,1.10627788391966098e+00,3.56888066315745997e-11,1.83014669475166707e-11,2.00504845141412275e-11,1.08726223104180299e-11
-1.58333333333333326e-01,8.53565212805321050e-01,-1.50896367138934451e-01,7.26610054703434094e-01,1.26803038237592181e+00,0.00000000000000000e+00,0.00000000000000000e+00,0.00000000000000000e+00,0.00000000000000000e+00,0.00000000000000000e+00,0.00000000000000000e+00,0.00000000000000000e+00,1.06370538755596045e-02,0.00000000000000000e+00,0.00000000000000000e+00,0.00000000000000000e+00,0.00000000000000000e+00,0.00000000000000000e+00,0.00000000000000000e+00,0.00000000000000000e+00,1.60801419754357799e+00,7.26610054718000220e-01,-9.48860872316807380e-01,1.10327872004845395e+00,3.59419102940026708e-11,1.82084140953907072e-11,2.00466894016973323e-11,1.08692454764815453e-11
-1.54166666666666674e-01,8.57129154247183278e-01,-1.47114628443209577e-01,7.26136027599465828e-01,1.26013085084312637e+00,0.00000000000000000e+00,0.00000000000000000e+00,0.00000000000000000e+00,0.00000000000000000e+00,0.00000000000000000e+00,0.00000000000000000e+00,0.00000000000000000e+00,1.04576826716366103e-02,0.00000000000000000e+00,0.00000000000000000e+00,0.00000000000000000e+00,0.00000000000000000e+00,0.00000000000000000e+00,0.00000000000000000e+00,0.00000000000000000e+00,1.58803912437348238e+00,7.26136027614015966e-01,-9.46722507451690065e-01,1.10029755397783835e+00,3.62327877991188789e-11,1.81074644459767302e-11,2.00377592051687947e-11,1.08605461171742344e-11
-1.49999999999999994e-01,8.60707976425057808e-01,-1.43322660151171399e-01,7.25642872901758107e-01,1.25228057336385934e+00,0.00000000000000000e+00,0.00000000000000000e+00,0.00000000000000000e+00,0.00000000000000000e+00,0.00000000000000000e+00,0.00000000000000000e+00,0.00000000000000000e+00,1.02738076245093325e-02,0.00000000000000000e+00,0.00000000000000000e+00,0.00000000000000000e+00,0.00000000000000000e+00,0.00000000000000000e+00,0.00000000000000000e+00,0.00000000000000000e+00,1.56831218554762164e+00,7.25642872916280490e-01,-9.44575214144965258e-01,1.09733407865075194e+00,3.66336063909180042e-11,1.79826837787515529e-11,2.00131274459403572e-11,1.08368585044956174e-11
-1.45833333333333343e-01,8.64301741471363960e-01,-1.39520467620966648e-01,7.25130548912642725e-01,1.24447924220934447e+00,0.00000000000000000e+00,0.00000000000000000e+00,0.00000000000000000e+00,0.00000000000000000e+00,0.00000000000000000e+00,0.00000000000000000e+00,0.00000000000000000e+00,1.00853557912390212e-02,0.00000000000000000e+00,0.00000000000000000e+00,0.00000000000000000e+00,0.00000000000000000e+00,0.00000000000000000e+00,0.00000000000000000e+00,0.00000000000000000e+00,1.54883029869138023e+00,7.25130548927156671e-01,-9.42418955117181656e-01,1.09438798885969235e+00,3.69615031440476190e-11,1.78876019472857160e-11,2.00156311472441855e-11,1.08300236550693800e-11
-1.41666666666666663e-01,8.67910511777946425e-01,-1.35708055684921197e-01,7.24599015339896457e-01,1.23672655144034982e+00,0.00000000000000000e+00,0.00000000000000000e+00,0.00000000000000000e+00,0.00000000000000000e+00,0.00000000000000000e+00,0.00000000000000000e+00,0.00000000000000000e+00,9.89225368205161500e-03,0.00000000000000000e+00,0.00000000000000000e+00,0.00000000000000000e+00,0.00000000000000000e+00,0.00000000000000000e+00,0.00000000000000000e+00,0.00000000000000000e+00,1.52959041972045018e+00,7.24599015354395304e-01,-9.40253692933232132e-01,1.09145898126081331e+00,3.73115952717760207e-11,1.77799869606299198e-11,2.00094759453937512e-11,1.08146034002957776e-11
-1.37500000000000011e-01,8.71534349997157842e-01,-1.31885428638634089e-01,7.24048233312490019e-01,1.22902219688855019e+00,0.00000000000000000e+00,0.00000000000000000e+00,0.00000000000000000e+00,0.00000000000000000e+00,0.00000000000000000e+00,0.00000000000000000e+00,0.00000000000000000e+00,9.69442726188766458e-03,0.00000000000000000e+00,0.00000000000000000e+00,0.00000000000000000e+00,0.00000000000000000e+00,0.00000000000000000e+00,0.00000000000000000e+00,0.00000000000000000e+00,1.51058954236469423e+00,7.24048233326941904e-01,-9.38079390001705260e-01,1.08854675438767368e+00,3.77478441607958024e-11,1.76222364002032616e-11,1.99598361941205364e-11,1.07679826384998637e-11
-1.33333333333333331e-01,8.75173319042947484e-01,-1.28052590230118807e-01,7.23478165396274187e-01,1.22136587613776970e+00,0.00000000000000000e+00,0.00000000000000000e+00,0.00000000000000000e+00,0.00000000000000000e+00,0.00000000000000000e+00,0.00000000000000000e+00,0.00000000000000000e+00,9.49180195199480874e-03,0.00000000000000000e+00,0.00000000000000000e+00,0.00000000000000000e+00,0.00000000000000000e+00,0.00000000000000000e+00,0.00000000000000000e+00,0.00000000000000000e+00,1.49182469769807757e+00,7.23478165410678886e-01,-9.35896008574231497e-01,1.08565100866472775e+00,3.80790220727833218e-11,1.74691614370759826e-11,1.99103446986887257e-11,1.07230172962542529e-11
-1.29166666666666680e-01,8.78827482091952494e-01,-1.24209543648863996e-01,7.22888775609766943e-01,1.21375728850550657e+00,0.00000000000000000e+00,0.00000000000000000e+00,0.00000000000000000e+00,0.00000000000000000e+00,0.00000000000000000e+00,0.00000000000000000e+00,0.00000000000000000e+00,9.28430263143042306e-03,0.00000000000000000e+00,0.00000000000000000e+00,0.00000000000000000e+00,0.00000000000000000e+00,0.00000000000000000e+00,0.00000000000000000e+00,0.00000000000000000e+00,1.47329295367559143e+00,7.22888775624125901e-01,-9.33703510744828491e-01,1.08277144642063083e+00,3.84009541163552697e-11,1.73175365329083800e-11,1.98633025589445607e-11,1.06778546508959784e-11
-1.25000000000000000e-01,8.82496902584595455e-01,-1.20356291515133870e-01,7.22280029439724580e-01,1.20619613502376000e+00,0.00000000000000000e+00,0.00000000000000000e+00,0.00000000000000000e+00,0.00000000000000000e+00,0.00000000000000000e+00,0.00000000000000000e+00,0.00000000000000000e+00,9.07185363881070350e-03,0.00000000000000000e+00,0.00000000000000000e+00,0.00000000000000000e+00,0.00000000000000000e+00,0.00000000000000000e+00,0.00000000000000000e+00,0.00000000000000000e+00,1.45499141467470072e+00,7.22280029454030026e-01,-9.31501858449242714e-01,1.07990777190121157e+00,3.88314812033478248e-11,1.71458343654854006e-11,1.98059549392685336e-11,1.06191779278650750e-11
-1.20833333333333334e-01,8.86181644226185283e-01,-1.16492835869373576e-01,7.21651893856583571e-01,1.19868211841972938e+00,0.00000000000000000e+00,0.00000000000000000e+00,0.00000000000000000e+00,0.00000000000000000e+00,0.00000000000000000e+00,0.00000000000000000e+00,0.00000000000000000e+00,8.85437877412016336e-03,0.00000000000000000e+00,0.00000000000000000e+00,0.00000000000000000e+00,0.00000000000000000e+00,0.00000000000000000e+00,0.00000000000000000e+00,0.00000000000000000e+00,1.43691722104268593e+00,7.21651893870875027e-01,-9.29291013464288773e-01,1.07705969128215240e+00,3.93631890766408617e-11,1.70206058312824042e-11,1.98038098814259543e-11,1.05881308283785111e-11
-1.16666666666666669e-01,8.89881770988023790e-01,-1.12619178161543473e-01,7.21004337330012013e-01,1.19121494309641096e+00,0.00000000000000000e+00,0.00000000000000000e+00,0.00000000000000000e+00,0.00000000000000000e+00,0.00000000000000000e+00,0.00000000000000000e+00,0.00000000000000000e+00,8.63180130052931989e-03,0.00000000000000000e+00,0.00000000000000000e+00,0.00000000000000000e+00,0.00000000000000000e+00,0.00000000000000000e+00,0.00000000000000000e+00,0.00000000000000000e+00,1.41906754864987761e+00,7.21004337344317681e-01,-9.27070937407185713e-01,1.07422691268148562e+00,3.98997821728726145e-11,1.69313382143693488e-11,1.98413061066972199e-11,1.05788170192046226e-11
-1.12500000000000003e-01,8.93597347108515683e-01,-1.08735319240649594e-01,7.20337329844235041e-01,1.18379431511312183e+00,0.00000000000000000e+00,0.00000000000000000e+00,0.00000000000000000e+00,0.00000000000000000e+00,0.00000000000000000e+00,0.00000000000000000e+00,0.00000000000000000e+00,8.40404394628685610e-03,0.00000000000000000e+00,0.00000000000000000e+00,0.00000000000000000e+00,0.00000000000000000e+00,0.00000000000000000e+00,0.00000000000000000e+00,0.00000000000000000e+00,1.40143960844879634e+00,7.20337329858543263e-01,-9.24841591734890556e-01,1.07140914617175120e+00,4.05463157038635482e-11,1.68158553057196130e-11,1.98632233557455878e-11,1.05521317258755161e-11
-1.08333333333333337e-01,8.97328437094284115e-01,-1.04841259344378115e-01,7.19650842913254984e-01,1.17641994216533297e+00,0.00000000000000000e+00,0.00000000000000000e+00,0.00000000000000000e+00,0.00000000000000000e+00,0.00000000000000000e+00,0.00000000000000000e+00,0.00000000000000000e+00,8.17102890680954791e-03,0.00000000000000000e+00,0.00000000000000000e+00,0.00000000000000000e+00,0.00000000000000000e+00,0.00000000000000000e+00,0.00000000000000000e+00,0.00000000000000000e+00,1.38403064603768122e+00,7.19650842927491263e-01,-9.22602937743429496e-01,1.06860610379187149e+00,4.11333335554736072e-11,1.65986362779693441e-11,1.97822026644944841e-11,1.04607538346262078e-11
-1.04166666666666671e-01,9.01075105721290570e-01,-1.00936998088846486e-01,7.18944849595899438e-01,1.16909153356467099e+00,0.00000000000000000e+00,0.00000000000000000e+00,0.00000000000000000e+00,0.00000000000000000e+00,0.00000000000000000e+00,0.00000000000000000e+00,0.00000000000000000e+00,7.93267784676380226e-03,0.00000000000000000e+00,0.00000000000000000e+00,0.00000000000000000e+00,0.00000000000000000e+00,0.00000000000000000e+00,0.00000000000000000e+00,0.00000000000000000e+00,1.36683794123041480e+00,7.18944849610015368e-01,-9.20354936567225668e-01,1.06581749955871063e+00,4.14229704710982995e-11,1.63351197010404339e-11,1.96342329376913975e-11,1.03382754518432133e-11
-1.00000000000000006e-01,9.04837418035959518e-01,-9.70225344582836269e-02,7.18219324511015556e-01,1.16180880021885979e+00,0.00000000000000000e+00,0.00000000000000000e+00,0.00000000000000000e+00,0.00000000000000000e+00,0.00000000000000000e+00,0.00000000000000000e+00,0.00000000000000000e+00,7.68891190214170215e-03,0.00000000000000000e+00,0.00000000000000000e+00,0.00000000000000000e+00,0.00000000000000000e+00,0.00000000000000000e+00,0.00000000000000000e+00,0.00000000000000000e+00,1.34985880763222532e+00,7.18219324524962732e-01,-9.18097549178424233e-01,1.06304304947846973e+00,4.16503842777365551e-11,1.60078351884422922e-11,1.94191053771469156e-11,1.01740104565139476e-11
-9.58333333333333398e-02,9.08615439356307730e-01,-9.30978667949776129e-02,7.17474243852293858e-01,1.15457145461079680e+00,0.00000000000000000e+00,0.00000000000000000e+00,0.00000000000000000e+00,0.00000000000000000e+00,0.00000000000000000e+00,0.00000000000000000e+00,0.00000000000000000e+00,7.43965168262209972e-03,0.00000000000000000e+00,0.00000000000000000e+00,0.00000000000000000e+00,0.00000000000000000e+00,0.00000000000000000e+00,0.00000000000000000e+00,0.00000000000000000e+00,1.33309059221924997e+00,7.17474243866090156e-01,-9.15830736386215372e-01,1.06028247155767508e+00,4.20430293612673794e-11,1.56903742836447999e-11,1.92289793755745197e-11,1.00137433240586002e-11
-9.16666666666666602e-02,9.12409235273077823e-01,-8.91629927892604451e-02,7.16709585403039307e-01,1.14737921077760796e+00,0.00000000000000000e+00,0.00000000000000000e+00,0.00000000000000000e+00,0.00000000000000000e+00,0.00000000000000000e+00,0.00000000000000000e+00,0.00000000000000000e+00,7.18481727394352804e-03,0.00000000000000000e+00,0.00000000000000000e+00,0.00000000000000000e+00,0.00000000000000000e+00,0.00000000000000000e+00,0.00000000000000000e+00,0.00000000000000000e+00,1.31653067492390630e+00,7.16709585416891448e-01,-9.13554458836153271e-01,1.05753548581391010e+00,4.27523305831640592e-11,1.56316753560922575e-11,1.93274122989274425e-11,1.00175875154229309e-11
-8.74999999999999944e-02,9.16218871650877675e-01,-8.52179094692605138e-02,7.15925328551306972e-01,1.14023178428943961e+00,0.00000000000000000e+00,0.00000000000000000e+00,0.00000000000000000e+00,0.00000000000000000e+00,0.00000000000000000e+00,0.00000000000000000e+00,0.00000000000000000e+00,6.92432824028525653e-03,0.00000000000000000e+00,0.00000000000000000e+00,0.00000000000000000e+00,0.00000000000000000e+00,0.00000000000000000e+00,0.00000000000000000e+00,0.00000000000000000e+00,1.30017646822545840e+00,7.15925328565308661e-01,-9.11268677009473338e-01,1.05480181428648967e+00,4.38150675274133112e-11,1.56695790814518596e-11,1.95574707845880503e-11,1.00827505728972757e-11
-8.33333333333333287e-02,9.20044414629323293e-01,-8.12626131912252830e-02,7.15121454304202486e-01,1.13312889222803426e+00,0.00000000000000000e+00,0.00000000000000000e+00,0.00000000000000000e+00,0.00000000000000000e+00,0.00000000000000000e+00,0.00000000000000000e+00,0.00000000000000000e+00,6.65810362684732347e-03,0.00000000000000000e+00,0.00000000000000000e+00,0.00000000000000000e+00,0.00000000000000000e+00,0.00000000000000000e+00,0.00000000000000000e+00,0.00000000000000000e+00,1.28402541674583803e+00,7.15121454318332739e-01,-9.08973351222405967e-01,1.05208118104651094e+00,4.52457076440670286e-11,1.56406185188415349e-11,1.97592345164409051e-11,1.01050749076984293e-11
-7.91666666666666630e-02,9.23885930624187557e-01,-7.72970996295589130e-02,7.14297945302551640e-01,1.12607025316399478e+00,0.00000000000000000e+00,0.00000000000000000e+00,0.00000000000000000e+00,0.00000000000000000e+00,0.00000000000000000e+00,0.00000000000000000e+00,0.00000000000000000e+00,6.38606196268346957e-03,0.00000000000000000e+00,0.00000000000000000e+00,0.00000000000000000e+00,0.00000000000000000e+00,0.00000000000000000e+00,0.00000000000000000e+00,0.00000000000000000e+00,1.26807499684821456e+00,7.14297945316361482e-01,-9.06668441625487431e-01,1.04937331220685293e+00,4.53406478058307067e-11,1.51014390815952267e-11,1.93334479669979164e-11,9.79575029657842264e-12
-7.49999999999999972e-02,9.27743486328552858e-01,-7.33213637674611507e-02,7.13454785834781058e-01,1.11905558713665276e+00,0.00000000000000000e+00,0.00000000000000000e+00,0.00000000000000000e+00,0.00000000000000000e+00,0.00000000000000000e+00,0.00000000000000000e+00,0.00000000000000000e+00,6.10812126304612936e-03,0.00000000000000000e+00,0.00000000000000000e+00,0.00000000000000000e+00,0.00000000000000000e+00,0.00000000000000000e+00,0.00000000000000000e+00,0.00000000000000000e+00,1.25232271624712266e+00,7.13454785847764117e-01,-9.04353908202868317e-01,1.04667793593157477e+00,4.41246027974967055e-11,1.39770920386720294e-11,1.81974517934474258e-11,9.10242568568403761e-12
-7.08333333333333315e-02,9.31617148713969501e-01,-6.93353998869127019e-02,7.12591961851665956e-01,1.11208461563006589e+00,0.00000000000000000e+00,0.00000000000000000e+00,0.00000000000000000e+00,0.00000000000000000e+00,0.00000000000000000e+00,0.00000000000000000e+00,0.00000000000000000e+00,5.82419903251321994e-03,0.00000000000000000e+00,0.00000000000000000e+00,0.00000000000000000e+00,0.00000000000000000e+00,0.00000000000000000e+00,0.00000000000000000e+00,0.00000000000000000e+00,1.23676611361544175e+00,7.12591961862909740e-01,-9.02029710771618309e-01,1.04399478244550270e+00,4.05549514354905786e-11,1.18054838880487408e-11,1.57787124801365365e-11,7.71851561374942158e-12
-6.66666666666666657e-02,9.35506985031617777e-01,-6.53392015600257059e-02,7.11709460979056185e-01,1.10515706155230431e+00,0.00000000000000000e+00,0.00000000000000000e+00,0.00000000000000000e+00,0.00000000000000000e+00,0.00000000000000000e+00,0.00000000000000000e+00,0.00000000000000000e+00,5.53421226766302732e-03,0.00000000000000000e+00,0.00000000000000000e+00,0.00000000000000000e+00,0.00000000000000000e+00,0.00000000000000000e+00,0.00000000000000000e+00,0.00000000000000000e+00,1.22140275820434741e+00,7.11709460988490528e-01,-8.99695808981029299e-01,1.04132358404263270e+00,3.61695191954700907e-11,9.62778473703565714e-12,1.32558898166870944e-11,6.31903360514994899e-12
-6.25000000000000000e-02,9.39413062813475808e-01,-6.13327616386830643e-02,7.10807272533181655e-01,1.09827264921100665e+00,0.00000000000000000e+00,0.00000000000000000e+00,0.00000000000000000e+00,0.00000000000000000e+00,0.00000000000000000e+00,0.00000000000000000e+00,0.00000000000000000e+00,5.23807746021562673e-03,0.00000000000000000e+00,0.00000000000000000e+00,0.00000000000000000e+00,0.00000000000000000e+00,0.00000000000000000e+00,0.00000000000000000e+00,0.00000000000000000e+00,1.20623024946044199e+00,7.10807272541299273e-01,-8.97352162311914503e-01,1.03866407509554426e+00,3.27145858902221148e-11,8.06231088216167431e-12,1.14202794523041511e-11,5.31224392657590128e-12
-5.83333333333333343e-02,9.43335449873492160e-01,-5.73160722449581536e-02,7.09885387534661683e-01,1.09143110428882095e+00,0.00000000000000000e+00,0.00000000000000000e+00,0.00000000000000000e+00,0.00000000000000000e+00,0.00000000000000000e+00,0.00000000000000000e+00,0.00000000000000000e+00,4.93571060041093825e-03,0.00000000000000000e+00,0.00000000000000000e+00,0.00000000000000000e+00,0.00000000000000000e+00,0.00000000000000000e+00,0.00000000000000000e+00,0.00000000000000000e+00,1.19124621664824626e+00,7.09885387541864699e-01,-8.94998730075904692e-01,1.03601599206398709e+00,3.01265857680297120e-11,6.98349192542300520e-12,1.01467308496200915e-11,4.61868376076595480e-12
-5.41666666666666685e-02,9.47274214308762907e-01,-5.32891247624490069e-02,7.08943798721205609e-01,1.08463215382138256e+00,0.00000000000000000e+00,0.00000000000000000e+00,0.00000000000000000e+00,0.00000000000000000e+00,0.00000000000000000e+00,0.00000000000000000e+00,0.00000000000000000e+00,4.62702718000974553e-03,0.00000000000000000e+00,0.00000000000000000e+00,0.00000000000000000e+00,0.00000000000000000e+00,0.00000000000000000e+00,0.00000000000000000e+00,0.00000000000000000e+00,1.17644831848373599e+00,7.08943798728315921e-01,-8.92635471414742199e-01,1.03337907350262159e+00,2.97892576242830429e-11,6.83099681824891056e-12,1.00294442968027052e-11,4.53499242378472469e-12
-5.00000000000000028e-02,9.51229424500714016e-01,-4.92519098263938179e-02,7.07982500562019501e-01,1.07787552617132310e+00,0.00000000000000000e+00,0.00000000000000000e+00,0.00000000000000000e+00,0.00000000000000000e+00,0.00000000000000000e+00,0.00000000000000000e+00,0.00000000000000000e+00,4.31194219593791003e-03,0.00000000000000000e+00,0.00000000000000000e+00,0.00000000000000000e+00,0.00000000000000000e+00,0.00000000000000000e+00,0.00000000000000000e+00,0.00000000000000000e+00,1.16183424276460778e+00,7.07982500569617534e-01,-8.90262345299571600e-01,1.03075306006937484e+00,3.12649771137714241e-11,7.30083770659075753e-12,1.07319507297342476e-11,4.86493031380481414e-12
-4.58333333333333301e-02,9.55201149116288395e-01,-4.52044173146209163e-02,7.07001489270933203e-01,1.07116095100372477e+00,0.00000000000000000e+00,0.00000000000000000e+00,0.00000000000000000e+00,0.00000000000000000e+00,0.00000000000000000e+00,0.00000000000000000e+00,0.00000000000000000e+00,3.99037015381134823e-03,0.00000000000000000e+00,0.00000000000000000e+00,0.00000000000000000e+00,0.00000000000000000e+00,0.00000000000000000e+00,0.00000000000000000e+00,0.00000000000000000e+00,1.14740170600916858e+00,7.07001489278873518e-01,-8.87879310530226951e-01,1.02813769453297432e+00,3.23307223772884412e-11,7.60587537839027371e-12,1.12309736153711251e-11,5.08716631687809080e-12
-4.16666666666666644e-02,9.59189457109138166e-01,-4.11466363382651523e-02,7.06000762819835481e-01,1.06448815926065365e+00,0.00000000000000000e+00,0.00000000000000000e+00,0.00000000000000000e+00,0.00000000000000000e+00,0.00000000000000000e+00,0.00000000000000000e+00,0.00000000000000000e+00,3.66222507162802455e-03,0.00000000000000000e+00,0.00000000000000000e+00,0.00000000000000000e+00,0.00000000000000000e+00,0.00000000000000000e+00,0.00000000000000000e+00,0.00000000000000000e+00,1.13314845309861001e+00,7.06000762826389128e-01,-8.85486325734517132e-01,1.02553272178042931e+00,2.80490051480478815e-11,6.07099486935772082e-12,9.28277540115617426e-12,4.07557125369280697e-12
-3.74999999999999986e-02,9.63194417720821816e-01,-3.70785552344668201e-02,7.04980320949251227e-01,1.05785688314107018e+00,0.00000000000000000e+00,0.00000000000000000e+00,0.00000000000000000e+00,0.00000000000000000e+00,0.00000000000000000e+00,0.00000000000000000e+00,0.00000000000000000e+00,3.32742048266808929e-03,0.00000000000000000e+00,0.00000000000000000e+00,0.00000000000000000e+00,0.00000000000000000e+00,0.00000000000000000e+00,0.00000000000000000e+00,0.00000000000000000e+00,1.11907225693600831e+00,7.04980320953454198e-01,-8.83083349367506876e-01,1.02293788882292103e+00,2.07563577178492770e-11,3.53501728957718953e-12,5.96182784029932239e-12,2.38150039959225986e-12
-3.33333333333333329e-02,9.67216100482005903e-01,-3.30001615569129186e-02,7.03940165181878963e-01,1.05126685607346615e+00,0.00000000000000000e+00,0.00000000000000000e+00,0.00000000000000000e+00,0.00000000000000000e+00,0.00000000000000000e+00,0.00000000000000000e+00,0.00000000000000000e+00,2.98586943962367291e-03,0.00000000000000000e+00,0.00000000000000000e+00,0.00000000000000000e+00,0.00000000000000000e+00,0.00000000000000000e+00,0.00000000000000000e+00,0.00000000000000000e+00,1.10517091809490031e+00,7.03940165184985256e-01,-8.80670339710796446e-01,1.02035294480293093e+00,1.74204724352979626e-11,2.33387454374334462e-12,4.41272306117443454e-12,1.57780638064086413e-12
-2.91666666666666671e-02,9.71254575213672866e-01,-2.89114420646113188e-02,7.02880298838481021e-01,1.04471781268214170e+00,0.00000000000000000e+00,0.00000000000000000e+00,0.00000000000000000e+00,0.00000000000000000e+00,0.00000000000000000e+00,0.00000000000000000e+00,0.00000000000000000e+00,2.63748451979804689e-03,0.00000000000000000e+00,0.00000000000000000e+00,0.00000000000000000e+00,0.00000000000000000e+00,0.00000000000000000e+00,0.00000000000000000e+00,0.00000000000000000e+00,1.09144226445995063e+00,7.02880298840985462e-01,-8.78247254871796224e-01,1.01777764100234114e+00,1.55746642112274600e-11,1.66703972514770321e-12,3.56311181730250036e-12,1.13115340697731777e-12
-2.50000000000000014e-02,9.75309912028332615e-01,-2.48123827148673919e-02,7.01800727047766637e-01,1.03820948876571273e+00,0.00000000000000000e+00,0.00000000000000000e+00,0.00000000000000000e+00,0.00000000000000000e+00,0.00000000000000000e+00,0.00000000000000000e+00,0.00000000000000000e+00,2.28217782845665899e-03,0.00000000000000000e+00,0.00000000000000000e+00,0.00000000000000000e+00,0.00000000000000000e+00,0.00000000000000000e+00,0.00000000000000000e+00,0.00000000000000000e+00,1.07788415089880329e+00,7.01800727049772588e-01,-8.75814052783000396e-01,1.01521173084741578e+00,1.31477718204727889e-11,1.22554700220125933e-12,2.85829136901203058e-12,8.34615771153823426e-13
-2.08333333333333322e-02,9.79382181331240109e-01,-2.07029686544749694e-02,7.00701456759007524e-01,1.03174162127116875e+00,0.00000000000000000e+00,0.00000000000000000e+00,0.00000000000000000e+00,0.00000000000000000e+00,0.00000000000000000e+00,0.00000000000000000e+00,0.00000000000000000e+00,1.91986100282063189e-03,0.00000000000000000e+00,0.00000000000000000e+00,0.00000000000000000e+00,0.00000000000000000e+00,0.00000000000000000e+00,0.00000000000000000e+00,0.00000000000000000e+00,1.06449445892952999e+00,7.00701456760457475e-01,-8.73370691201255878e-01,1.01265496991493187e+00,1.09635746218198037e-11,6.80836080872001598e-13,2.06928536564486729e-12,4.65105532493405305e-13
-1.66666666666666664e-02,9.83471453821617492e-01,-1.65831842100579961e-02,6.99582496755730698e-01,1.02531394826454303e+00,0.00000000000000000e+00,0.00000000000000000e+00,0.00000000000000000e+00,0.00000000000000000e+00,0.00000000000000000e+00,0.00000000000000000e+00,0.00000000000000000e+00,1.55044521666224751e-03,0.00000000000000000e+00,0.00000000000000000e+00,0.00000000000000000e+00,0.00000000000000000e+00,0.00000000000000000e+00,0.00000000000000000e+00,0.00000000000000000e+00,1.05127109638619598e+00,6.99582496754753480e-01,-8.70917127707029448e-01,1.01010711593866875e+00,9.67577572205728978e-12,2.64581208827219855e-12,1.39685928508534101e-12,1.81410771468017155e-12
-1.25000000000000007e-02,9.87577800493881441e-01,-1.24530128819547187e-02,6.98443857662691792e-01,1.01892620890315189e+00,0.00000000000000000e+00,0.00000000000000000e+00,0.00000000000000000e+00,0.00000000000000000e+00,0.00000000000000000e+00,0.00000000000000000e+00,0.00000000000000000e+00,1.17384118539063526e-03,0.00000000000000000e+00,0.00000000000000000e+00,0.00000000000000000e+00,0.00000000000000000e+00,0.00000000000000000e+00,0.00000000000000000e+00,0.00000000000000000e+00,1.03821199709287804e+00,6.98443857658919698e-01,-8.68453319703671123e-01,1.00756792881240620e+00,1.06461265859241341e-11,6.80127859008260112e-12,5.40071146320898461e-12,4.67910990266716652e-12
-8.33333333333333322e-03,9.91701292638875964e-01,-8.31243733465500574e-03,6.97285551959004879e-01,1.01257814340419028e+00,0.00000000000000000e+00,0.00000000000000000e+00,0.00000000000000000e+00,0.00000000000000000e+00,0.00000000000000000e+00,0.00000000000000000e+00,0.00000000000000000e+00,7.89959171233633301e-04,0.00000000000000000e+00,0.00000000000000000e+00,0.00000000000000000e+00,0.00000000000000000e+00,0.00000000000000000e+00,0.00000000000000000e+00,0.00000000000000000e+00,1.02531512053536900e+00,6.97285551954934690e-01,-8.65979224416674409e-01,1.00503717059578035e+00,1.06700247227999751e-11,7.26731098485653455e-12,5.83719054434293078e-12,5.01661356536040228e-12
-4.16666666666666661e-03,9.95842001845109959e-01,-4.16143938670059717e-03,6.96107593993221085e-01,1.00626949301806534e+00,0.00000000000000000e+00,0.00000000000000000e+00,0.00000000000000000e+00,0.00000000000000000e+00,0.00000000000000000e+00,0.00000000000000000e+00,0.00000000000000000e+00,3.98708987190487347e-04,0.00000000000000000e+00,0.00000000000000000e+00,0.00000000000000000e+00,0.00000000000000000e+00,0.00000000000000000e+00,0.00000000000000000e+00,0.00000000000000000e+00,1.01257845154769077e+00,6.96107593992388640e-01,-8.63494798892934012e-01,1.00251460552096172e+00,6.96870004410655827e-12,2.14705635831369694e-12,1.19585712187050844e-12,1.48709392331991390e-12
0.00000000000000000e+00,1.00000000000000000e+00,0.00000000000000000e+00,6.94910000000000028e-01,1.00000000000000000e+00,0.00000000000000000e+00,0.00000000000000000e+00,0.00000000000000000e+00,0.00000000000000000e+00,0.00000000000000000e+00,0.00000000000000000e+00,0.00000000000000000e+00,0.00000000000000000e+00,0.00000000000000000e+00,0.00000000000000000e+00,0.00000000000000000e+00,0.00000000000000000e+00,0.00000000000000000e+00,0.00000000000000000e+00,0.00000000000000000e+00,1.00000000000000000e+00,6.94910000000000028e-01,-8.60999999999999988e-01,1.00000000000000000e+00,0.00000000000000000e+00,0.00000000000000000e+00,0.00000000000000000e+00,0.00000000000000000e+00
4.16666666666666661e-03,1.00417535929111845e+00,4.17190072334987488e-03,6.93692788098151047e-01,9.93769407583506514e-01,0.00000000000000000e+00,0.00000000000000000e+00,0.00000000000000000e+00,0.00000000000000000e+00,0.00000000000000000e+00,0.00000000000000000e+00,0.00000000000000000e+00,-4.06258859275046731e-04,0.00000000000000000e+00,0.00000000000000000e+00,0.00000000000000000e+00,0.00000000000000000e+00,0.00000000000000000e+00,0.00000000000000000e+00,0.00000000000000000e+00,9.87577800495134217e-01,6.93692788097431068e-01,-8.58494784425328894e-01,9.97493122622722050e-01,1.26853363893003809e-12,1.21730490358138517e-12,1.03789407043437627e-12,8.48685399479838359e-13
8.33333333333333322e-03,1.00836815220744702e+00,8.35428354967358670e-03,6.92455978305090536e-01,9.87577459934111390e-01,0.00000000000000000e+00,0.00000000000000000e+00,0.00000000000000000e+00,0.00000000000000000e+00,0.00000000000000000e+00,0.00000000000000000e+00,0.00000000000000000e+00,-8.20159093467954939e-04,0.00000000000000000e+00,0.00000000000000000e+00,0.00000000000000000e+00,0.00000000000000000e+00,0.00000000000000000e+00,0.00000000000000000e+00,0.00000000000000000e+00,9.75309912030850046e-01,6.92455978303110564e-01,-8.55979108675531730e-01,9.94993744162633087e-01,2.58115977013100585e-12,3.23115480497521629e-12,2.85934673705684451e-12,2.25989199545429914e-12
1.25000000000000007e-02,1.01257845154063442e+00,1.25471701243061902e-02,6.91199592548985997e-01,9.81423902130862280e-01,0.00000000000000000e+00,0.00000000000000000e+00,0.00000000000000000e+00,0.00000000000000000e+00,0.00000000000000000e+00,0.00000000000000000e+00,0.00000000000000000e+00,-1.24179263269372274e-03,0.00000000000000000e+00,0.00000000000000000e+00,0.00000000000000000e+00,0.00000000000000000e+00,0.00000000000000000e+00,0.00000000000000000e+00,0.00000000000000000e+00,9.63194417722710972e-01,6.91199592547280250e-01,-8.53452929075619315e-01,9.92501637581541640e-01,1.96134390310568720e-12,2.75548136787236912e-12,2.46780622185828605e-12,1.93347467598059405e-12
1.66666666666666664e-02,1.01680633038626089e+00,1.67505829812728754e-02,6.89923654684040821e-01,9.75308480132988542e-01,0.00000000000000000e+00,0.00000000000000000e+00,0.00000000000000000e+00,0.00000000000000000e+00,0.00000000000000000e+00,0.00000000000000000e+00,0.00000000000000000e+00,-1.67125182949703997e-03,0.00000000000000000e+00,0.00000000000000000e+00,0.00000000000000000e+00,0.00000000000000000e+00,0.00000000000000000e+00,0.00000000000000000e+00,0.00000000000000000e+00,9.51229424501997656e-01,6.89923654682148890e-01,-8.50916201768243452e-01,9.90016578035646577e-01,1.34945348410071446e-12,2.94306025885257045e-12,2.74223248242640849e-12,2.07175788902712611e-12
2.08333333333333322e-02,1.02105186214510746e+00,2.09645455485923948e-02,6.88628190493759007e-01,9.69230940743669556e-01,0.00000000000000000e+00,0.00000000000000000e+00,0.00000000000000000e+00,0.00000000000000000e+00,0.00000000000000000e+00,0.00000000000000000e+00,0.00000000000000000e+00,-2.10862945135062039e-03,0.00000000000000000e+00,0.00000000000000000e+00,0.00000000000000000e+00,0.00000000000000000e+00,0.00000000000000000e+00,0.00000000000000000e+00,0.00000000000000000e+00,9.39413062813021837e-01,6.88628190491292869e-01,-8.48368882712935535e-01,9.87538342875447950e-01,4.83248756845702998e-13,3.50819983111729814e-12,3.58123358679293357e-12,2.47720066043831247e-12
2.50000000000000014e-02,1.02531512052442886e+00,2.51890821574186248e-02,6.87313227703142182e-01,9.63191031578993551e-01,0.00000000000000000e+00,0.00000000000000000e+00,0.00000000000000000e+00,0.00000000000000000e+00,0.00000000000000000e+00,0.00000000000000000e+00,0.00000000000000000e+00,-2.55401867516818516e-03,0.00000000000000000e+00,0.00000000000000000e+00,0.00000000000000000e+00,0.00000000000000000e+00,0.00000000000000000e+00,0.00000000000000000e+00,0.00000000000000000e+00,9.27743486325598887e-01,6.87313227699996809e-01,-8.45810927685342717e-01,9.85066711650015137e-01,3.18403787808867364e-12,4.08543872097018939e-12,4.57633102972731492e-12,2.89375738387674665e-12
2.91666666666666671e-02,1.02959617953923477e+00,2.94242180503006094e-02,6.85978795988478218e-01,9.57188501033642836e-01,0.00000000000000000e+00,0.00000000000000000e+00,0.00000000000000000e+00,0.00000000000000000e+00,0.00000000000000000e+00,0.00000000000000000e+00,0.00000000000000000e+00,-3.00751308077897971e-03,0.00000000000000000e+00,0.00000000000000000e+00,0.00000000000000000e+00,0.00000000000000000e+00,0.00000000000000000e+00,0.00000000000000000e+00,0.00000000000000000e+00,9.16218871645963162e-01,6.85978795984830247e-01,-8.43242292276459082e-01,9.82601466109930488e-01,5.36390746017986144e-12,4.47695897991494176e-12,5.31790608640622012e-12,3.18081925125418084e-12
3.33333333333333329e-02,1.03389511351357410e+00,3.36699793897894256e-02,6.84624926987172255e-01,9.51223098243536347e-01,0.00000000000000000e+00,0.00000000000000000e+00,0.00000000000000000e+00,0.00000000000000000e+00,0.00000000000000000e+00,0.00000000000000000e+00,0.00000000000000000e+00,-3.46920664366403599e-03,0.00000000000000000e+00,0.00000000000000000e+00,0.00000000000000000e+00,0.00000000000000000e+00,0.00000000000000000e+00,0.00000000000000000e+00,0.00000000000000000e+00,9.04837418026768869e-01,6.84624926982415838e-01,-8.40662931891855481e-01,9.80142390210143710e-01,1.01572371558209831e-11,5.32890892140789099e-12,6.94747926147489075e-12,3.79751452864407858e-12
3.74999999999999986e-02,1.03821199708182510e+00,3.79263932660449735e-02,6.83251654306272327e-01,9.45294573052320897e-01,0.00000000000000000e+00,0.00000000000000000e+00,0.00000000000000000e+00,0.00000000000000000e+00,0.00000000000000000e+00,0.00000000000000000e+00,0.00000000000000000e+00,-3.93919372835029209e-03,0.00000000000000000e+00,0.00000000000000000e+00,0.00000000000000000e+00,0.00000000000000000e+00,0.00000000000000000e+00,0.00000000000000000e+00,0.00000000000000000e+00,8.93597347089399086e-01,6.83251654298931088e-01,-8.38072801750904928e-01,9.77689270112057529e-01,2.13928535665087682e-11,7.28041305208379299e-12,1.07445604878396702e-11,5.20397274792134163e-12
4.16666666666666644e-02,1.04254690518999138e+00,4.21934877035994998e-02,6.81859013529922176e-01,9.39402675981184543e-01,0.00000000000000000e+00,0.00000000000000000e+00,0.00000000000000000e+00,0.00000000000000000e+00,0.00000000000000000e+00,0.00000000000000000e+00,0.00000000000000000e+00,-4.41756908238295862e-03,0.00000000000000000e+00,0.00000000000000000e+00,0.00000000000000000e+00,0.00000000000000000e+00,0.00000000000000000e+00,0.00000000000000000e+00,0.00000000000000000e+00,8.82496902557207918e-01,6.81859013520364154e-01,-8.35471856886005115e-01,9.75241894184957547e-01,3.10341448256135087e-11,8.91146338987780015e-12,1.40175913961354100e-11,6.38867770279599899e-12
4.58333333333333301e-02,1.04689991309700337e+00,4.64712916705383519e-02,6.80447042229246235e-01,9.33547158187008730e-01,0.00000000000000000e+00,0.00000000000000000e+00,0.00000000000000000e+00,0.00000000000000000e+00,0.00000000000000000e+00,0.00000000000000000e+00,0.00000000000000000e+00,-4.90442782787078087e-03,0.00000000000000000e+00,0.00000000000000000e+00,0.00000000000000000e+00,0.00000000000000000e+00,0.00000000000000000e+00,0.00000000000000000e+00,0.00000000000000000e+00,8.71534349971358702e-01,6.80447042220007181e-01,-8.32860052141797924e-01,9.72800053008589405e-01,2.96019779389287363e-11,8.63055513015131891e-12,1.35779177409347724e-11,6.20563017941337186e-12
5.00000000000000028e-02,1.05127109637602412e+00,5.07598350886961508e-02,6.79015779973066724e-01,9.27727771415020497e-01,0.00000000000000000e+00,0.00000000000000000e+00,0.00000000000000000e+00,0.00000000000000000e+00,0.00000000000000000e+00,0.00000000000000000e+00,0.00000000000000000e+00,-5.39986545181326758e-03,0.00000000000000000e+00,0.00000000000000000e+00,0.00000000000000000e+00,0.00000000000000000e+00,0.00000000000000000e+00,0.00000000000000000e+00,0.00000000000000000e+00,8.60707976401578145e-01,6.79015779964349475e-01,-8.30237342174385495e-01,9.70363539376086881e-01,2.72794760844556540e-11,8.20712071282460364e-12,1.28380656267067724e-11,5.91848294733689982e-12
5.41666666666666685e-02,1.05566053091576206e+00,5.50591488389470529e-02,6.77565268332946835e-01,9.21944267972473863e-01,0.00000000000000000e+00,0.00000000000000000e+00,0.00000000000000000e+00,0.00000000000000000e+00,0.00000000000000000e+00,0.00000000000000000e+00,0.00000000000000000e+00,-5.90397780046757279e-03,0.00000000000000000e+00,0.00000000000000000e+00,0.00000000000000000e+00,0.00000000000000000e+00,0.00000000000000000e+00,0.00000000000000000e+00,0.00000000000000000e+00,8.50016090201169083e-01,6.77565268323937264e-01,-8.27603681450542750e-01,9.67932148293905392e-01,2.85042406594735918e-11,8.38297398316658419e-12,1.32969785913350869e-11,6.06260712420835070e-12
5.83333333333333343e-02,1.06006829292178839e+00,5.93692647689584990e-02,6.76095550890724040e-01,9.16196400690591384e-01,0.00000000000000000e+00,0.00000000000000000e+00,0.00000000000000000e+00,0.00000000000000000e+00,0.00000000000000000e+00,0.00000000000000000e+00,0.00000000000000000e+00,-6.41686107126744100e-03,0.00000000000000000e+00,0.00000000000000000e+00,0.00000000000000000e+00,0.00000000000000000e+00,0.00000000000000000e+00,0.00000000000000000e+00,0.00000000000000000e+00,8.39457020744402649e-01,6.76095550881464002e-01,-8.24959024246926909e-01,9.65505676982948979e-01,2.95485215142387771e-11,8.52451958586363831e-12,1.36963439108839112e-11,6.18255982668649703e-12
6.25000000000000000e-02,1.06449445891785932e+00,6.36902157022562754e-02,6.74606673247209243e-01,9.10483922879761098e-01,0.00000000000000000e+00,0.00000000000000000e+00,0.00000000000000000e+00,0.00000000000000000e+00,0.00000000000000000e+00,0.00000000000000000e+00,0.00000000000000000e+00,-6.93861180326729634e-03,0.00000000000000000e+00,0.00000000000000000e+00,0.00000000000000000e+00,0.00000000000000000e+00,0.00000000000000000e+00,0.00000000000000000e+00,0.00000000000000000e+00,8.29029118156275224e-01,6.74606673238042132e-01,-8.22303324649284351e-01,9.63083924880229647e-01,2.91004812690486382e-11,8.41727025091967084e-12,1.35888242408405659e-11,6.12200438233508231e-12
6.66666666666666657e-02,1.06893910574724638e+00,6.80220354460269877e-02,6.73098683029156764e-01,9.04806588289342573e-01,0.00000000000000000e+00,0.00000000000000000e+00,0.00000000000000000e+00,0.00000000000000000e+00,0.00000000000000000e+00,0.00000000000000000e+00,0.00000000000000000e+00,-7.46932686828252843e-03,0.00000000000000000e+00,0.00000000000000000e+00,0.00000000000000000e+00,0.00000000000000000e+00,0.00000000000000000e+00,0.00000000000000000e+00,0.00000000000000000e+00,8.18730753055665117e-01,6.73098683020494915e-01,-8.19636536551652140e-01,9.60666693639575575e-01,2.72576838678577539e-11,7.95235290697481459e-12,1.28686167932366429e-11,5.80013264187788788e-12
7.08333333333333315e-02,1.07340231057406799e+00,7.23647587990828151e-02,6.71571629896250522e-01,8.99164151066272788e-01,0.00000000000000000e+00,0.00000000000000000e+00,0.00000000000000000e+00,0.00000000000000000e+00,0.00000000000000000e+00,0.00000000000000000e+00,0.00000000000000000e+00,-8.00910346172254567e-03,0.00000000000000000e+00,0.00000000000000000e+00,0.00000000000000000e+00,0.00000000000000000e+00,0.00000000000000000e+00,0.00000000000000000e+00,0.00000000000000000e+00,8.08560316300991566e-01,6.71571629888264576e-01,-8.16958613655559218e-01,9.58253787132289037e-01,2.53052924059098574e-11,7.25940633692721415e-12,1.18914273370361205e-11,5.30924001509944831e-12
7.49999999999999972e-02,1.07788415088463152e+00,7.67184215596771191e-02,6.70025565547614388e-01,8.93556365713403911e-01,0.00000000000000000e+00,0.00000000000000000e+00,0.00000000000000000e+00,0.00000000000000000e+00,0.00000000000000000e+00,0.00000000000000000e+00,0.00000000000000000e+00,-8.55803909320059474e-03,0.00000000000000000e+00,0.00000000000000000e+00,0.00000000000000000e+00,0.00000000000000000e+00,0.00000000000000000e+00,0.00000000000000000e+00,0.00000000000000000e+00,7.98516218740067174e-01,6.70025565540189660e-01,-8.14269509469221053e-01,9.55845011447507442e-01,2.41822101656262256e-11,6.58966787789997700e-12,1.10812600016198111e-11,4.83258993096374045e-12
7.91666666666666630e-02,1.08238470448877711e+00,8.10830605333634213e-02,6.68460543727952494e-01,8.87982987046433192e-01,0.00000000000000000e+00,0.00000000000000000e+00,0.00000000000000000e+00,0.00000000000000000e+00,0.00000000000000000e+00,0.00000000000000000e+00,0.00000000000000000e+00,-9.11623157661492663e-03,0.00000000000000000e+00,0.00000000000000000e+00,0.00000000000000000e+00,0.00000000000000000e+00,0.00000000000000000e+00,0.00000000000000000e+00,0.00000000000000000e+00,7.88596890962064423e-01,6.68460543720845402e-01,-8.11569177306733724e-01,9.53440174892324799e-01,2.41089413960860278e-11,6.08906492850840329e-12,1.06320302056689826e-11,4.47754013507296323e-12
8.33333333333333287e-02,1.08690404952122899e+00,8.54587135409553278e-02,6.66876620233531781e-01,8.82443770149634710e-01,0.00000000000000000e+00,0.00000000000000000e+00,0.00000000000000000e+00,0.00000000000000000e+00,0.00000000000000000e+00,0.00000000000000000e+00,0.00000000000000000e+00,-9.68377901982097299e-03,0.00000000000000000e+00,0.00000000000000000e+00,0.00000000000000000e+00,0.00000000000000000e+00,0.00000000000000000e+00,0.00000000000000000e+00,0.00000000000000000e+00,7.78800783052006063e-01,6.66876620226490524e-01,-8.08857570287262573e-01,9.51039087991793264e-01,2.49085726525191554e-11,5.79770165270687744e-12,1.05585594894393713e-11,4.27468995874276816e-12
8.74999999999999944e-02,1.09144226444295178e+00,8.98454194264818734e-02,6.65273852917840469e-01,8.76938470330732356e-01,0.00000000000000000e+00,0.00000000000000000e+00,0.00000000000000000e+00,0.00000000000000000e+00,0.00000000000000000e+00,0.00000000000000000e+00,0.00000000000000000e+00,-1.02607798139324052e-02,0.00000000000000000e+00,0.00000000000000000e+00,0.00000000000000000e+00,0.00000000000000000e+00,0.00000000000000000e+00,0.00000000000000000e+00,0.00000000000000000e+00,7.69126364348394764e-01,6.65273852910710950e-01,-8.06134641334228963e-01,9.48641563488723194e-01,2.62320353251305628e-11,5.63143670863818635e-12,1.07166682803513832e-11,4.16308582943524813e-12
9.16666666666666602e-02,1.09599942804251294e+00,9.42432180651512769e-02,6.63652301696992297e-01,8.71466843075027087e-01,0.00000000000000000e+00,0.00000000000000000e+00,0.00000000000000000e+00,0.00000000000000000e+00,0.00000000000000000e+00,0.00000000000000000e+00,0.00000000000000000e+00,-1.08473326223018553e-02,0.00000000000000000e+00,0.00000000000000000e+00,0.00000000000000000e+00,0.00000000000000000e+00,0.00000000000000000e+00,0.00000000000000000e+00,0.00000000000000000e+00,7.59572123204172667e-01,6.63652301689796498e-01,-8.03400343174492271e-01,9.46247416343323766e-01,2.73783211402815958e-11,5.46000654036124268e-12,1.08427251641913846e-11,4.04691753250765933e-12
9.58333333333333398e-02,1.10057561943745097e+00,9.86521503714055947e-02,6.62012028554841869e-01,8.66028643998089542e-01,0.00000000000000000e+00,0.00000000000000000e+00,0.00000000000000000e+00,0.00000000000000000e+00,0.00000000000000000e+00,0.00000000000000000e+00,0.00000000000000000e+00,-1.14435363689588676e-02,0.00000000000000000e+00,0.00000000000000000e+00,0.00000000000000000e+00,0.00000000000000000e+00,0.00000000000000000e+00,0.00000000000000000e+00,0.00000000000000000e+00,7.50136566749797340e-01,6.62012028547649067e-01,-8.00654628337529428e-01,9.43856463732674067e-01,2.82408557830612576e-11,5.23539465870270122e-12,1.08650622639272657e-11,3.89048188492214784e-12
1.00000000000000006e-01,1.10517091807564771e+00,1.03072258306887821e-01,6.60353097547683343e-01,8.60623628798015572e-01,0.00000000000000000e+00,0.00000000000000000e+00,0.00000000000000000e+00,0.00000000000000000e+00,0.00000000000000000e+00,0.00000000000000000e+00,0.00000000000000000e+00,-1.20494902267360860e-02,0.00000000000000000e+00,0.00000000000000000e+00,0.00000000000000000e+00,0.00000000000000000e+00,0.00000000000000000e+00,0.00000000000000000e+00,0.00000000000000000e+00,7.40818220660188764e-01,6.60353097540513523e-01,-7.97897449154611360e-01,9.41468525049961813e-01,2.90612612184566245e-11,4.98425341085414993e-12,1.08575553287071280e-11,3.71334006438994417e-12
1.04166666666666671e-01,1.10978540373670875e+00,1.07503584888399145e-01,6.58675574808573971e-01,8.55251553206777149e-01,0.00000000000000000e+00,0.00000000000000000e+00,0.00000000000000000e+00,0.00000000000000000e+00,0.00000000000000000e+00,0.00000000000000000e+00,0.00000000000000000e+00,-1.26652936049600311e-02,0.00000000000000000e+00,0.00000000000000000e+00,0.00000000000000000e+00,0.00000000000000000e+00,0.00000000000000000e+00,0.00000000000000000e+00,0.00000000000000000e+00,7.31615628924704664e-01,6.58675574801407593e-01,-7.95128757757974758e-01,9.39083421903516347e-01,2.99844862797119264e-11,4.73670022563554242e-12,1.08799823096728691e-11,3.53784752499620509e-12
1.08333333333333337e-01,1.11441915653334855e+00,1.11946174195918347e-01,6.56979528551356662e-01,8.49912172940367361e-01,0.00000000000000000e+00,0.00000000000000000e+00,0.00000000000000000e+00,0.00000000000000000e+00,0.00000000000000000e+00,0.00000000000000000e+00,0.00000000000000000e+00,-1.32910461366283466e-02,0.00000000000000000e+00,0.00000000000000000e+00,0.00000000000000000e+00,0.00000000000000000e+00,0.00000000000000000e+00,0.00000000000000000e+00,0.00000000000000000e+00,7.22527353619622947e-01,6.56979528544156643e-01,-7.92348506079990855e-01,9.36700978115683869e-01,3.10704702822281852e-11,4.50727415787672561e-12,1.09592735336123041e-11,3.37492296997080248e-12
1.12500000000000003e-01,1.11907225691278067e+00,1.16400071380650741e-01,6.55265029074333039e-01,8.44605243647870929e-01,0.00000000000000000e+00,0.00000000000000000e+00,0.00000000000000000e+00,0.00000000000000000e+00,0.00000000000000000e+00,0.00000000000000000e+00,0.00000000000000000e+00,-1.39268476650798861e-02,0.00000000000000000e+00,0.00000000000000000e+00,0.00000000000000000e+00,0.00000000000000000e+00,0.00000000000000000e+00,0.00000000000000000e+00,0.00000000000000000e+00,7.13551974683365731e-01,6.55265029067072069e-01,-7.89556645852331540e-01,9.34321019721520707e-01,3.24247084815334548e-11,4.25780460897815145e-12,1.10809661453911701e-11,3.19602729428604082e-12
1.16666666666666669e-01,1.12374478565811442e+00,1.20865322673100961e-01,6.53532148763697363e-01,8.39330520859784213e-01,0.00000000000000000e+00,0.00000000000000000e+00,0.00000000000000000e+00,0.00000000000000000e+00,0.00000000000000000e+00,0.00000000000000000e+00,0.00000000000000000e+00,-1.45727982303054150e-02,0.00000000000000000e+00,0.00000000000000000e+00,0.00000000000000000e+00,0.00000000000000000e+00,0.00000000000000000e+00,0.00000000000000000e+00,0.00000000000000000e+00,7.04688089695017839e-01,6.53532148756381326e-01,-7.86753128605131358e-01,9.31943374967374005e-01,3.36256584758451393e-11,4.02412690135855244e-12,1.11946086803751256e-11,3.02802581590191030e-12
1.20833333333333334e-01,1.12843682388975797e+00,1.25341975391214860e-01,6.51780962096453531e-01,8.34087759934602158e-01,0.00000000000000000e+00,0.00000000000000000e+00,0.00000000000000000e+00,0.00000000000000000e+00,0.00000000000000000e+00,0.00000000000000000e+00,0.00000000000000000e+00,-1.52289980544361367e-02,0.00000000000000000e+00,0.00000000000000000e+00,0.00000000000000000e+00,0.00000000000000000e+00,0.00000000000000000e+00,0.00000000000000000e+00,0.00000000000000000e+00,6.95934313654464454e-01,6.51780962089091975e-01,-7.83937905666145185e-01,9.29567874309204289e-01,3.47411363064809288e-11,3.78829108299470105e-12,1.12945241385798166e-11,2.85747737477670703e-12
1.25000000000000000e-01,1.13314845306682632e+00,1.29830077948514033e-01,6.50011545643109256e-01,8.28876716004952385e-01,0.00000000000000000e+00,0.00000000000000000e+00,0.00000000000000000e+00,0.00000000000000000e+00,0.00000000000000000e+00,0.00000000000000000e+00,0.00000000000000000e+00,-1.58955475269444216e-02,0.00000000000000000e+00,0.00000000000000000e+00,0.00000000000000000e+00,0.00000000000000000e+00,0.00000000000000000e+00,0.00000000000000000e+00,0.00000000000000000e+00,6.87289278766335832e-01,6.50011545635703181e-01,-7.81110928159904239e-01,9.27194350410813217e-01,3.58457563477245736e-11,3.54735575899783434e-12,1.13937603145594046e-11,2.68215741397609944e-12
1.29166666666666680e-01,1.13787975498855554e+00,1.34329679862277368e-01,6.48223978069959239e-01,8.23697143922429209e-01,0.00000000000000000e+00,0.00000000000000000e+00,0.00000000000000000e+00,0.00000000000000000e+00,0.00000000000000000e+00,0.00000000000000000e+00,0.00000000000000000e+00,-1.65725471891896119e-02,0.00000000000000000e+00,0.00000000000000000e+00,0.00000000000000000e+00,0.00000000000000000e+00,0.00000000000000000e+00,0.00000000000000000e+00,0.00000000000000000e+00,6.78751634226305023e-01,6.48223978062501205e-01,-7.78272147006866644e-01,9.24822638141883480e-01,3.69934417382694199e-11,3.30297115724036508e-12,1.15053352585221006e-11,2.50330040118936645e-12
1.33333333333333331e-01,1.14263081179572268e+00,1.38840831761771200e-01,6.46418340140990311e-01,8.18548798201226280e-01,0.00000000000000000e+00,0.00000000000000000e+00,0.00000000000000000e+00,0.00000000000000000e+00,0.00000000000000000e+00,0.00000000000000000e+00,0.00000000000000000e+00,-1.72600977183318370e-02,0.00000000000000000e+00,0.00000000000000000e+00,0.00000000000000000e+00,0.00000000000000000e+00,0.00000000000000000e+00,0.00000000000000000e+00,0.00000000000000000e+00,6.70320046009918236e-01,6.46418340133464442e-01,-7.75421512922566336e-01,9.22452574575851170e-01,3.83713601810377398e-11,3.02503145695356267e-12,1.16424122735637434e-11,2.29802881637721623e-12
1.37500000000000011e-01,1.14740170597207225e+00,1.43363585396515197e-01,6.44594714719506579e-01,8.13431432960895262e-01,0.00000000000000000e+00,0.00000000000000000e+00,0.00000000000000000e+00,0.00000000000000000e+00,0.00000000000000000e+00,0.00000000000000000e+00,0.00000000000000000e+00,-1.79582999107692175e-02,0.00000000000000000e+00,0.00000000000000000e+00,0.00000000000000000e+00,0.00000000000000000e+00,0.00000000000000000e+00,0.00000000000000000e+00,0.00000000000000000e+00,6.61993196664500627e-01,6.44594714711902217e-01,-7.72558976416756638e-01,9.20083998987671348e-01,3.97789283224044670e-11,2.74991718151572677e-12,1.17971205957937018e-11,2.09387811961750394e-12
1.41666666666666663e-01,1.15219252034574793e+00,1.47897993644615311e-01,6.42753186769263074e-01,8.08344801867530771e-01,0.00000000000000000e+00,0.00000000000000000e+00,0.00000000000000000e+00,0.00000000000000000e+00,0.00000000000000000e+00,0.00000000000000000e+00,0.00000000000000000e+00,-1.86672546647223235e-02,0.00000000000000000e+00,0.00000000000000000e+00,0.00000000000000000e+00,0.00000000000000000e+00,0.00000000000000000e+00,0.00000000000000000e+00,0.00000000000000000e+00,6.53769785102975121e-01,6.42753186761577000e-01,-7.69684487792551275e-01,9.17716752851367668e-01,4.11034155541426704e-11,2.49144729841407132e-12,1.19580488401857311e-11,1.90142247909763627e-12
1.45833333333333343e-01,1.15700333809073075e+00,1.52444110521147619e-01,6.40893843355280213e-01,8.03288658073930684e-01,0.00000000000000000e+00,0.00000000000000000e+00,0.00000000000000000e+00,0.00000000000000000e+00,0.00000000000000000e+00,0.00000000000000000e+00,0.00000000000000000e+00,-1.93870629622231207e-02,0.00000000000000000e+00,0.00000000000000000e+00,0.00000000000000000e+00,0.00000000000000000e+00,0.00000000000000000e+00,0.00000000000000000e+00,0.00000000000000000e+00,6.45648526400517508e-01,6.40893843347509540e-01,-7.66797997145561516e-01,9.15350679837463432e-01,4.23985279189432667e-11,2.23709749885885265e-12,1.21247427707663776e-11,1.71118117965674034e-12
1.49999999999999994e-01,1.16183424272828306e+00,1.57001991186590056e-01,6.39016773644302205e-01,7.98262754158650889e-01,0.00000000000000000e+00,0.00000000000000000e+00,0.00000000000000000e+00,0.00000000000000000e+00,0.00000000000000000e+00,0.00000000000000000e+00,0.00000000000000000e+00,-2.01178258504535259e-02,0.00000000000000000e+00,0.00000000000000000e+00,0.00000000000000000e+00,0.00000000000000000e+00,0.00000000000000000e+00,0.00000000000000000e+00,0.00000000000000000e+00,6.37628151593903847e-01,6.39016773636442159e-01,-7.63899454363030195e-01,9.12985625810281642e-01,4.37080521414728974e-11,1.98080132256780926e-12,1.23002185102429911e-11,1.51853671082658740e-12
1.54166666666666674e-01,1.16668531812839826e+00,1.61571691955319008e-01,6.37122068904846017e-01,7.93266842063743538e-01,0.00000000000000000e+00,0.00000000000000000e+00,0.00000000000000000e+00,0.00000000000000000e+00,0.00000000000000000e+00,0.00000000000000000e+00,0.00000000000000000e+00,-2.08596444223061693e-02,0.00000000000000000e+00,0.00000000000000000e+00,0.00000000000000000e+00,0.00000000000000000e+00,0.00000000000000000e+00,0.00000000000000000e+00,0.00000000000000000e+00,6.29707407483209303e-01,6.37122068896887828e-01,-7.60988809122961074e-01,9.10621438825087837e-01,4.51014643887843454e-11,1.71101903557529527e-12,1.24908397484871016e-11,1.31462458067523865e-12
1.58333333333333326e-01,1.17155664851125740e+00,1.66153270304171707e-01,6.35209822506858979e-01,7.88300673031228194e-01,0.00000000000000000e+00,0.00000000000000000e+00,0.00000000000000000e+00,0.00000000000000000e+00,0.00000000000000000e+00,0.00000000000000000e+00,0.00000000000000000e+00,-2.16126197961687590e-02,0.00000000000000000e+00,0.00000000000000000e+00,0.00000000000000000e+00,0.00000000000000000e+00,0.00000000000000000e+00,0.00000000000000000e+00,0.00000000000000000e+00,6.21885056435941053e-01,6.35209822498786214e-01,-7.58066010893245545e-01,9.08257969125094267e-01,4.67595614028397312e-11,1.39632156642964807e-12,1.27088158794526935e-11,1.07532210853479009e-12
1.62500000000000006e-01,1.17644831844869047e+00,1.70746784881060321e-01,6.33280129921075519e-01,7.83363997538586987e-01,0.00000000000000000e+00,0.00000000000000000e+00,0.00000000000000000e+00,0.00000000000000000e+00,0.00000000000000000e+00,0.00000000000000000e+00,0.00000000000000000e+00,-2.23768530950977963e-02,0.00000000000000000e+00,0.00000000000000000e+00,0.00000000000000000e+00,0.00000000000000000e+00,0.00000000000000000e+00,0.00000000000000000e+00,0.00000000000000000e+00,6.14159876194074972e-01,6.33280129912884182e-01,-7.55131008930785663e-01,9.05895069138376585e-01,4.82982182620252039e-11,1.10780347608387214e-12,1.29347757983717111e-11,8.54875348223873417e-13
1.66666666666666657e-01,1.18136041286564586e+00,1.75352295513692857e-01,6.31333088717780044e-01,7.78456565232314102e-01,0.00000000000000000e+00,0.00000000000000000e+00,0.00000000000000000e+00,0.00000000000000000e+00,0.00000000000000000e+00,0.00000000000000000e+00,0.00000000000000000e+00,-2.31524454247604150e-02,0.00000000000000000e+00,0.00000000000000000e+00,0.00000000000000000e+00,0.00000000000000000e+00,0.00000000000000000e+00,0.00000000000000000e+00,0.00000000000000000e+00,6.06530659682438578e-01,6.31333088709465806e-01,-7.52183752280612516e-01,9.03532593474549839e-01,4.97828858929221873e-11,8.32140029790055546e-13,1.31693369720385666e-11,6.43527808253075844e-13
1.70833333333333337e-01,1.18629301704166412e+00,1.79969863218340465e-01,6.29368798565348886e-01,7.73578124860733074e-01,0.00000000000000000e+00,0.00000000000000000e+00,0.00000000000000000e+00,0.00000000000000000e+00,0.00000000000000000e+00,0.00000000000000000e+00,0.00000000000000000e+00,-2.39394978508605909e-02,0.00000000000000000e+00,0.00000000000000000e+00,0.00000000000000000e+00,0.00000000000000000e+00,0.00000000000000000e+00,0.00000000000000000e+00,0.00000000000000000e+00,5.98996214820399331e-01,6.29368798556905529e-01,-7.49224189775001492e-01,9.01170398921412930e-01,5.12626016067654991e-11,5.59901903016936765e-13,1.34155953455855286e-11,4.33913654192005540e-13
1.74999999999999989e-01,1.19124621661235808e+00,1.84599550208690399e-01,6.27387361228332274e-01,7.68728424205301519e-01,0.00000000000000000e+00,0.00000000000000000e+00,0.00000000000000000e+00,0.00000000000000000e+00,0.00000000000000000e+00,0.00000000000000000e+00,0.00000000000000000e+00,-2.47381113755483148e-02,0.00000000000000000e+00,0.00000000000000000e+00,0.00000000000000000e+00,0.00000000000000000e+00,0.00000000000000000e+00,0.00000000000000000e+00,0.00000000000000000e+00,5.91555364335595080e-01,6.27387361219752471e-01,-7.46252270032585097e-01,8.98808344441434315e-01,5.27761701516962616e-11,2.83489498731343897e-13,1.36754484783093931e-11,2.20160067717875427e-13
1.79166666666666669e-01,1.19622009757090031e+00,1.89241419904789349e-01,6.25388880565107441e-01,7.63907210010489224e-01,0.00000000000000000e+00,0.00000000000000000e+00,0.00000000000000000e+00,0.00000000000000000e+00,0.00000000000000000e+00,0.00000000000000000e+00,0.00000000000000000e+00,-2.55483869128479875e-02,0.00000000000000000e+00,0.00000000000000000e+00,0.00000000000000000e+00,0.00000000000000000e+00,0.00000000000000000e+00,0.00000000000000000e+00,0.00000000000000000e+00,5.84206945579858195e-01,6.25388880556371762e-01,-7.43267941457459780e-01,8.96446291168102705e-01,5.45656156622332769e-11,4.02982263391335183e-14,1.39683948956511048e-11,3.14989826527967738e-14
1.83333333333333320e-01,1.20121474626951574e+00,1.93895536942049446e-01,6.23373462525227739e-01,7.59114227912638495e-01,0.00000000000000000e+00,0.00000000000000000e+00,0.00000000000000000e+00,0.00000000000000000e+00,0.00000000000000000e+00,0.00000000000000000e+00,0.00000000000000000e+00,-2.63704252633436310e-02,0.00000000000000000e+00,0.00000000000000000e+00,0.00000000000000000e+00,0.00000000000000000e+00,0.00000000000000000e+00,0.00000000000000000e+00,0.00000000000000000e+00,5.76949810347970771e-01,6.23373462516328081e-01,-7.40271152238290542e-01,8.94084102402214920e-01,5.63584376241895619e-11,3.61363236066929115e-13,1.42766083621415105e-11,2.81796458785475634e-13
1.87500000000000000e-01,1.20623024942098067e+00,1.98561967180377302e-01,6.21341215146198667e-01,7.54349222366909711e-01,0.00000000000000000e+00,0.00000000000000000e+00,0.00000000000000000e+00,0.00000000000000000e+00,0.00000000000000000e+00,0.00000000000000000e+00,0.00000000000000000e+00,-2.72043270874859737e-02,0.00000000000000000e+00,0.00000000000000000e+00,0.00000000000000000e+00,0.00000000000000000e+00,0.00000000000000000e+00,0.00000000000000000e+00,0.00000000000000000e+00,5.69782824697844359e-01,6.21341215137132474e-01,-7.37261850347411540e-01,8.91721643607957359e-01,5.80548403597772749e-11,6.62194367436254248e-13,1.45913260226758748e-11,5.17436462464066456e-13
1.91666666666666680e-01,1.21126669410012888e+00,2.03240777713381143e-01,6.19292248549918933e-01,7.49611936573088888e-01,0.00000000000000000e+00,0.00000000000000000e+00,0.00000000000000000e+00,0.00000000000000000e+00,0.00000000000000000e+00,0.00000000000000000e+00,0.00000000000000000e+00,-2.80501928780063046e-02,0.00000000000000000e+00,0.00000000000000000e+00,0.00000000000000000e+00,0.00000000000000000e+00,0.00000000000000000e+00,0.00000000000000000e+00,0.00000000000000000e+00,5.62704868773350020e-01,6.19292248540681212e-01,-7.34239983539922703e-01,8.89358782408917858e-01,5.97216687862268697e-11,9.54986610283051568e-13,1.49165789180538288e-11,7.47719884888410471e-13
1.95833333333333331e-01,1.21632416774536223e+00,2.07932036877671755e-01,6.17226674938721631e-01,7.44902112400036898e-01,0.00000000000000000e+00,0.00000000000000000e+00,0.00000000000000000e+00,0.00000000000000000e+00,0.00000000000000000e+00,0.00000000000000000e+00,0.00000000000000000e+00,-2.89081229312770915e-02,0.00000000000000000e+00,0.00000000000000000e+00,0.00000000000000000e+00,0.00000000000000000e+00,0.00000000000000000e+00,0.00000000000000000e+00,0.00000000000000000e+00,5.55714836629447095e-01,6.17226674929304719e-01,-7.31205499352782673e-01,8.86995388583995736e-01,6.14060606676719352e-11,1.24867711488706840e-12,1.52568125736775096e-11,9.79607530929022511e-13
2.00000000000000011e-01,1.22140275816016985e+00,2.12635814262270351e-01,6.15144608590962871e-01,7.40219490308604233e-01,0.00000000000000000e+00,0.00000000000000000e+00,0.00000000000000000e+00,0.00000000000000000e+00,0.00000000000000000e+00,0.00000000000000000e+00,0.00000000000000000e+00,-2.97782173174511514e-02,0.00000000000000000e+00,0.00000000000000000e+00,0.00000000000000000e+00,0.00000000000000000e+00,0.00000000000000000e+00,0.00000000000000000e+00,0.00000000000000000e+00,5.48811636059335139e-01,6.15144608581352559e-01,-7.28158345103898097e-01,8.84631334063185615e-01,6.32115786022094712e-11,1.56080514774171425e-12,1.56228509714546607e-11,1.22687770453763517e-12
2.04166666666666663e-01,1.22650255351465165e+00,2.17352180718120708e-01,6.13046165856192427e-01,7.35563809273114044e-01,0.00000000000000000e+00,0.00000000000000000e+00,0.00000000000000000e+00,0.00000000000000000e+00,0.00000000000000000e+00,0.00000000000000000e+00,0.00000000000000000e+00,-3.06605758494145272e-02,0.00000000000000000e+00,0.00000000000000000e+00,0.00000000000000000e+00,0.00000000000000000e+00,0.00000000000000000e+00,0.00000000000000000e+00,0.00000000000000000e+00,5.41994188423791767e-01,6.13046165846362845e-01,-7.25098467891209020e-01,8.82266492923259094e-01,6.53057801516396147e-11,1.91892940925188817e-12,1.60339989722522231e-11,1.51130670101263372e-12
2.08333333333333343e-01,1.23162364234704969e+00,2.22081208367691602e-01,6.10931465149964881e-01,7.30934806701615924e-01,0.00000000000000000e+00,0.00000000000000000e+00,0.00000000000000000e+00,0.00000000000000000e+00,0.00000000000000000e+00,0.00000000000000000e+00,0.00000000000000000e+00,-3.15552980507013692e-02,0.00000000000000000e+00,0.00000000000000000e+00,0.00000000000000000e+00,0.00000000000000000e+00,0.00000000000000000e+00,0.00000000000000000e+00,0.00000000000000000e+00,5.35261428482997181e-01,6.10931465139918251e-01,-7.22025814591770176e-01,8.79900741383380480e-01,6.72439586970224012e-11,2.24740890406391632e-12,1.64447745249739949e-11,1.77325872224163067e-12
2.12499999999999994e-01,1.23676611356528476e+00,2.26822970614739799e-01,6.08800626948030610e-01,7.26332218354002079e-01,0.00000000000000000e+00,0.00000000000000000e+00,0.00000000000000000e+00,0.00000000000000000e+00,0.00000000000000000e+00,0.00000000000000000e+00,0.00000000000000000e+00,-3.24624831215612197e-02,0.00000000000000000e+00,0.00000000000000000e+00,0.00000000000000000e+00,0.00000000000000000e+00,0.00000000000000000e+00,0.00000000000000000e+00,0.00000000000000000e+00,5.28612304229463370e-01,6.08800626937764267e-01,-7.18940331860829174e-01,8.77533957800514464e-01,6.91130300112228881e-11,2.56146132470658255e-12,1.68632272648115710e-11,2.02504664539023051e-12
2.16666666666666674e-01,1.24193005644850007e+00,2.31577542154146249e-01,6.06653773780269190e-01,7.21755778259231096e-01,0.00000000000000000e+00,0.00000000000000000e+00,0.00000000000000000e+00,0.00000000000000000e+00,0.00000000000000000e+00,0.00000000000000000e+00,0.00000000000000000e+00,-3.33822299041648743e-02,0.00000000000000000e+00,0.00000000000000000e+00,0.00000000000000000e+00,0.00000000000000000e+00,0.00000000000000000e+00,0.00000000000000000e+00,0.00000000000000000e+00,5.22045776723962907e-01,6.06653773769776472e-01,-7.15841966130899898e-01,8.75166022664834009e-01,7.09767993244672988e-11,2.87230560899026438e-12,1.72960562670369423e-11,2.27504846709665761e-12
2.20833333333333326e-01,1.24711556064861173e+00,2.36344998981886878e-01,6.04491030224125980e-01,7.17205218630833641e-01,0.00000000000000000e+00,0.00000000000000000e+00,0.00000000000000000e+00,0.00000000000000000e+00,0.00000000000000000e+00,0.00000000000000000e+00,0.00000000000000000e+00,-3.43146368462382070e-02,0.00000000000000000e+00,0.00000000000000000e+00,0.00000000000000000e+00,0.00000000000000000e+00,0.00000000000000000e+00,0.00000000000000000e+00,0.00000000000000000e+00,5.15560819933191028e-01,6.04491030213397118e-01,-7.12730663610832926e-01,8.72796818594996915e-01,7.28780278142836807e-11,3.18691079933669592e-12,1.77485879968849631e-11,2.52891050057699388e-12
2.25000000000000006e-01,1.25232271619186442e+00,2.41125418405136210e-01,6.02312522897580638e-01,7.12680269780789133e-01,0.00000000000000000e+00,0.00000000000000000e+00,0.00000000000000000e+00,0.00000000000000000e+00,0.00000000000000000e+00,0.00000000000000000e+00,0.00000000000000000e+00,-3.52598019631282303e-02,0.00000000000000000e+00,0.00000000000000000e+00,0.00000000000000000e+00,0.00000000000000000e+00,0.00000000000000000e+00,0.00000000000000000e+00,0.00000000000000000e+00,5.09156420569297330e-01,6.02312522886582102e-01,-7.09606370284881383e-01,8.70426230333312012e-01,7.51278872009434367e-11,3.55603142500731635e-12,1.82605126040566218e-11,2.82698525296332601e-12
2.29166666666666657e-01,1.25755161348039479e+00,2.45918879052464040e-01,6.00118380451795108e-01,7.08180660032289300e-01,0.00000000000000000e+00,0.00000000000000000e+00,0.00000000000000000e+00,0.00000000000000000e+00,0.00000000000000000e+00,0.00000000000000000e+00,0.00000000000000000e+00,-3.62178227987512980e-02,0.00000000000000000e+00,0.00000000000000000e+00,0.00000000000000000e+00,0.00000000000000000e+00,0.00000000000000000e+00,0.00000000000000000e+00,0.00000000000000000e+00,5.02831577932050688e-01,6.00118380440521237e-01,-7.06469031911763135e-01,8.68054144740881384e-01,7.73424464134331593e-11,3.91627918320121090e-12,1.87860780361083901e-11,3.11901125975782597e-12
2.33333333333333337e-01,1.26280234329380137e+00,2.50725460884219209e-01,5.97908733563122241e-01,7.03706115630275186e-01,0.00000000000000000e+00,0.00000000000000000e+00,0.00000000000000000e+00,0.00000000000000000e+00,0.00000000000000000e+00,0.00000000000000000e+00,0.00000000000000000e+00,-3.71887963843093375e-02,0.00000000000000000e+00,0.00000000000000000e+00,0.00000000000000000e+00,0.00000000000000000e+00,0.00000000000000000e+00,0.00000000000000000e+00,0.00000000000000000e+00,4.96585303751963858e-01,5.97908733551575033e-01,-7.03318594023719212e-01,8.65680450792542855e-01,7.94338226529326384e-11,4.25384307726362997e-12,1.93126592514060950e-11,3.39391640962966640e-12
2.37499999999999989e-01,1.26807499679071922e+00,2.55545245203019245e-01,5.95683714924779451e-01,6.99256360650797326e-01,0.00000000000000000e+00,0.00000000000000000e+00,0.00000000000000000e+00,0.00000000000000000e+00,0.00000000000000000e+00,0.00000000000000000e+00,0.00000000000000000e+00,-3.81728191956927712e-02,0.00000000000000000e+00,0.00000000000000000e+00,0.00000000000000000e+00,0.00000000000000000e+00,0.00000000000000000e+00,0.00000000000000000e+00,0.00000000000000000e+00,4.90416622035944993e-01,5.95683714912955242e-01,-7.00155001925568454e-01,8.63305039571785282e-01,8.14841895973073988e-11,4.58284711641480871e-12,1.98498095266766308e-11,3.66287876504912501e-12
2.41666666666666669e-01,1.27336966551040454e+00,2.60378314664377941e-01,5.93443459238076176e-01,6.94831116908823043e-01,0.00000000000000000e+00,0.00000000000000000e+00,0.00000000000000000e+00,0.00000000000000000e+00,0.00000000000000000e+00,0.00000000000000000e+00,0.00000000000000000e+00,-3.91699871091876900e-02,0.00000000000000000e+00,0.00000000000000000e+00,0.00000000000000000e+00,0.00000000000000000e+00,0.00000000000000000e+00,0.00000000000000000e+00,0.00000000000000000e+00,4.84324568914896447e-01,5.93443459225966419e-01,-6.96978200693757266e-01,8.60927804265581131e-01,8.35514487969962563e-11,4.91219938540846984e-12,2.04059164404537544e-11,3.93283137357466996e-12
2.45833333333333320e-01,1.27868644137432197e+00,2.65224753287486292e-01,5.91188103203160287e-01,6.90430103864357547e-01,0.00000000000000000e+00,0.00000000000000000e+00,0.00000000000000000e+00,0.00000000000000000e+00,0.00000000000000000e+00,0.00000000000000000e+00,0.00000000000000000e+00,-4.01803953552764340e-02,0.00000000000000000e+00,0.00000000000000000e+00,0.00000000000000000e+00,0.00000000000000000e+00,0.00000000000000000e+00,0.00000000000000000e+00,0.00000000000000000e+00,4.78308192493053896e-01,5.91188103190743663e-01,-6.93788135175406828e-01,8.58548640159117693e-01,8.57820029130944657e-11,5.26483911407573333e-12,2.10028300943314675e-11,4.22261008755837436e-12
2.50000000000000000e-01,1.28402541668774139e+00,2.70084646466135780e-01,5.88917785509327940e-01,6.86053038527046133e-01,0.00000000000000000e+00,0.00000000000000000e+00,0.00000000000000000e+00,0.00000000000000000e+00,0.00000000000000000e+00,0.00000000000000000e+00,0.00000000000000000e+00,-4.12041384706405278e-02,0.00000000000000000e+00,0.00000000000000000e+00,0.00000000000000000e+00,0.00000000000000000e+00,0.00000000000000000e+00,0.00000000000000000e+00,0.00000000000000000e+00,4.72366552699300335e-01,5.88917785496570478e-01,-6.90584749987355195e-01,8.56167444630454688e-01,8.83092885197580518e-11,5.66198527907678741e-12,2.16625513235403958e-11,4.54889577481246317e-12
2.54166666666666652e-01,1.28938668414134106e+00,2.74958080979777808e-01,5.86632646824924775e-01,6.81699635359342415e-01,0.00000000000000000e+00,0.00000000000000000e+00,0.00000000000000000e+00,0.00000000000000000e+00,0.00000000000000000e+00,0.00000000000000000e+00,0.00000000000000000e+00,-4.22413102484269637e-02,0.00000000000000000e+00,0.00000000000000000e+00,0.00000000000000000e+00,0.00000000000000000e+00,0.00000000000000000e+00,0.00000000000000000e+00,0.00000000000000000e+00,4.66498721140564288e-01,5.86632646811836134e-01,-6.87367989515195399e-01,8.53784117145130028e-01,9.06413313008902267e-11,6.02564331735474811e-12,2.23114778099097321e-11,4.84923806900455306e-12
2.58333333333333359e-01,1.29477033681281517e+00,2.79845145004795792e-01,5.84332829786617713e-01,6.77369606177487982e-01,0.00000000000000000e+00,0.00000000000000000e+00,0.00000000000000000e+00,0.00000000000000000e+00,0.00000000000000000e+00,0.00000000000000000e+00,0.00000000000000000e+00,-4.32920036857726148e-02,0.00000000000000000e+00,0.00000000000000000e+00,0.00000000000000000e+00,0.00000000000000000e+00,0.00000000000000000e+00,0.00000000000000000e+00,0.00000000000000000e+00,4.60703780956174147e-01,5.84332829773198559e-01,-6.84137797912310885e-01,8.51398559250584275e-01,9.28831178704383745e-11,6.37349631278006824e-12,2.29649165554334525e-11,5.13774096480044788e-12
2.62500000000000011e-01,1.30017646816849108e+00,2.84745928125882397e-01,5.82018478988378996e-01,6.73062660051490513e-01,0.00000000000000000e+00,0.00000000000000000e+00,0.00000000000000000e+00,0.00000000000000000e+00,0.00000000000000000e+00,0.00000000000000000e+00,0.00000000000000000e+00,-4.43563109299162026e-02,0.00000000000000000e+00,0.00000000000000000e+00,0.00000000000000000e+00,0.00000000000000000e+00,0.00000000000000000e+00,0.00000000000000000e+00,0.00000000000000000e+00,4.54980826674899697e-01,5.82018478974624109e-01,-6.80894119098905293e-01,8.49010674570609858e-01,9.51112023019008039e-11,6.71778056358622143e-12,2.36330745773248252e-11,5.42405336511809855e-12
2.66666666666666663e-01,1.30560517206495219e+00,2.89660521347600786e-01,5.79689740969948408e-01,6.68778503203293462e-01,0.00000000000000000e+00,0.00000000000000000e+00,0.00000000000000000e+00,0.00000000000000000e+00,0.00000000000000000e+00,0.00000000000000000e+00,0.00000000000000000e+00,-4.54343232218851686e-02,0.00000000000000000e+00,0.00000000000000000e+00,0.00000000000000000e+00,0.00000000000000000e+00,0.00000000000000000e+00,0.00000000000000000e+00,0.00000000000000000e+00,4.49328964073468340e-01,5.79689740955847799e-01,-6.77636896761028673e-01,8.46620368799687495e-01,9.73745891334266255e-11,7.06518064466762094e-12,2.43244076488334843e-11,5.71401609255283447e-12
2.70833333333333315e-01,1.31105654275066597e+00,2.94589017106126394e-01,5.77346764204801799e-01,6.64516838903240759e-01,0.00000000000000000e+00,0.00000000000000000e+00,0.00000000000000000e+00,0.00000000000000000e+00,0.00000000000000000e+00,0.00000000000000000e+00,0.00000000000000000e+00,-4.65261308377497712e-02,0.00000000000000000e+00,0.00000000000000000e+00,0.00000000000000000e+00,0.00000000000000000e+00,0.00000000000000000e+00,0.00000000000000000e+00,0.00000000000000000e+00,4.43747310036687048e-01,5.77346764190308170e-01,-6.74366074349600386e-01,8.44227549697231128e-01,1.00040770372304691e-10,7.47287066189067992e-12,2.51038533833309284e-11,6.05348068475381465e-12
2.75000000000000022e-01,1.31653067486762154e+00,2.99531509281109554e-01,5.74989699087788630e-01,6.60277367365408874e-01,0.00000000000000000e+00,0.00000000000000000e+00,0.00000000000000000e+00,0.00000000000000000e+00,0.00000000000000000e+00,0.00000000000000000e+00,0.00000000000000000e+00,-4.76318230281711635e-02,0.00000000000000000e+00,0.00000000000000000e+00,0.00000000000000000e+00,0.00000000000000000e+00,0.00000000000000000e+00,0.00000000000000000e+00,0.00000000000000000e+00,4.38234992419982150e-01,5.74989699072904314e-01,-6.71081595079427107e-01,8.41832127081837522e-01,1.02609401057999428e-10,7.86399537562395366e-12,2.58862307028084778e-11,6.38046487477030637e-12
2.79166666666666674e-01,1.32202766345297262e+00,3.04488093207797461e-01,5.72618697922082198e-01,6.56059785640577542e-01,0.00000000000000000e+00,0.00000000000000000e+00,0.00000000000000000e+00,0.00000000000000000e+00,0.00000000000000000e+00,0.00000000000000000e+00,0.00000000000000000e+00,-4.87514879544054466e-02,0.00000000000000000e+00,0.00000000000000000e+00,0.00000000000000000e+00,0.00000000000000000e+00,0.00000000000000000e+00,0.00000000000000000e+00,0.00000000000000000e+00,4.32791149912529094e-01,5.72618697906814522e-01,-6.67783401928216391e-01,8.39434012825334697e-01,1.05034812423592920e-10,8.23159091803032984e-12,2.66629016274758214e-11,6.68923078531483097e-12
2.83333333333333326e-01,1.32754760394068683e+00,3.09458865689291374e-01,5.70233914905806771e-01,6.51863787508121351e-01,0.00000000000000000e+00,0.00000000000000000e+00,0.00000000000000000e+00,0.00000000000000000e+00,0.00000000000000000e+00,0.00000000000000000e+00,0.00000000000000000e+00,-4.98852126224265668e-02,0.00000000000000000e+00,0.00000000000000000e+00,0.00000000000000000e+00,0.00000000000000000e+00,0.00000000000000000e+00,0.00000000000000000e+00,0.00000000000000000e+00,4.27414931902817874e-01,5.70233914890154514e-01,-6.64471437635587914e-01,8.37033120846843670e-01,1.07410454945879464e-10,8.59057471585265159e-12,2.74488360992838778e-11,6.99181577765290512e-12
2.87499999999999978e-01,1.33309059216320258e+00,3.14443925008987324e-01,5.67835506118183897e-01,6.47689063366277074e-01,0.00000000000000000e+00,0.00000000000000000e+00,0.00000000000000000e+00,0.00000000000000000e+00,0.00000000000000000e+00,0.00000000000000000e+00,0.00000000000000000e+00,-5.10330828143294030e-02,0.00000000000000000e+00,0.00000000000000000e+00,0.00000000000000000e+00,0.00000000000000000e+00,0.00000000000000000e+00,0.00000000000000000e+00,0.00000000000000000e+00,4.22105498345819452e-01,5.67835506102139842e-01,-6.61145644702078483e-01,8.34629367106764608e-01,1.09797417484632481e-10,8.95083338735536666e-12,2.82547582901184872e-11,7.29623300716072971e-12
2.91666666666666685e-01,1.33865672435309402e+00,3.19443370943220228e-01,5.65423629505178549e-01,6.43535300120748777e-01,0.00000000000000000e+00,0.00000000000000000e+00,0.00000000000000000e+00,0.00000000000000000e+00,0.00000000000000000e+00,0.00000000000000000e+00,0.00000000000000000e+00,-5.21951830168146044e-02,0.00000000000000000e+00,0.00000000000000000e+00,0.00000000000000000e+00,0.00000000000000000e+00,0.00000000000000000e+00,0.00000000000000000e+00,0.00000000000000000e+00,4.16862019631660974e-01,5.65423629488715385e-01,-6.57805965388143621e-01,8.32222669600676035e-01,1.12381106037010848e-10,9.33969958684638196e-12,2.91165124813511664e-11,7.62478808516778564e-12
2.95833333333333337e-01,1.34424609714474008e+00,3.24457304774089184e-01,5.62998444864710512e-01,6.39402181071877962e-01,0.00000000000000000e+00,0.00000000000000000e+00,0.00000000000000000e+00,0.00000000000000000e+00,0.00000000000000000e+00,0.00000000000000000e+00,0.00000000000000000e+00,-5.33715963469869811e-02,0.00000000000000000e+00,0.00000000000000000e+00,0.00000000000000000e+00,0.00000000000000000e+00,0.00000000000000000e+00,0.00000000000000000e+00,0.00000000000000000e+00,4.11683676456100323e-01,5.62998444847792712e-01,-6.54452341713155916e-01,8.29812948353188196e-01,1.15229646486331511e-10,9.76762322468060911e-12,3.00494622119547910e-11,7.98611720320837904e-12
2.99999999999999989e-01,1.34985880757600318e+00,3.29485829302473221e-01,5.60560113831409912e-01,6.35289385800330342e-01,0.00000000000000000e+00,0.00000000000000000e+00,0.00000000000000000e+00,0.00000000000000000e+00,0.00000000000000000e+00,0.00000000000000000e+00,0.00000000000000000e+00,-5.45624044753128395e-02,0.00000000000000000e+00,0.00000000000000000e+00,0.00000000000000000e+00,0.00000000000000000e+00,0.00000000000000000e+00,0.00000000000000000e+00,0.00000000000000000e+00,4.06569659692688656e-01,5.60560113814057126e-01,-6.51084715454398055e-01,8.27400125411741016e-01,1.17840836731621317e-10,1.01602735830435971e-11,3.09561551870372131e-11,8.31948475279690437e-12
3.04166666666666641e-01,1.35549495308991363e+00,3.34529048861310352e-01,5.58108799860764115e-01,6.31196590050816631e-01,0.00000000000000000e+00,0.00000000000000000e+00,0.00000000000000000e+00,0.00000000000000000e+00,0.00000000000000000e+00,0.00000000000000000e+00,0.00000000000000000e+00,-5.57676875445805437e-02,0.00000000000000000e+00,0.00000000000000000e+00,0.00000000000000000e+00,0.00000000000000000e+00,0.00000000000000000e+00,0.00000000000000000e+00,0.00000000000000000e+00,4.01519170265848657e-01,5.58108799842983228e-01,-6.47703028146051851e-01,8.24984124840252520e-01,1.20338005821503491e-10,1.05359120462348973e-11,3.18591784938511670e-11,8.63972309924070518e-12
3.08333333333333348e-01,1.36115463153636207e+00,3.39587069329019331e-01,5.55644668212948112e-01,6.27123465614847664e-01,0.00000000000000000e+00,0.00000000000000000e+00,0.00000000000000000e+00,0.00000000000000000e+00,0.00000000000000000e+00,0.00000000000000000e+00,0.00000000000000000e+00,-5.69875240865929736e-02,0.00000000000000000e+00,0.00000000000000000e+00,0.00000000000000000e+00,0.00000000000000000e+00,0.00000000000000000e+00,0.00000000000000000e+00,0.00000000000000000e+00,3.96531419026297072e-01,5.55644668194737124e-01,-6.44307221078182724e-01,8.22564872712798767e-01,1.22804315865902922e-10,1.09059254225049910e-11,3.27745217678288391e-11,8.95610871094843975e-12
3.12500000000000000e-01,1.36683794117379631e+00,3.44659998143156843e-01,5.53167885936125869e-01,6.23069680211834731e-01,0.00000000000000000e+00,0.00000000000000000e+00,0.00000000000000000e+00,0.00000000000000000e+00,0.00000000000000000e+00,0.00000000000000000e+00,0.00000000000000000e+00,-5.82219909351809201e-02,0.00000000000000000e+00,0.00000000000000000e+00,0.00000000000000000e+00,0.00000000000000000e+00,0.00000000000000000e+00,0.00000000000000000e+00,0.00000000000000000e+00,3.91605626627734293e-01,5.53167885917477342e-01,-6.40897235295722179e-01,8.20142297107195217e-01,1.25291092383657947e-10,1.12804966963607021e-11,3.37122375352665368e-11,9.27698301299118902e-12
3.16666666666666652e-01,1.37254498067092978e+00,3.49747944314307335e-01,5.50678621849247540e-01,6.19034897368660020e-01,0.00000000000000000e+00,0.00000000000000000e+00,0.00000000000000000e+00,0.00000000000000000e+00,0.00000000000000000e+00,0.00000000000000000e+00,0.00000000000000000e+00,-5.94711631354940470e-02,0.00000000000000000e+00,0.00000000000000000e+00,0.00000000000000000e+00,0.00000000000000000e+00,0.00000000000000000e+00,0.00000000000000000e+00,0.00000000000000000e+00,3.86741023404916007e-01,5.50678621830106518e-01,-6.37473011597442074e-01,8.17716328098497036e-01,1.28212994763541368e-10,1.17216038701826700e-11,3.47589707351309891e-11,9.65339145511321368e-12
3.20833333333333359e-01,1.37827584910845213e+00,3.54851018440125399e-01,5.48177046524520928e-01,6.15018776298298486e-01,0.00000000000000000e+00,0.00000000000000000e+00,0.00000000000000000e+00,0.00000000000000000e+00,0.00000000000000000e+00,0.00000000000000000e+00,0.00000000000000000e+00,-6.07351138507901400e-02,0.00000000000000000e+00,0.00000000000000000e+00,0.00000000000000000e+00,0.00000000000000000e+00,0.00000000000000000e+00,0.00000000000000000e+00,0.00000000000000000e+00,3.81936849253924959e-01,5.48177046504900956e-01,-6.34034490534928663e-01,8.15286897752527495e-01,1.30974201685992698e-10,1.21408639517697439e-11,3.57913058172945930e-11,1.00126610184784742e-11
3.25000000000000011e-01,1.38403064598075143e+00,3.59969332719717872e-01,5.45663332269164747e-01,6.11020971776321087e-01,0.00000000000000000e+00,0.00000000000000000e+00,0.00000000000000000e+00,0.00000000000000000e+00,0.00000000000000000e+00,0.00000000000000000e+00,0.00000000000000000e+00,-6.20139142636804627e-02,0.00000000000000000e+00,0.00000000000000000e+00,0.00000000000000000e+00,0.00000000000000000e+00,0.00000000000000000e+00,0.00000000000000000e+00,0.00000000000000000e+00,3.77192353512782907e-01,5.45663332249082922e-01,-6.30581612411549086e-01,8.12853940119195539e-01,1.33549851387506838e-10,1.25331177758693815e-11,3.68025921935238239e-11,1.03502731405208538e-11
3.29166666666666663e-01,1.38980947119763987e+00,3.65103000968181990e-01,5.43137653106857132e-01,6.07041134016611195e-01,0.00000000000000000e+00,0.00000000000000000e+00,0.00000000000000000e+00,0.00000000000000000e+00,0.00000000000000000e+00,0.00000000000000000e+00,0.00000000000000000e+00,-6.33076334746708741e-02,0.00000000000000000e+00,0.00000000000000000e+00,0.00000000000000000e+00,0.00000000000000000e+00,0.00000000000000000e+00,0.00000000000000000e+00,0.00000000000000000e+00,3.72506794844336575e-01,5.43137653086319450e-01,-6.27114317281416089e-01,8.10417391225854544e-01,1.36041416420075731e-10,1.29149785030941550e-11,3.78130342260940297e-11,1.06803649910024620e-11
3.33333333333333315e-01,1.39561242508608951e+00,3.70252138631388394e-01,5.40600184758691649e-01,6.03078908545729320e-01,0.00000000000000000e+00,0.00000000000000000e+00,0.00000000000000000e+00,0.00000000000000000e+00,0.00000000000000000e+00,0.00000000000000000e+00,0.00000000000000000e+00,-6.46163383965475818e-02,0.00000000000000000e+00,0.00000000000000000e+00,0.00000000000000000e+00,0.00000000000000000e+00,0.00000000000000000e+00,0.00000000000000000e+00,0.00000000000000000e+00,3.67879441120485318e-01,5.40600184737696554e-01,-6.23632544948346301e-01,8.07977189070590018e-01,1.38515531669784210e-10,1.32961791928420410e-11,3.88366396174391489e-11,1.10104444334671127e-11
3.37500000000000022e-01,1.40143960839197312e+00,3.75416862801018658e-01,5.38051104623631038e-01,5.99133936075977092e-01,0.00000000000000000e+00,0.00000000000000000e+00,0.00000000000000000e+00,0.00000000000000000e+00,0.00000000000000000e+00,0.00000000000000000e+00,0.00000000000000000e+00,-6.59400936443459013e-02,0.00000000000000000e+00,0.00000000000000000e+00,0.00000000000000000e+00,0.00000000000000000e+00,0.00000000000000000e+00,0.00000000000000000e+00,0.00000000000000000e+00,3.63309569307718128e-01,5.38051104602152552e-01,-6.20136234964816069e-01,8.05533273615427814e-01,1.41182851264545823e-10,1.37113964363915851e-11,3.99190438844697326e-11,1.13694183370754068e-11
3.41666666666666674e-01,1.40729112228181408e+00,3.80597292229824857e-01,5.35490591758538526e-01,5.95205852377421740e-01,0.00000000000000000e+00,0.00000000000000000e+00,0.00000000000000000e+00,0.00000000000000000e+00,0.00000000000000000e+00,0.00000000000000000e+00,0.00000000000000000e+00,-6.72789614213964854e-02,0.00000000000000000e+00,0.00000000000000000e+00,0.00000000000000000e+00,0.00000000000000000e+00,0.00000000000000000e+00,0.00000000000000000e+00,0.00000000000000000e+00,3.58796465354274952e-01,5.35490591736553112e-01,-6.16625326630911519e-01,8.03085586779513916e-01,1.44027792721812754e-10,1.41601016529094187e-11,4.10565821865285264e-11,1.17569467969560982e-11
3.45833333333333326e-01,1.41316706834454209e+00,3.85793547347143884e-01,5.32918826857728289e-01,5.91294288148762837e-01,0.00000000000000000e+00,0.00000000000000000e+00,0.00000000000000000e+00,0.00000000000000000e+00,0.00000000000000000e+00,0.00000000000000000e+00,0.00000000000000000e+00,-6.86330014008510458e-02,0.00000000000000000e+00,0.00000000000000000e+00,0.00000000000000000e+00,0.00000000000000000e+00,0.00000000000000000e+00,0.00000000000000000e+00,0.00000000000000000e+00,3.54339424078641385e-01,5.32918826835266146e-01,-6.13099758993274735e-01,8.00634072432229726e-01,1.46603161470158990e-10,1.45713447001153387e-11,4.21492770107407793e-11,1.21141391659125726e-11
3.49999999999999978e-01,1.41906754859325712e+00,3.91005750274724118e-01,5.30335992231941611e-01,5.87398868886925718e-01,0.00000000000000000e+00,0.00000000000000000e+00,0.00000000000000000e+00,0.00000000000000000e+00,0.00000000000000000e+00,0.00000000000000000e+00,0.00000000000000000e+00,-7.00022706015118734e-02,0.00000000000000000e+00,0.00000000000000000e+00,0.00000000000000000e+00,0.00000000000000000e+00,0.00000000000000000e+00,0.00000000000000000e+00,0.00000000000000000e+00,3.49937749059007042e-01,5.30335992209019946e-01,-6.09559470844045714e-01,7.98178676386182784e-01,1.49021924169164425e-10,1.49632331752507057e-11,4.32210238474195925e-11,1.24559341455162305e-11
3.54166666666666685e-01,1.42499266546700087e+00,3.96234024842740895e-01,5.27742271786994954e-01,5.83519214756045179e-01,0.00000000000000000e+00,0.00000000000000000e+00,0.00000000000000000e+00,0.00000000000000000e+00,0.00000000000000000e+00,0.00000000000000000e+00,0.00000000000000000e+00,-7.13868232601272829e-02,0.00000000000000000e+00,0.00000000000000000e+00,0.00000000000000000e+00,0.00000000000000000e+00,0.00000000000000000e+00,0.00000000000000000e+00,0.00000000000000000e+00,3.45590752524684186e-01,5.27742271763632309e-01,-6.06004400719799552e-01,7.95719346390226567e-01,1.51307112055963427e-10,1.53453897169907084e-11,4.42690426781955119e-11,1.27902775913146445e-11
3.58333333333333337e-01,1.43094252183253423e+00,4.01478496606099189e-01,5.25137851001904021e-01,5.79654940455364143e-01,0.00000000000000000e+00,0.00000000000000000e+00,0.00000000000000000e+00,0.00000000000000000e+00,0.00000000000000000e+00,0.00000000000000000e+00,0.00000000000000000e+00,-7.27867106981922585e-02,0.00000000000000000e+00,0.00000000000000000e+00,0.00000000000000000e+00,0.00000000000000000e+00,0.00000000000000000e+00,0.00000000000000000e+00,0.00000000000000000e+00,3.41297755248574086e-01,5.25137850978099285e-01,-6.02434486900479405e-01,7.93256032122387378e-01,1.53589126745522411e-10,1.57314303479447279e-11,4.53304516440019525e-11,1.31284897007118436e-11
3.62499999999999989e-01,1.43691722098612429e+00,4.06739292861035218e-01,5.22522916906522639e-01,5.75805655086387147e-01,0.00000000000000000e+00,0.00000000000000000e+00,0.00000000000000000e+00,0.00000000000000000e+00,0.00000000000000000e+00,0.00000000000000000e+00,0.00000000000000000e+00,-7.42019811832960868e-02,0.00000000000000000e+00,0.00000000000000000e+00,0.00000000000000000e+00,0.00000000000000000e+00,0.00000000000000000e+00,0.00000000000000000e+00,0.00000000000000000e+00,3.37058086440989668e-01,5.22522916882231403e-01,-5.98849667408325459e-01,7.90788685182720386e-01,1.56247995608949393e-10,1.61906974719783357e-11,4.64883642511385657e-11,1.35285112502936693e-11
3.66666666666666641e-01,1.44291686665533692e+00,4.12016542661897356e-01,5.19897658058864121e-01,5.71970962019506035e-01,0.00000000000000000e+00,0.00000000000000000e+00,0.00000000000000000e+00,0.00000000000000000e+00,0.00000000000000000e+00,0.00000000000000000e+00,0.00000000000000000e+00,-7.56326797867909878e-02,0.00000000000000000e+00,0.00000000000000000e+00,0.00000000000000000e+00,0.00000000000000000e+00,0.00000000000000000e+00,0.00000000000000000e+00,0.00000000000000000e+00,3.32871083645250476e-01,5.19897658034109922e-01,-5.95249880006797794e-01,7.88317259086201538e-01,1.58707477299039386e-10,1.66233103357620563e-11,4.76135991542265594e-11,1.39069951733999080e-11
3.70833333333333348e-01,1.44894156300083798e+00,4.17310376838361863e-01,5.17262264521704540e-01,5.68150458759581367e-01,0.00000000000000000e+00,0.00000000000000000e+00,0.00000000000000000e+00,0.00000000000000000e+00,0.00000000000000000e+00,0.00000000000000000e+00,0.00000000000000000e+00,-7.70788482330707625e-02,0.00000000000000000e+00,0.00000000000000000e+00,0.00000000000000000e+00,0.00000000000000000e+00,0.00000000000000000e+00,0.00000000000000000e+00,0.00000000000000000e+00,3.28736092633659494e-01,5.17262264496517798e-01,-5.91635062199497241e-01,7.85841709255399090e-01,1.60933424416029758e-10,1.70271656770630252e-11,4.86924009540247120e-11,1.42619047875908243e-11
3.75000000000000000e-01,1.45499141461820125e+00,4.22620928012826302e-01,5.14616927838912774e-01,5.64343736811369179e-01,0.00000000000000000e+00,0.00000000000000000e+00,0.00000000000000000e+00,0.00000000000000000e+00,0.00000000000000000e+00,0.00000000000000000e+00,0.00000000000000000e+00,-7.85405247451123889e-02,0.00000000000000000e+00,0.00000000000000000e+00,0.00000000000000000e+00,0.00000000000000000e+00,0.00000000000000000e+00,0.00000000000000000e+00,0.00000000000000000e+00,3.24652467305457548e-01,5.14616927813331793e-01,-5.88005151229079259e-01,7.83361993013206415e-01,1.62919416746450231e-10,1.74137046469562523e-11,4.97087841357886103e-11,1.46032744910358631e-11
3.79166666666666652e-01,1.46106652653972513e+00,4.27948330618111106e-01,5.11961841011285834e-01,5.60550381544426490e-01,0.00000000000000000e+00,0.00000000000000000e+00,0.00000000000000000e+00,0.00000000000000000e+00,0.00000000000000000e+00,0.00000000000000000e+00,0.00000000000000000e+00,-8.00177438837368360e-02,0.00000000000000000e+00,0.00000000000000000e+00,0.00000000000000000e+00,0.00000000000000000e+00,0.00000000000000000e+00,0.00000000000000000e+00,0.00000000000000000e+00,3.20619569585845421e-01,5.11961840985336591e-01,-5.84360084076164910e-01,7.80878069575493772e-01,1.64759887359545764e-10,1.77952523217664519e-11,5.06858923403766167e-11,1.49408494676287664e-11
3.83333333333333359e-01,1.46716700423625501e+00,4.33292720915481044e-01,5.09297198471910795e-01,5.56769972057809204e-01,0.00000000000000000e+00,0.00000000000000000e+00,0.00000000000000000e+00,0.00000000000000000e+00,0.00000000000000000e+00,0.00000000000000000e+00,0.00000000000000000e+00,-8.15105363804610877e-02,0.00000000000000000e+00,0.00000000000000000e+00,0.00000000000000000e+00,0.00000000000000000e+00,0.00000000000000000e+00,0.00000000000000000e+00,0.00000000000000000e+00,3.16636769326284095e-01,5.09297198445597510e-01,-5.80699797458247069e-01,7.78389900043691352e-01,1.66654892915220205e-10,1.82129459500322927e-11,5.16658740017575881e-11,1.53093623300760740e-11
3.87500000000000011e-01,1.47329295361901536e+00,4.38654237012928994e-01,5.06623196061128711e-01,5.53002081044629334e-01,0.00000000000000000e+00,0.00000000000000000e+00,0.00000000000000000e+00,0.00000000000000000e+00,0.00000000000000000e+00,0.00000000000000000e+00,0.00000000000000000e+00,-8.30189289647543932e-02,0.00000000000000000e+00,0.00000000000000000e+00,0.00000000000000000e+00,0.00000000000000000e+00,0.00000000000000000e+00,0.00000000000000000e+00,0.00000000000000000e+00,3.12703444206145709e-01,5.06623196034461487e-01,-5.77024227828590863e-01,7.75897447397350004e-01,1.68555881283807301e-10,1.86581683380849166e-11,5.26371950461875761e-11,1.57016550180226406e-11
3.91666666666666663e-01,1.47944448104144799e+00,4.44033018883792208e-01,5.03940031001013367e-01,5.49246274656554956e-01,0.00000000000000000e+00,0.00000000000000000e+00,0.00000000000000000e+00,0.00000000000000000e+00,0.00000000000000000e+00,0.00000000000000000e+00,0.00000000000000000e+00,-8.45429441843519869e-02,0.00000000000000000e+00,0.00000000000000000e+00,0.00000000000000000e+00,0.00000000000000000e+00,0.00000000000000000e+00,0.00000000000000000e+00,0.00000000000000000e+00,3.08818979635462232e-01,5.03940030974028175e-01,-5.73333311375131216e-01,7.73400676486621919e-01,1.70189102275848289e-10,1.90655027659503512e-11,5.35484188598469732e-11,1.60626806654931853e-11
3.95833333333333315e-01,1.48562169330105842e+00,4.49429208385730306e-01,5.01247901869330881e-01,5.45502112368482006e-01,0.00000000000000000e+00,0.00000000000000000e+00,0.00000000000000000e+00,0.00000000000000000e+00,0.00000000000000000e+00,0.00000000000000000e+00,0.00000000000000000e+00,-8.60826002176931643e-02,0.00000000000000000e+00,0.00000000000000000e+00,0.00000000000000000e+00,0.00000000000000000e+00,0.00000000000000000e+00,0.00000000000000000e+00,0.00000000000000000e+00,3.04982768658715153e-01,5.01247901842057364e-01,-5.69626984019364957e-01,7.70899554024638278e-01,1.71629791586038563e-10,1.94540682032421125e-11,5.44112337989008167e-11,1.64084445223507999e-11
4.00000000000000022e-01,1.49182469764127035e+00,4.54842949279945896e-01,4.98547008573173522e-01,5.41769146843548155e-01,0.00000000000000000e+00,0.00000000000000000e+00,0.00000000000000000e+00,0.00000000000000000e+00,0.00000000000000000e+00,0.00000000000000000e+00,0.00000000000000000e+00,-8.76379106810162983e-02,0.00000000000000000e+00,0.00000000000000000e+00,0.00000000000000000e+00,0.00000000000000000e+00,0.00000000000000000e+00,0.00000000000000000e+00,0.00000000000000000e+00,3.01194211860119854e-01,4.98547008545639658e-01,-5.65905181415237823e-01,7.68394048579903233e-01,1.72918900326456904e-10,1.98351535764730511e-11,5.52282204198416586e-11,1.67484143700918045e-11
4.04166666666666674e-01,1.49805360175328683e+00,4.60274387250760031e-01,4.95837552322107245e-01,5.38046923798599863e-01,0.00000000000000000e+00,0.00000000000000000e+00,0.00000000000000000e+00,0.00000000000000000e+00,0.00000000000000000e+00,0.00000000000000000e+00,0.00000000000000000e+00,-8.92088844276503895e-02,0.00000000000000000e+00,0.00000000000000000e+00,0.00000000000000000e+00,0.00000000000000000e+00,0.00000000000000000e+00,0.00000000000000000e+00,0.00000000000000000e+00,2.97452717269962197e-01,4.95837552294342121e-01,-5.62167838948027909e-01,7.65884130568602939e-01,1.74072758034373854e-10,2.02181647742392882e-11,5.59964113350547253e-11,1.70904146641689814e-11
4.08333333333333326e-01,1.50430851377796104e+00,4.65723669925545147e-01,4.93119735600852538e-01,5.34334981870378534e-01,0.00000000000000000e+00,0.00000000000000000e+00,0.00000000000000000e+00,0.00000000000000000e+00,0.00000000000000000e+00,0.00000000000000000e+00,0.00000000000000000e+00,-9.07955253393178674e-02,0.00000000000000000e+00,0.00000000000000000e+00,0.00000000000000000e+00,0.00000000000000000e+00,0.00000000000000000e+00,0.00000000000000000e+00,0.00000000000000000e+00,2.93757700272060440e-01,4.93119735572891349e-01,-5.58414891733223451e-01,7.63369772246835332e-01,1.75220347737048858e-10,2.06720386960794794e-11,5.67026360997396338e-11,1.74931548573233268e-11
4.12499999999999978e-01,1.51058954230767251e+00,4.71190946894877727e-01,4.90393762141682621e-01,5.30632852482304185e-01,0.00000000000000000e+00,0.00000000000000000e+00,0.00000000000000000e+00,0.00000000000000000e+00,0.00000000000000000e+00,0.00000000000000000e+00,0.00000000000000000e+00,-9.23978321123829632e-02,0.00000000000000000e+00,0.00000000000000000e+00,0.00000000000000000e+00,0.00000000000000000e+00,0.00000000000000000e+00,0.00000000000000000e+00,0.00000000000000000e+00,2.90108583512574902e-01,4.90393762113571385e-01,-5.54646274615396506e-01,7.60850947702881752e-01,1.76073636143812068e-10,2.10909966782016698e-11,5.73238033053471835e-11,1.78667351506441858e-11
4.16666666666666685e-01,1.51689679638821340e+00,4.76676369733233296e-01,4.87659836896132293e-01,5.26940059712694309e-01,0.00000000000000000e+00,0.00000000000000000e+00,0.00000000000000000e+00,0.00000000000000000e+00,0.00000000000000000e+00,0.00000000000000000e+00,0.00000000000000000e+00,-9.40157980317762182e-02,0.00000000000000000e+00,0.00000000000000000e+00,0.00000000000000000e+00,0.00000000000000000e+00,0.00000000000000000e+00,0.00000000000000000e+00,0.00000000000000000e+00,2.86504796809569584e-01,4.87659836867909868e-01,-5.50861922167071971e-01,7.58327632849249200e-01,1.76682932852197854e-10,2.14818642482634554e-11,5.78731777026129524e-11,1.82169301723757361e-11
4.20833333333333337e-01,1.52323038552068080e+00,4.82180092019883821e-01,4.84918166006478690e-01,5.23256120164033112e-01,0.00000000000000000e+00,0.00000000000000000e+00,0.00000000000000000e+00,0.00000000000000000e+00,0.00000000000000000e+00,0.00000000000000000e+00,0.00000000000000000e+00,-9.56494107399989413e-02,0.00000000000000000e+00,0.00000000000000000e+00,0.00000000000000000e+00,0.00000000000000000e+00,0.00000000000000000e+00,0.00000000000000000e+00,0.00000000000000000e+00,2.82945777064026072e-01,4.84918165978183269e-01,-5.47061768687591599e-01,7.55799805414782755e-01,1.77089787672553691e-10,2.18602027764570117e-11,5.83509209317308252e-11,1.85570564387693305e-11
4.24999999999999989e-01,1.52959041966337872e+00,4.87702269360183016e-01,4.82168956776755753e-01,5.19580542833756986e-01,0.00000000000000000e+00,0.00000000000000000e+00,0.00000000000000000e+00,0.00000000000000000e+00,0.00000000000000000e+00,0.00000000000000000e+00,0.00000000000000000e+00,-9.72986519970535924e-02,0.00000000000000000e+00,0.00000000000000000e+00,0.00000000000000000e+00,0.00000000000000000e+00,0.00000000000000000e+00,0.00000000000000000e+00,0.00000000000000000e+00,2.79430968171865302e-01,4.82168956748430744e-01,-5.43245748201972800e-01,7.53267444936690289e-01,1.77296158169934838e-10,2.22358233517110392e-11,5.87449868112052393e-11,1.88953118788498275e-11
4.29166666666666641e-01,1.53597700923372593e+00,4.93243059407233397e-01,4.79412417643328703e-01,5.15912828986868743e-01,0.00000000000000000e+00,0.00000000000000000e+00,0.00000000000000000e+00,0.00000000000000000e+00,0.00000000000000000e+00,0.00000000000000000e+00,0.00000000000000000e+00,-9.89634974312531002e-02,0.00000000000000000e+00,0.00000000000000000e+00,0.00000000000000000e+00,0.00000000000000000e+00,0.00000000000000000e+00,0.00000000000000000e+00,0.00000000000000000e+00,2.75959820937059674e-01,4.79412417615049047e-01,-5.39413794459764451e-01,7.50730532752491353e-01,1.77248572633533403e-10,2.26502557051729125e-11,5.89881599961200113e-11,1.92671043563481740e-11
4.33333333333333348e-01,1.54239026511017463e+00,4.98802621883867814e-01,4.76648758145119145e-01,5.12252472030298112e-01,0.00000000000000000e+00,0.00000000000000000e+00,0.00000000000000000e+00,0.00000000000000000e+00,0.00000000000000000e+00,0.00000000000000000e+00,0.00000000000000000e+00,-1.00643916282422002e-01,0.00000000000000000e+00,0.00000000000000000e+00,0.00000000000000000e+00,0.00000000000000000e+00,0.00000000000000000e+00,0.00000000000000000e+00,0.00000000000000000e+00,2.72531792985814481e-01,4.76648758116970384e-01,-5.35565840933895254e-01,7.48189051991948850e-01,1.76853172363771478e-10,2.30811228201413936e-11,5.90555637048196411e-11,1.96532731917509031e-11
4.37500000000000000e-01,1.54883029863413313e+00,5.04381118605053080e-01,4.73878188893364249e-01,5.08598957389675421e-01,0.00000000000000000e+00,0.00000000000000000e+00,0.00000000000000000e+00,0.00000000000000000e+00,0.00000000000000000e+00,0.00000000000000000e+00,0.00000000000000000e+00,-1.02339871134850435e-01,0.00000000000000000e+00,0.00000000000000000e+00,0.00000000000000000e+00,0.00000000000000000e+00,0.00000000000000000e+00,0.00000000000000000e+00,0.00000000000000000e+00,2.69146348681762682e-01,4.73878188865388350e-01,-5.31701820819520110e-01,7.45642987568900684e-01,1.76191051148661940e-10,2.34736643531590137e-11,5.90360561684612982e-11,2.00071733287812814e-11
4.41666666666666652e-01,1.55529722161190098e+00,5.09978713500712444e-01,4.71100921540936912e-01,5.04951762388988645e-01,0.00000000000000000e+00,0.00000000000000000e+00,0.00000000000000000e+00,0.00000000000000000e+00,0.00000000000000000e+00,0.00000000000000000e+00,0.00000000000000000e+00,-1.04051317639857463e-01,0.00000000000000000e+00,0.00000000000000000e+00,0.00000000000000000e+00,0.00000000000000000e+00,0.00000000000000000e+00,0.00000000000000000e+00,0.00000000000000000e+00,2.65802959042336195e-01,4.71100921513180726e-01,-5.27821667032859487e-01,7.43092326173007689e-01,1.75281713814574291e-10,2.38465352701139552e-11,5.89177073760316952e-11,2.03448123752554609e-11
4.45833333333333359e-01,1.56179114631660920e+00,5.15595572638855804e-01,4.68317168751359092e-01,5.01310356132651624e-01,0.00000000000000000e+00,0.00000000000000000e+00,0.00000000000000000e+00,0.00000000000000000e+00,0.00000000000000000e+00,0.00000000000000000e+00,0.00000000000000000e+00,-1.05778204230641271e-01,0.00000000000000000e+00,0.00000000000000000e+00,0.00000000000000000e+00,0.00000000000000000e+00,0.00000000000000000e+00,0.00000000000000000e+00,0.00000000000000000e+00,2.62501101656105296e-01,4.68317168723881516e-01,-5.23925312210034466e-01,7.40537056261498461e-01,1.74101906370480212e-10,2.42121922119803396e-11,5.86730054017376342e-11,2.06767714769688722e-11
4.50000000000000011e-01,1.56831218549016893e+00,5.21231864249136478e-01,4.65527144167384221e-01,4.97674199390902627e-01,0.00000000000000000e+00,0.00000000000000000e+00,0.00000000000000000e+00,0.00000000000000000e+00,0.00000000000000000e+00,0.00000000000000000e+00,0.00000000000000000e+00,-1.07520471826389880e-01,0.00000000000000000e+00,0.00000000000000000e+00,0.00000000000000000e+00,0.00000000000000000e+00,0.00000000000000000e+00,0.00000000000000000e+00,0.00000000000000000e+00,2.59240260601145411e-01,4.65527144140258087e-01,-5.20012688705898674e-01,7.37977168050828691e-01,1.72604732020022626e-10,2.45781413638427016e-11,5.82697164134533953e-11,2.10092380871020279e-11
4.54166666666666663e-01,1.57486045234522964e+00,5.26887758746842461e-01,4.62731062379163338e-01,4.94042744489014529e-01,0.00000000000000000e+00,0.00000000000000000e+00,0.00000000000000000e+00,0.00000000000000000e+00,0.00000000000000000e+00,0.00000000000000000e+00,0.00000000000000000e+00,-1.09278053525378477e-01,0.00000000000000000e+00,0.00000000000000000e+00,0.00000000000000000e+00,0.00000000000000000e+00,0.00000000000000000e+00,0.00000000000000000e+00,0.00000000000000000e+00,2.56019926364533190e-01,4.62731062352605638e-01,-5.16083728592862223e-01,7.35412653508256797e-01,1.70286934166776454e-10,2.50113313344676554e-11,5.73933816938625385e-11,2.13994823193182250e-11
4.58333333333333315e-01,1.58143606056714425e+00,5.32563428757148238e-01,4.59929138892169798e-01,4.90415435199056782e-01,0.00000000000000000e+00,0.00000000000000000e+00,0.00000000000000000e+00,0.00000000000000000e+00,0.00000000000000000e+00,0.00000000000000000e+00,0.00000000000000000e+00,-1.11050874291312385e-01,0.00000000000000000e+00,0.00000000000000000e+00,0.00000000000000000e+00,0.00000000000000000e+00,0.00000000000000000e+00,0.00000000000000000e+00,0.00000000000000000e+00,2.52839595762345160e-01,4.59929138866225107e-01,-5.12138363659713436e-01,7.32843506343451634e-01,1.67700413199207502e-10,2.54046095142171111e-11,5.64101915875982132e-11,2.17560957361189538e-11
4.62500000000000022e-01,1.58803912431594330e+00,5.38259049140038082e-01,4.57121590094503039e-01,4.86791706638119548e-01,0.00000000000000000e+00,0.00000000000000000e+00,0.00000000000000000e+00,0.00000000000000000e+00,0.00000000000000000e+00,0.00000000000000000e+00,0.00000000000000000e+00,-1.12838850622441186e-01,0.00000000000000000e+00,0.00000000000000000e+00,0.00000000000000000e+00,0.00000000000000000e+00,0.00000000000000000e+00,0.00000000000000000e+00,0.00000000000000000e+00,2.49698771861446650e-01,4.57121590069217265e-01,-5.08176525410434010e-01,7.30269721999870725e-01,1.64866039968156529e-10,2.57698742448263976e-11,5.53152028352435155e-11,2.20889665380292758e-11
4.66666666666666674e-01,1.59466975822831558e+00,5.43974797015456257e-01,4.54308633224015324e-01,4.83170985169605216e-01,0.00000000000000000e+00,0.00000000000000000e+00,0.00000000000000000e+00,0.00000000000000000e+00,0.00000000000000000e+00,0.00000000000000000e+00,0.00000000000000000e+00,-1.14641890214539327e-01,0.00000000000000000e+00,0.00000000000000000e+00,0.00000000000000000e+00,0.00000000000000000e+00,0.00000000000000000e+00,0.00000000000000000e+00,0.00000000000000000e+00,2.46596963901729360e-01,4.54308633199458023e-01,-5.04198145063010639e-01,7.27691297646202995e-01,1.61709733724893911e-10,2.61218807802437760e-11,5.40542240293691371e-11,2.24109914662380357e-11
4.70833333333333326e-01,1.60132807741959993e+00,5.49710851788938970e-01,4.51490486335023922e-01,4.79552688309931974e-01,0.00000000000000000e+00,0.00000000000000000e+00,0.00000000000000000e+00,0.00000000000000000e+00,0.00000000000000000e+00,0.00000000000000000e+00,0.00000000000000000e+00,-1.16459891611352936e-01,0.00000000000000000e+00,0.00000000000000000e+00,0.00000000000000000e+00,0.00000000000000000e+00,0.00000000000000000e+00,0.00000000000000000e+00,0.00000000000000000e+00,2.43533687219410849e-01,4.51490486311292460e-01,-5.00203153548240076e-01,7.25108232167713362e-01,1.58129393284315941e-10,2.64702172495927762e-11,5.25624835075932591e-11,2.27301580207254652e-11
4.74999999999999978e-01,1.60801419748578289e+00,5.55467395177705825e-01,4.48667368264647703e-01,4.75936224641064387e-01,0.00000000000000000e+00,0.00000000000000000e+00,0.00000000000000000e+00,0.00000000000000000e+00,0.00000000000000000e+00,0.00000000000000000e+00,0.00000000000000000e+00,-1.18292743842842427e-01,0.00000000000000000e+00,0.00000000000000000e+00,0.00000000000000000e+00,0.00000000000000000e+00,0.00000000000000000e+00,0.00000000000000000e+00,0.00000000000000000e+00,2.40508463171458020e-01,4.48667368242030296e-01,-4.96191481508530263e-01,7.22520526157507947e-01,1.53359103870923532e-10,2.68534155532889787e-11,5.04101914858039402e-11,2.30793534273616137e-11
4.79166666666666685e-01,1.61472823450550562e+00,5.61244611237121993e-01,4.45839498598853301e-01,4.72320993727968153e-01,0.00000000000000000e+00,0.00000000000000000e+00,0.00000000000000000e+00,0.00000000000000000e+00,0.00000000000000000e+00,0.00000000000000000e+00,0.00000000000000000e+00,-1.20140326053512797e-01,0.00000000000000000e+00,0.00000000000000000e+00,0.00000000000000000e+00,0.00000000000000000e+00,0.00000000000000000e+00,0.00000000000000000e+00,0.00000000000000000e+00,2.37520819060419691e-01,4.45839498577598969e-01,-4.92163059296696626e-01,7.19928181907774301e-01,1.47517360800523760e-10,2.72421305932597639e-11,4.76726079583313922e-11,2.34337214380467212e-11
4.83333333333333337e-01,1.62147030504207956e+00,5.67042686387692618e-01,4.43007097638087821e-01,4.68706386043435230e-01,0.00000000000000000e+00,0.00000000000000000e+00,0.00000000000000000e+00,0.00000000000000000e+00,0.00000000000000000e+00,0.00000000000000000e+00,0.00000000000000000e+00,-1.22002507116500167e-01,0.00000000000000000e+00,0.00000000000000000e+00,0.00000000000000000e+00,0.00000000000000000e+00,0.00000000000000000e+00,0.00000000000000000e+00,0.00000000000000000e+00,2.34570288060609394e-01,4.43007097618227597e-01,-4.88117816974752261e-01,7.17331203400907169e-01,1.41485343123813765e-10,2.75936123566030837e-11,4.48304884566932073e-11,2.37562466416226059e-11
4.87499999999999989e-01,1.62824052614550974e+00,5.72861809442539616e-01,4.40170386362567667e-01,4.65091782900356299e-01,0.00000000000000000e+00,0.00000000000000000e+00,0.00000000000000000e+00,0.00000000000000000e+00,0.00000000000000000e+00,0.00000000000000000e+00,0.00000000000000000e+00,-1.23879145234742555e-01,0.00000000000000000e+00,0.00000000000000000e+00,0.00000000000000000e+00,0.00000000000000000e+00,0.00000000000000000e+00,0.00000000000000000e+00,0.00000000000000000e+00,2.31656409145522602e-01,4.40170386344110875e-01,-4.84055684312694134e-01,7.14729596300559988e-01,1.35399729678053219e-10,2.79279475471014947e-11,4.19310163136452678e-11,2.40644704128870872e-11
4.91666666666666641e-01,1.63503901535452711e+00,5.78702171635264939e-01,4.37329586397302905e-01,4.61476556390438997e-01,0.00000000000000000e+00,0.00000000000000000e+00,0.00000000000000000e+00,0.00000000000000000e+00,0.00000000000000000e+00,0.00000000000000000e+00,0.00000000000000000e+00,-1.25770087531725389e-01,0.00000000000000000e+00,0.00000000000000000e+00,0.00000000000000000e+00,0.00000000000000000e+00,0.00000000000000000e+00,0.00000000000000000e+00,0.00000000000000000e+00,2.28778727015715888e-01,4.37329586380328095e-01,-4.79976590787283719e-01,7.12123367942674612e-01,1.28974367484174160e-10,2.82549526419459948e-11,3.88146857079896859e-11,2.43663802779287468e-11
4.95833333333333348e-01,1.64186589069862898e+00,5.84563966648324773e-01,4.34484919976764916e-01,4.57860069331202324e-01,0.00000000000000000e+00,0.00000000000000000e+00,0.00000000000000000e+00,0.00000000000000000e+00,0.00000000000000000e+00,0.00000000000000000e+00,0.00000000000000000e+00,-1.27675169628191948e-01,0.00000000000000000e+00,0.00000000000000000e+00,0.00000000000000000e+00,0.00000000000000000e+00,0.00000000000000000e+00,0.00000000000000000e+00,0.00000000000000000e+00,2.25936792027560979e-01,4.34484919961414973e-01,-4.75880465580822587e-01,7.09512527326416120e-01,1.21936100086106702e-10,2.85799722922153063e-11,3.53290593833051516e-11,2.46671126273170753e-11
5.00000000000000000e-01,1.64872127070012819e+00,5.90447390641928194e-01,4.31636609909215818e-01,4.54241675222407104e-01,0.00000000000000000e+00,0.00000000000000000e+00,0.00000000000000000e+00,0.00000000000000000e+00,0.00000000000000000e+00,0.00000000000000000e+00,0.00000000000000000e+00,-1.29594215204653751e-01,0.00000000000000000e+00,0.00000000000000000e+00,0.00000000000000000e+00,0.00000000000000000e+00,0.00000000000000000e+00,0.00000000000000000e+00,0.00000000000000000e+00,2.23130160123368865e-01,4.31636609896108636e-01,-4.71767237579923060e-01,7.06897085105023026e-01,1.12315400553158036e-10,2.89625057360176781e-11,3.03662425890540772e-11,2.50175025360353388e-11
5.04166666666666652e-01,1.65560527437621063e+00,5.96352642283246803e-01,4.28784879540847652e-01,4.50620718208362692e-01,0.00000000000000000e+00,0.00000000000000000e+00,0.00000000000000000e+00,0.00000000000000000e+00,0.00000000000000000e+00,0.00000000000000000e+00,0.00000000000000000e+00,-1.31527035555429272e-01,0.00000000000000000e+00,0.00000000000000000e+00,0.00000000000000000e+00,0.00000000000000000e+00,0.00000000000000000e+00,0.00000000000000000e+00,0.00000000000000000e+00,2.20358392760619748e-01,4.28784879529986118e-01,-4.67636835374273641e-01,7.04277053576667478e-01,1.02624205719541856e-10,2.93025840954828835e-11,2.53309629444460248e-11,2.53313482721383962e-11
5.08333333333333304e-01,1.66251802124100223e+00,6.02279922776448706e-01,4.25929952719410421e-01,4.46996533055861844e-01,0.00000000000000000e+00,0.00000000000000000e+00,0.00000000000000000e+00,0.00000000000000000e+00,0.00000000000000000e+00,0.00000000000000000e+00,0.00000000000000000e+00,-1.33473429120161829e-01,0.00000000000000000e+00,0.00000000000000000e+00,0.00000000000000000e+00,0.00000000000000000e+00,0.00000000000000000e+00,0.00000000000000000e+00,0.00000000000000000e+00,2.17621056845055061e-01,4.25929952710836723e-01,-4.63489187255398671e-01,7.01652446675095964e-01,9.27200332469314594e-11,2.96162900664324009e-11,2.01293598938049872e-11,2.56226915894431372e-11
5.12499999999999956e-01,1.66945963130764286e+00,6.08229435892989501e-01,4.23072053757719779e-01,4.43368445138346057e-01,0.00000000000000000e+00,0.00000000000000000e+00,0.00000000000000000e+00,0.00000000000000000e+00,0.00000000000000000e+00,0.00000000000000000e+00,0.00000000000000000e+00,-1.35433181008327769e-01,0.00000000000000000e+00,0.00000000000000000e+00,0.00000000000000000e+00,0.00000000000000000e+00,0.00000000000000000e+00,0.00000000000000000e+00,0.00000000000000000e+00,2.14917724662429060e-01,4.23072053751546717e-01,-4.59324221215414275e-01,6.99023279960316768e-01,8.23177460193741573e-11,2.99163331932134692e-11,1.45910418964850562e-11,2.59023651374689400e-11
5.16666666666666718e-01,1.67643022509037065e+00,6.14201388002494464e-01,4.20211407396829606e-01,4.39735770432430007e-01,0.00000000000000000e+00,0.00000000000000000e+00,0.00000000000000000e+00,0.00000000000000000e+00,0.00000000000000000e+00,0.00000000000000000e+00,0.00000000000000000e+00,-1.37406062507608229e-01,0.00000000000000000e+00,0.00000000000000000e+00,0.00000000000000000e+00,0.00000000000000000e+00,0.00000000000000000e+00,0.00000000000000000e+00,0.00000000000000000e+00,2.12247973811647533e-01,4.20211407393240810e-01,-4.55141864945777630e-01,6.96389570609179387e-01,7.11219058964760562e-11,3.02107474056636960e-11,8.54045336218672306e-12,2.61772964330003967e-11
5.20833333333333370e-01,1.68342992360661370e+00,6.20195988104194962e-01,4.17348238768914748e-01,4.36097815527047850e-01,0.00000000000000000e+00,0.00000000000000000e+00,0.00000000000000000e+00,0.00000000000000000e+00,0.00000000000000000e+00,0.00000000000000000e+00,0.00000000000000000e+00,-1.39391830577082404e-01,0.00000000000000000e+00,0.00000000000000000e+00,0.00000000000000000e+00,0.00000000000000000e+00,0.00000000000000000e+00,0.00000000000000000e+00,0.00000000000000000e+00,2.09611387139093108e-01,4.17348238768534996e-01,-4.50942045836031757e-01,6.93751337405867252e-01,5.72712339274782852e-11,3.05349197719435006e-11,9.09915869523169376e-13,2.64781538715558688e-11
5.25000000000000022e-01,1.69045884837909144e+00,6.26213447858802175e-01,4.14482773359940049e-01,4.32453877642993700e-01,0.00000000000000000e+00,0.00000000000000000e+00,0.00000000000000000e+00,0.00000000000000000e+00,0.00000000000000000e+00,0.00000000000000000e+00,0.00000000000000000e+00,-1.41390227328620860e-01,0.00000000000000000e+00,0.00000000000000000e+00,0.00000000000000000e+00,0.00000000000000000e+00,0.00000000000000000e+00,0.00000000000000000e+00,0.00000000000000000e+00,2.07007552672500456e-01,4.14482773363144374e-01,-4.46724690972545135e-01,6.91108600732355471e-01,4.17962265255324126e-11,3.08555721286063132e-11,7.73090198097495663e-12,2.67761106069304849e-11
5.29166666666666674e-01,1.69751712143792455e+00,6.32253981621050176e-01,4.11615236972000642e-01,4.28803244668669925e-01,0.00000000000000000e+00,0.00000000000000000e+00,0.00000000000000000e+00,0.00000000000000000e+00,0.00000000000000000e+00,0.00000000000000000e+00,0.00000000000000000e+00,-1.43400979490003216e-01,0.00000000000000000e+00,0.00000000000000000e+00,0.00000000000000000e+00,0.00000000000000000e+00,0.00000000000000000e+00,0.00000000000000000e+00,0.00000000000000000e+00,2.04436063557071529e-01,4.11615236978755350e-01,-4.42489727137245270e-01,6.88461382558740453e-01,2.64262768591860222e-11,3.11430845056452770e-11,1.64102474769915888e-11,2.70454304368891777e-11
5.33333333333333326e-01,1.70460486532275324e+00,6.38317806472787352e-01,4.08745855685426318e-01,4.25145195210320848e-01,0.00000000000000000e+00,0.00000000000000000e+00,0.00000000000000000e+00,0.00000000000000000e+00,0.00000000000000000e+00,0.00000000000000000e+00,0.00000000000000000e+00,-1.45423797853326431e-01,0.00000000000000000e+00,0.00000000000000000e+00,0.00000000000000000e+00,0.00000000000000000e+00,0.00000000000000000e+00,0.00000000000000000e+00,0.00000000000000000e+00,2.01896517992506963e-01,4.08745855695822058e-01,-4.38237080806348045e-01,6.85809706433502919e-01,1.06411955583336461e-11,3.14115495551574735e-11,2.54332604958998867e-11,2.72982915845785533e-11
5.37499999999999978e-01,1.71172220308486422e+00,6.44405142256551988e-01,4.05874855820682279e-01,4.21478998655527681e-01,0.00000000000000000e+00,0.00000000000000000e+00,0.00000000000000000e+00,0.00000000000000000e+00,0.00000000000000000e+00,0.00000000000000000e+00,0.00000000000000000e+00,-1.47458376710424693e-01,0.00000000000000000e+00,0.00000000000000000e+00,0.00000000000000000e+00,0.00000000000000000e+00,0.00000000000000000e+00,0.00000000000000000e+00,0.00000000000000000e+00,1.99388519169739820e-01,4.05874855834924386e-01,-4.33966678149081464e-01,6.83153597473719731e-01,6.04170941182067568e-12,3.16701231505475554e-11,3.50898984960469892e-11,2.75426155544241580e-11
5.41666666666666630e-01,1.71886925828932857e+00,6.50516211609764805e-01,4.03002463900016705e-01,4.17803915253729785e-01,0.00000000000000000e+00,0.00000000000000000e+00,0.00000000000000000e+00,0.00000000000000000e+00,0.00000000000000000e+00,0.00000000000000000e+00,0.00000000000000000e+00,-1.49504393271861546e-01,0.00000000000000000e+00,0.00000000000000000e+00,0.00000000000000000e+00,0.00000000000000000e+00,0.00000000000000000e+00,0.00000000000000000e+00,0.00000000000000000e+00,1.96911675208933268e-01,4.03002463918413767e-01,-4.29678445026402844e-01,6.80493082355181023e-01,2.40676893348397274e-11,3.19236755914442062e-11,4.56499979503302252e-11,2.77826175696163915e-11
5.45833333333333282e-01,1.72604615501714487e+00,6.56651239999551883e-01,4.00128906608869295e-01,4.14119196215229080e-01,0.00000000000000000e+00,0.00000000000000000e+00,0.00000000000000000e+00,0.00000000000000000e+00,0.00000000000000000e+00,0.00000000000000000e+00,0.00000000000000000e+00,-1.51561507069241208e-01,0.00000000000000000e+00,0.00000000000000000e+00,0.00000000000000000e+00,0.00000000000000000e+00,0.00000000000000000e+00,0.00000000000000000e+00,0.00000000000000000e+00,1.94465599099047037e-01,4.00128906632783998e-01,-4.25372306989713067e-01,6.77828189302415618e-01,4.79439999435121075e-11,3.22174489083239221e-11,5.97674978097359423e-11,2.80576842457136669e-11
5.50000000000000044e-01,1.73325301786739527e+00,6.62810455757938177e-01,3.97254410757149623e-01,4.10424083821545549e-01,0.00000000000000000e+00,0.00000000000000000e+00,0.00000000000000000e+00,0.00000000000000000e+00,0.00000000000000000e+00,0.00000000000000000e+00,0.00000000000000000e+00,-1.53629359347886296e-01,0.00000000000000000e+00,0.00000000000000000e+00,0.00000000000000000e+00,0.00000000000000000e+00,0.00000000000000000e+00,0.00000000000000000e+00,0.00000000000000000e+00,1.92049908634397026e-01,3.97254410786387235e-01,-4.21048189279562834e-01,6.75158948078696697e-01,7.10385544076029920e-11,3.24715319170656805e-11,7.35992138471755465e-11,2.82982416003943209e-11
5.54166666666666696e-01,1.74048997195940713e+00,6.68994090118051776e-01,3.94379203240158460e-01,4.06717811566666365e-01,0.00000000000000000e+00,0.00000000000000000e+00,0.00000000000000000e+00,0.00000000000000000e+00,0.00000000000000000e+00,0.00000000000000000e+00,0.00000000000000000e+00,-1.55707572433147867e-01,0.00000000000000000e+00,0.00000000000000000e+00,0.00000000000000000e+00,0.00000000000000000e+00,0.00000000000000000e+00,0.00000000000000000e+00,0.00000000000000000e+00,1.89664226358602334e-01,3.94379203274725865e-01,-4.16706016824355707e-01,6.72485389975852610e-01,9.42038308212653496e-11,3.27022119640937292e-11,8.76501707172627560e-11,2.85184178067768096e-11
5.58333333333333348e-01,1.74775714293492657e+00,6.75202377250617936e-01,3.91503510999444360e-01,4.02999604309141668e-01,0.00000000000000000e+00,0.00000000000000000e+00,0.00000000000000000e+00,0.00000000000000000e+00,0.00000000000000000e+00,0.00000000000000000e+00,0.00000000000000000e+00,-1.57795749089687881e-01,0.00000000000000000e+00,0.00000000000000000e+00,0.00000000000000000e+00,0.00000000000000000e+00,0.00000000000000000e+00,0.00000000000000000e+00,0.00000000000000000e+00,1.87308179504100503e-01,3.91503511039530794e-01,-4.12345714239044037e-01,6.69807547804090464e-01,1.18219511577755868e-10,3.29183137335812131e-11,1.02390995333971116e-10,2.87258684264686844e-11
5.62500000000000000e-01,1.75505465696029850e+00,6.81435554301178414e-01,3.88627560983434206e-01,3.99268678448107317e-01,0.00000000000000000e+00,0.00000000000000000e+00,0.00000000000000000e+00,0.00000000000000000e+00,0.00000000000000000e+00,0.00000000000000000e+00,0.00000000000000000e+00,-1.59893471862359887e-01,0.00000000000000000e+00,0.00000000000000000e+00,0.00000000000000000e+00,0.00000000000000000e+00,0.00000000000000000e+00,0.00000000000000000e+00,0.00000000000000000e+00,1.84981399933897395e-01,3.88627561029384561e-01,-4.07967205823820900e-01,6.67125455881704910e-01,1.43761030087463793e-10,3.31264941806828238e-11,1.18237508710612181e-10,2.89263774048105657e-11
5.66666666666666652e-01,1.76238264072865847e+00,6.87693861427982278e-01,3.85751580107882630e-01,3.95524242122876957e-01,0.00000000000000000e+00,0.00000000000000000e+00,0.00000000000000000e+00,0.00000000000000000e+00,0.00000000000000000e+00,0.00000000000000000e+00,0.00000000000000000e+00,-1.62000302400517021e-01,0.00000000000000000e+00,0.00000000000000000e+00,0.00000000000000000e+00,0.00000000000000000e+00,0.00000000000000000e+00,0.00000000000000000e+00,0.00000000000000000e+00,1.82683524084735149e-01,3.85751580161049379e-01,-4.03570415562804929e-01,6.64439150024697001e-01,1.75168974655153402e-10,3.33510206080763663e-11,1.37826392724331187e-10,2.91410060139663838e-11
5.70833333333333304e-01,1.76974122146213086e+00,6.93977541840386292e-01,3.82875795216194137e-01,3.91765495431200428e-01,0.00000000000000000e+00,0.00000000000000000e+00,0.00000000000000000e+00,0.00000000000000000e+00,0.00000000000000000e+00,0.00000000000000000e+00,0.00000000000000000e+00,-1.64115780770015596e-01,0.00000000000000000e+00,0.00000000000000000e+00,0.00000000000000000e+00,0.00000000000000000e+00,0.00000000000000000e+00,0.00000000000000000e+00,0.00000000000000000e+00,1.80414192908205762e-01,3.82875795277160924e-01,-3.99155267122721480e-01,6.61748667536335433e-01,2.09157501444566698e-10,3.35629545980835755e-11,1.59233850575830864e-10,2.93448535384968816e-11
5.74999999999999956e-01,1.77713052691403828e+00,7.00286841838100971e-01,3.80000433039538676e-01,3.87991630678604815e-01,0.00000000000000000e+00,0.00000000000000000e+00,0.00000000000000000e+00,0.00000000000000000e+00,0.00000000000000000e+00,0.00000000000000000e+00,0.00000000000000000e+00,-1.66239424744941272e-01,0.00000000000000000e+00,0.00000000000000000e+00,0.00000000000000000e+00,0.00000000000000000e+00,0.00000000000000000e+00,0.00000000000000000e+00,0.00000000000000000e+00,1.78173051816171879e-01,3.80000433108224900e-01,-3.94721683851577021e-01,6.59054047196591997e-01,2.42873094196802242e-10,3.37472355224215352e-11,1.80753013394786885e-10,2.95243422649517511e-11
5.79166666666666718e-01,1.78455068537111927e+00,7.06622010851058246e-01,3.77125720156845312e-01,3.84201832652503739e-01,0.00000000000000000e+00,0.00000000000000000e+00,0.00000000000000000e+00,0.00000000000000000e+00,0.00000000000000000e+00,0.00000000000000000e+00,0.00000000000000000e+00,-1.68370729085174670e-01,0.00000000000000000e+00,0.00000000000000000e+00,0.00000000000000000e+00,0.00000000000000000e+00,0.00000000000000000e+00,0.00000000000000000e+00,0.00000000000000000e+00,1.75959750626215772e-01,3.77125720233738582e-01,-3.90269588777328424e-01,6.56355329251504638e-01,2.78781459985825881e-10,3.39117472067722403e-11,2.03892933851776169e-10,2.96864514089119629e-11
5.83333333333333370e-01,1.79200182565575550e+00,7.12983301479884646e-01,3.74251882954678983e-01,3.80395278920169055e-01,0.00000000000000000e+00,0.00000000000000000e+00,0.00000000000000000e+00,0.00000000000000000e+00,0.00000000000000000e+00,0.00000000000000000e+00,0.00000000000000000e+00,-1.70509164800019847e-01,0.00000000000000000e+00,0.00000000000000000e+00,0.00000000000000000e+00,0.00000000000000000e+00,0.00000000000000000e+00,0.00000000000000000e+00,0.00000000000000000e+00,1.73773943505553530e-01,3.74251883040323918e-01,-3.85798904606546700e-01,6.53652555402464919e-01,3.17126888987327466e-10,3.40632805945571097e-11,2.28843031843098133e-10,2.98370951589103336e-11
5.87500000000000022e-01,1.79948407712820857e+00,7.19370969537121541e-01,3.71379147586984204e-01,3.76571140157815787e-01,0.00000000000000000e+00,0.00000000000000000e+00,0.00000000000000000e+00,0.00000000000000000e+00,0.00000000000000000e+00,0.00000000000000000e+00,0.00000000000000000e+00,-1.72654178395808405e-01,0.00000000000000000e+00,0.00000000000000000e+00,0.00000000000000000e+00,0.00000000000000000e+00,0.00000000000000000e+00,0.00000000000000000e+00,0.00000000000000000e+00,1.71615288917288999e-01,3.71379147681828170e-01,-3.81309553723074846e-01,6.50945768795408108e-01,3.57487298314353967e-10,3.42094345656119118e-11,2.55383121551778362e-10,2.99830419109226398e-11
5.91666666666666674e-01,1.80699756968886582e+00,7.25785274089184695e-01,3.68507739934715473e-01,3.72728580511594187e-01,0.00000000000000000e+00,0.00000000000000000e+00,0.00000000000000000e+00,0.00000000000000000e+00,0.00000000000000000e+00,0.00000000000000000e+00,0.00000000000000000e+00,-1.74805191107970909e-01,0.00000000000000000e+00,0.00000000000000000e+00,0.00000000000000000e+00,0.00000000000000000e+00,0.00000000000000000e+00,0.00000000000000000e+00,0.00000000000000000e+00,1.69483449568482186e-01,3.68507740040892817e-01,-3.76801458186680538e-01,6.48235014009910682e-01,4.07190637417248452e-10,3.43669323666342610e-11,2.88127855014443789e-10,3.01385539674632878e-11
5.95833333333333326e-01,1.81454243378049473e+00,7.32226477498821637e-01,3.65637885565397891e-01,3.68866757979923188e-01,0.00000000000000000e+00,0.00000000000000000e+00,0.00000000000000000e+00,0.00000000000000000e+00,0.00000000000000000e+00,0.00000000000000000e+00,0.00000000000000000e+00,-1.76961598122756830e-01,0.00000000000000000e+00,0.00000000000000000e+00,0.00000000000000000e+00,0.00000000000000000e+00,0.00000000000000000e+00,0.00000000000000000e+00,0.00000000000000000e+00,1.67378092352779340e-01,3.65637885682195740e-01,-3.72274539731703158e-01,6.45520337048221315e-01,4.53923584955626739e-10,3.44963932051950133e-11,3.19435850998185373e-10,3.02694841532246832e-11
5.99999999999999978e-01,1.82211880039050889e+00,7.38694845468731986e-01,3.62769809692533585e-01,3.64984824847281175e-01,0.00000000000000000e+00,0.00000000000000000e+00,0.00000000000000000e+00,0.00000000000000000e+00,0.00000000000000000e+00,0.00000000000000000e+00,0.00000000000000000e+00,-1.79122767775440728e-01,0.00000000000000000e+00,0.00000000000000000e+00,0.00000000000000000e+00,0.00000000000000000e+00,0.00000000000000000e+00,0.00000000000000000e+00,0.00000000000000000e+00,1.65298888304335007e-01,3.62769809819909306e-01,-3.67728719765694656e-01,6.42801785324149111e-01,5.00598932477332210e-10,3.46060037206745271e-11,3.51119959913488800e-10,3.03828450456131400e-11
6.04166666666666630e-01,1.82972680105324126e+00,7.45190647085570590e-01,3.59903737134991020e-01,3.61081928137329033e-01,0.00000000000000000e+00,0.00000000000000000e+00,0.00000000000000000e+00,0.00000000000000000e+00,0.00000000000000000e+00,0.00000000000000000e+00,0.00000000000000000e+00,-1.81288040742407869e-01,0.00000000000000000e+00,0.00000000000000000e+00,0.00000000000000000e+00,0.00000000000000000e+00,0.00000000000000000e+00,0.00000000000000000e+00,0.00000000000000000e+00,1.63245512543592181e-01,3.59903737273327140e-01,-3.63163919368055255e-01,6.40079407651906296e-01,5.49073424922877302e-10,3.47000474582066078e-11,3.84369780054791502e-10,3.04823688577744671e-11
6.08333333333333282e-01,1.83736656785222729e+00,7.51714154864822293e-01,3.57039892276308668e-01,3.57157210107044154e-01,0.00000000000000000e+00,0.00000000000000000e+00,0.00000000000000000e+00,0.00000000000000000e+00,0.00000000000000000e+00,0.00000000000000000e+00,0.00000000000000000e+00,-1.83456729217412767e-01,0.00000000000000000e+00,0.00000000000000000e+00,0.00000000000000000e+00,0.00000000000000000e+00,0.00000000000000000e+00,0.00000000000000000e+00,0.00000000000000000e+00,1.61217644226598400e-01,3.57039892426264160e-01,-3.58580059288663655e-01,6.37353254234841682e-01,6.00564577224870126e-10,3.47823239529162647e-11,4.19996464397145669e-10,3.05712348958496952e-11
6.12500000000000044e-01,1.84503823342249995e+00,7.58265644796490168e-01,3.54178499023942217e-01,3.53209808780747703e-01,0.00000000000000000e+00,0.00000000000000000e+00,0.00000000000000000e+00,0.00000000000000000e+00,0.00000000000000000e+00,0.00000000000000000e+00,0.00000000000000000e+00,-1.85628116074194244e-01,0.00000000000000000e+00,0.00000000000000000e+00,0.00000000000000000e+00,0.00000000000000000e+00,0.00000000000000000e+00,0.00000000000000000e+00,0.00000000000000000e+00,1.59214966496186883e-01,3.54178499188185225e-01,-3.53977059946500083e-01,6.34623376654080307e-01,6.63861245436464109e-10,3.48598905834135532e-11,4.63729471041531261e-10,3.06560419532560981e-11
6.16666666666666696e-01,1.85274193095288942e+00,7.64845396391384380e-01,3.51319780768481749e-01,3.49238858514534567e-01,0.00000000000000000e+00,0.00000000000000000e+00,0.00000000000000000e+00,0.00000000000000000e+00,0.00000000000000000e+00,0.00000000000000000e+00,0.00000000000000000e+00,-1.87801454019828284e-01,0.00000000000000000e+00,0.00000000000000000e+00,0.00000000000000000e+00,0.00000000000000000e+00,0.00000000000000000e+00,0.00000000000000000e+00,0.00000000000000000e+00,1.57237166428496777e-01,3.51319780947741356e-01,-3.49354841428266338e-01,6.31889827857076258e-01,7.30547188204669227e-10,3.49194938118581503e-11,5.10246268156500517e-10,3.07245725253843745e-11
6.20833333333333348e-01,1.86047779418833836e+00,7.71453692728471863e-01,3.48463960342816292e-01,3.45243490614400295e-01,0.00000000000000000e+00,0.00000000000000000e+00,0.00000000000000000e+00,0.00000000000000000e+00,0.00000000000000000e+00,0.00000000000000000e+00,0.00000000000000000e+00,-1.89975964731860375e-01,0.00000000000000000e+00,0.00000000000000000e+00,0.00000000000000000e+00,0.00000000000000000e+00,0.00000000000000000e+00,0.00000000000000000e+00,0.00000000000000000e+00,1.55283934987416578e-01,3.48463960536624096e-01,-3.44713323486997014e-01,6.29152662146054475e-01,7.95404807034798510e-10,3.49593933867441981e-11,5.56177467652380396e-10,3.07758232540832611e-11
6.25000000000000000e-01,1.86824595743222233e+00,7.78090820502932434e-01,3.45611259981294883e-01,3.41222833992649854e-01,0.00000000000000000e+00,0.00000000000000000e+00,0.00000000000000000e+00,0.00000000000000000e+00,0.00000000000000000e+00,0.00000000000000000e+00,0.00000000000000000e+00,-1.92150837986710149e-01,0.00000000000000000e+00,0.00000000000000000e+00,0.00000000000000000e+00,0.00000000000000000e+00,0.00000000000000000e+00,0.00000000000000000e+00,0.00000000000000000e+00,1.53354966976970430e-01,3.45611260189772063e-01,-3.40052425540666614e-01,6.26411935166368172e-01,8.61021742010054355e-10,3.49838958914719117e-11,6.03212927290846546e-10,3.08131435751110338e-11
6.29166666666666652e-01,1.87604655554868160e+00,7.84757070074978968e-01,3.42761901278880898e-01,3.37176015865602863e-01,0.00000000000000000e+00,0.00000000000000000e+00,0.00000000000000000e+00,0.00000000000000000e+00,0.00000000000000000e+00,0.00000000000000000e+00,0.00000000000000000e+00,-1.94325230778961244e-01,0.00000000000000000e+00,0.00000000000000000e+00,0.00000000000000000e+00,0.00000000000000000e+00,0.00000000000000000e+00,0.00000000000000000e+00,0.00000000000000000e+00,1.51449960992297822e-01,3.42761901502621702e-01,-3.35372066670791003e-01,6.23667703894758785e-01,9.29490208989146070e-10,3.49940511715925880e-11,6.52758672072958764e-10,3.08375776170747181e-11
6.33333333333333304e-01,1.88387972396496273e+00,7.91452735519573292e-01,3.39916105150308290e-01,3.33102162500666543e-01,0.00000000000000000e+00,0.00000000000000000e+00,0.00000000000000000e+00,0.00000000000000000e+00,0.00000000000000000e+00,0.00000000000000000e+00,0.00000000000000000e+00,-1.96498266430697954e-01,0.00000000000000000e+00,0.00000000000000000e+00,0.00000000000000000e+00,0.00000000000000000e+00,0.00000000000000000e+00,0.00000000000000000e+00,0.00000000000000000e+00,1.49568619372890010e-01,3.39916105390760948e-01,-3.30672165621022418e-01,6.20920026627517441e-01,1.00458871756667434e-09,3.49891487722364711e-11,7.07388246603993694e-10,3.08484809986593252e-11
6.37499999999999956e-01,1.89174559867376968e+00,7.98178114677015382e-01,3.37074091789257568e-01,3.29000400012825434e-01,0.00000000000000000e+00,0.00000000000000000e+00,0.00000000000000000e+00,0.00000000000000000e+00,0.00000000000000000e+00,0.00000000000000000e+00,0.00000000000000000e+00,-1.98669033692799119e-01,0.00000000000000000e+00,0.00000000000000000e+00,0.00000000000000000e+00,0.00000000000000000e+00,0.00000000000000000e+00,0.00000000000000000e+00,0.00000000000000000e+00,1.47710648157029695e-01,3.37074092050584140e-01,-3.25952640795738158e-01,6.18168962968548508e-01,1.09831530923704684e-09,3.49628559542433949e-11,7.75279315902608714e-10,3.08402494047766728e-11
6.41666666666666718e-01,1.89964431623562491e+00,8.04933509204191933e-01,3.34236080627553389e-01,3.24869855199286406e-01,0.00000000000000000e+00,0.00000000000000000e+00,0.00000000000000000e+00,0.00000000000000000e+00,0.00000000000000000e+00,0.00000000000000000e+00,0.00000000000000000e+00,-2.00836585840992954e-01,0.00000000000000000e+00,0.00000000000000000e+00,0.00000000000000000e+00,0.00000000000000000e+00,0.00000000000000000e+00,0.00000000000000000e+00,0.00000000000000000e+00,1.45875757029471836e-01,3.34236080908665356e-01,-3.21213410258625043e-01,6.15414573817329114e-01,1.18761681729061290e-09,3.49197536323885483e-11,8.41058111599971046e-10,3.08168998926169805e-11
6.45833333333333370e-01,1.90757601378123987e+00,8.11719224627168723e-01,3.31402290294415980e-01,3.20709656452456027e-01,0.00000000000000000e+00,0.00000000000000000e+00,0.00000000000000000e+00,0.00000000000000000e+00,0.00000000000000000e+00,0.00000000000000000e+00,0.00000000000000000e+00,-2.02999939762174952e-01,0.00000000000000000e+00,0.00000000000000000e+00,0.00000000000000000e+00,0.00000000000000000e+00,0.00000000000000000e+00,0.00000000000000000e+00,0.00000000000000000e+00,1.44063659285299017e-01,3.31402290595052218e-01,-3.16454391731256113e-01,6.12656921356777850e-01,1.27614240350769272e-09,3.48622360841032540e-11,9.07164031927971231e-10,3.07805273817467185e-11
6.50000000000000022e-01,1.91554082901389622e+00,8.18535570394287371e-01,3.28572938575761364e-01,3.16518934704797639e-01,0.00000000000000000e+00,0.00000000000000000e+00,0.00000000000000000e+00,0.00000000000000000e+00,0.00000000000000000e+00,0.00000000000000000e+00,0.00000000000000000e+00,-2.05158075040541316e-01,0.00000000000000000e+00,0.00000000000000000e+00,0.00000000000000000e+00,0.00000000000000000e+00,0.00000000000000000e+00,0.00000000000000000e+00,0.00000000000000000e+00,1.42274071781000322e-01,3.28572938896356637e-01,-3.11675502591662323e-01,6.09896069041018896e-01,1.36698686989780056e-09,3.47899094920773284e-11,9.75720257512437464e-10,3.07307685949087659e-11
6.54166666666666674e-01,1.92353890021183616e+00,8.25382859930284152e-01,3.25748242373567143e-01,3.12296824435741749e-01,0.00000000000000000e+00,0.00000000000000000e+00,0.00000000000000000e+00,0.00000000000000000e+00,0.00000000000000000e+00,0.00000000000000000e+00,0.00000000000000000e+00,-2.07309933039525218e-01,0.00000000000000000e+00,0.00000000000000000e+00,0.00000000000000000e+00,0.00000000000000000e+00,0.00000000000000000e+00,0.00000000000000000e+00,0.00000000000000000e+00,1.40506714889500950e-01,3.25748242713943370e-01,-3.06876659872898361e-01,6.07132081583045102e-01,1.45745938222307951e-09,3.47067985163721070e-11,1.04490579708981769e-09,3.06713155322081860e-11
6.58333333333333326e-01,1.93157036623066358e+00,8.32261410691165437e-01,3.22928417665303558e-01,3.08042464726428822e-01,0.00000000000000000e+00,0.00000000000000000e+00,0.00000000000000000e+00,0.00000000000000000e+00,0.00000000000000000e+00,0.00000000000000000e+00,0.00000000000000000e+00,-2.09454415983309911e-01,0.00000000000000000e+00,0.00000000000000000e+00,0.00000000000000000e+00,0.00000000000000000e+00,0.00000000000000000e+00,0.00000000000000000e+00,0.00000000000000000e+00,1.38761312449642571e-01,3.22928418012214669e-01,-3.02057780261601905e-01,6.04365024942266960e-01,1.48951700278471999e-09,3.46696711543148462e-11,1.07426628193417371e-09,3.06518957647066988e-11
6.62499999999999978e-01,1.93963536650575397e+00,8.39171544220832066e-01,3.20113679463517875e-01,3.03755000421826349e-01,0.00000000000000000e+00,0.00000000000000000e+00,0.00000000000000000e+00,0.00000000000000000e+00,0.00000000000000000e+00,0.00000000000000000e+00,0.00000000000000000e+00,-2.11590386035717587e-01,0.00000000000000000e+00,0.00000000000000000e+00,0.00000000000000000e+00,0.00000000000000000e+00,0.00000000000000000e+00,0.00000000000000000e+00,0.00000000000000000e+00,1.37037591744007703e-01,3.20113679811916352e-01,-2.97218780096547674e-01,6.01594966312010260e-01,1.49933478732280210e-09,3.46540562026557475e-11,1.08835860104341464e-09,3.06513721600950973e-11
6.66666666666666630e-01,1.94773404105467574e+00,8.46113586207719037e-01,3.17304241775455520e-01,2.99433583298740535e-01,0.00000000000000000e+00,0.00000000000000000e+00,0.00000000000000000e+00,0.00000000000000000e+00,0.00000000000000000e+00,0.00000000000000000e+00,0.00000000000000000e+00,-2.13716664385508709e-01,0.00000000000000000e+00,0.00000000000000000e+00,0.00000000000000000e+00,0.00000000000000000e+00,0.00000000000000000e+00,0.00000000000000000e+00,0.00000000000000000e+00,1.35335283443191956e-01,3.17304242129180791e-01,-2.92359575367194591e-01,5.98821974106856225e-01,1.52642569448783295e-09,3.46223652739994686e-11,1.11478267331814802e-09,3.06363593216430439e-11
6.70833333333333282e-01,1.95586653047962122e+00,8.53087866542574402e-01,3.14500317562806608e-01,2.95077373308382573e-01,0.00000000000000000e+00,0.00000000000000000e+00,0.00000000000000000e+00,0.00000000000000000e+00,0.00000000000000000e+00,0.00000000000000000e+00,0.00000000000000000e+00,-2.15832030335629893e-01,0.00000000000000000e+00,0.00000000000000000e+00,0.00000000000000000e+00,0.00000000000000000e+00,0.00000000000000000e+00,0.00000000000000000e+00,0.00000000000000000e+00,1.33654121557374828e-01,3.14500317924672035e-01,-2.87480081712227276e-01,5.96046117949884047e-01,1.56631440210631751e-09,3.45741457376512343e-11,1.15060432657235482e-09,3.06064401193238712e-11
6.75000000000000044e-01,1.96403297596984738e+00,8.60094719377559769e-01,3.11702118701606523e-01,2.90685539904309065e-01,0.00000000000000000e+00,0.00000000000000000e+00,0.00000000000000000e+00,0.00000000000000000e+00,0.00000000000000000e+00,0.00000000000000000e+00,0.00000000000000000e+00,-2.17935220397819041e-01,0.00000000000000000e+00,0.00000000000000000e+00,0.00000000000000000e+00,0.00000000000000000e+00,0.00000000000000000e+00,0.00000000000000000e+00,0.00000000000000000e+00,1.31993843399305616e-01,3.11702119070645545e-01,-2.82580214418091558e-01,5.93267468659829156e-01,1.60216145811527938e-09,3.45253149601692236e-11,1.18394774685564820e-09,3.05756947383482342e-11
6.79166666666666696e-01,1.97223351930412605e+00,8.67134483186370209e-01,3.08909855942282041e-01,2.86257263438635612e-01,0.00000000000000000e+00,0.00000000000000000e+00,0.00000000000000000e+00,0.00000000000000000e+00,0.00000000000000000e+00,0.00000000000000000e+00,0.00000000000000000e+00,-2.20024927396136966e-01,0.00000000000000000e+00,0.00000000000000000e+00,0.00000000000000000e+00,0.00000000000000000e+00,0.00000000000000000e+00,0.00000000000000000e+00,0.00000000000000000e+00,1.30354189547051774e-01,3.08909856317337306e-01,-2.77659888417524425e-01,5.90486098238140689e-01,1.63309005470205857e-09,3.44790701283557220e-11,1.21412527620299355e-09,3.05469570768498691e-11
6.83333333333333348e-01,1.98046830285320796e+00,8.74207500825247341e-01,3.06123738869842510e-01,2.81791736620612965e-01,0.00000000000000000e+00,0.00000000000000000e+00,0.00000000000000000e+00,0.00000000000000000e+00,0.00000000000000000e+00,0.00000000000000000e+00,0.00000000000000000e+00,-2.22099799582637314e-01,0.00000000000000000e+00,0.00000000000000000e+00,0.00000000000000000e+00,0.00000000000000000e+00,0.00000000000000000e+00,0.00000000000000000e+00,0.00000000000000000e+00,1.28734903802308565e-01,3.06123739251352167e-01,-2.72719018288075210e-01,5.87702079855924486e-01,1.66624842980487093e-09,3.44285703632939181e-11,1.24625962733920792e-09,3.05141686885492732e-11
6.87500000000000000e-01,1.98873746958229192e+00,8.81314119595021150e-01,3.03343975864238891e-01,2.77288166046744666e-01,0.00000000000000000e+00,0.00000000000000000e+00,0.00000000000000000e+00,0.00000000000000000e+00,0.00000000000000000e+00,0.00000000000000000e+00,0.00000000000000000e+00,-2.24158439767464107e-01,0.00000000000000000e+00,0.00000000000000000e+00,0.00000000000000000e+00,0.00000000000000000e+00,0.00000000000000000e+00,0.00000000000000000e+00,0.00000000000000000e+00,1.27135733148550867e-01,3.03343976252943681e-01,-2.67757518250624882e-01,5.84915487840780624e-01,1.70302457802724011e-09,3.43720309045223897e-11,1.28139940465784571e-09,3.04757446520025512e-11
6.91666666666666652e-01,1.99704116305350787e+00,8.88454691304291111e-01,3.00570774060909429e-01,2.72745773810025516e-01,0.00000000000000000e+00,0.00000000000000000e+00,0.00000000000000000e+00,0.00000000000000000e+00,0.00000000000000000e+00,0.00000000000000000e+00,0.00000000000000000e+00,-2.26199404465977499e-01,0.00000000000000000e+00,0.00000000000000000e+00,0.00000000000000000e+00,0.00000000000000000e+00,0.00000000000000000e+00,0.00000000000000000e+00,0.00000000000000000e+00,1.25556427711992491e-01,3.00570774457362633e-01,-2.62775302167895242e-01,5.82126397663538908e-01,1.74260523185991281e-09,3.43096334949746717e-11,1.31900117140503010e-09,3.04318420578250386e-11
6.95833333333333304e-01,2.00537952742840941e+00,8.95629572333712431e-01,2.97804339311521393e-01,2.68163799186594387e-01,0.00000000000000000e+00,0.00000000000000000e+00,0.00000000000000000e+00,0.00000000000000000e+00,0.00000000000000000e+00,0.00000000000000000e+00,0.00000000000000000e+00,-2.28221203065705314e-01,0.00000000000000000e+00,0.00000000000000000e+00,0.00000000000000000e+00,0.00000000000000000e+00,0.00000000000000000e+00,0.00000000000000000e+00,0.00000000000000000e+00,1.23996740722946031e-01,2.97804339716291111e-01,-2.57772283542954339e-01,5.79334885924890908e-01,1.78508566194267129e-09,3.42397037282648679e-11,1.35918005133505862e-09,3.03809714888696948e-11
6.99999999999999956e-01,2.01375270747047663e+00,9.02839123701378421e-01,2.95044876144918422e-01,2.63541500400596207e-01,0.00000000000000000e+00,0.00000000000000000e+00,0.00000000000000000e+00,0.00000000000000000e+00,0.00000000000000000e+00,0.00000000000000000e+00,0.00000000000000000e+00,-2.30222297016603322e-01,0.00000000000000000e+00,0.00000000000000000e+00,0.00000000000000000e+00,0.00000000000000000e+00,0.00000000000000000e+00,0.00000000000000000e+00,0.00000000000000000e+00,1.22456428476998572e-01,2.95044876558322067e-01,-2.52748375517714008e-01,5.76541030341912619e-01,1.82935782049709500e-09,3.41646448838343682e-11,1.40115513772843694e-09,3.03252610454760747e-11
7.04166666666666718e-01,2.02216084854762856e+00,9.10083711129348050e-01,2.92292587728293918e-01,2.58878156471136822e-01,0.00000000000000000e+00,0.00000000000000000e+00,0.00000000000000000e+00,0.00000000000000000e+00,0.00000000000000000e+00,0.00000000000000000e+00,0.00000000000000000e+00,-2.32201099048766707e-01,0.00000000000000000e+00,0.00000000000000000e+00,0.00000000000000000e+00,0.00000000000000000e+00,0.00000000000000000e+00,0.00000000000000000e+00,0.00000000000000000e+00,1.20935250297349570e-01,2.92292588150877497e-01,-2.47703490871422849e-01,5.73744909734486219e-01,1.87648291666911066e-09,3.40841034574708583e-11,1.44575537106085586e-09,3.02643942672767876e-11
7.08333333333333370e-01,2.03060409663474806e+00,9.17363705111308603e-01,2.89547675828595086e-01,2.54173069141216901e-01,0.00000000000000000e+00,0.00000000000000000e+00,0.00000000000000000e+00,0.00000000000000000e+00,0.00000000000000000e+00,0.00000000000000000e+00,0.00000000000000000e+00,-2.34155972420301367e-01,0.00000000000000000e+00,0.00000000000000000e+00,0.00000000000000000e+00,0.00000000000000000e+00,0.00000000000000000e+00,0.00000000000000000e+00,0.00000000000000000e+00,1.19432968496762756e-01,2.89547676260824394e-01,-2.42637542019151220e-01,5.70946604011611902e-01,1.92612760660246001e-09,3.39971385345588675e-11,1.49277422455051472e-09,3.01975326820793231e-11
7.12500000000000022e-01,2.03908259831621530e+00,9.24679480981434043e-01,2.86810340774176054e-01,2.49425564892892665e-01,0.00000000000000000e+00,0.00000000000000000e+00,0.00000000000000000e+00,0.00000000000000000e+00,0.00000000000000000e+00,0.00000000000000000e+00,0.00000000000000000e+00,-2.36085230199692880e-01,0.00000000000000000e+00,0.00000000000000000e+00,0.00000000000000000e+00,0.00000000000000000e+00,0.00000000000000000e+00,0.00000000000000000e+00,0.00000000000000000e+00,1.17949348340580587e-01,2.86810341216398812e-01,-2.37550441010270785e-01,5.68146194157614692e-01,1.97778206416144045e-09,3.39060648216743282e-11,1.54186476169824129e-09,3.01267296241136422e-11
7.16666666666666674e-01,2.04759650078845290e+00,9.32031418984437754e-01,2.84080781416713002e-01,2.44634997049437197e-01,0.00000000000000000e+00,0.00000000000000000e+00,0.00000000000000000e+00,0.00000000000000000e+00,0.00000000000000000e+00,0.00000000000000000e+00,0.00000000000000000e+00,-2.37987134586689075e-01,0.00000000000000000e+00,0.00000000000000000e+00,0.00000000000000000e+00,0.00000000000000000e+00,0.00000000000000000e+00,0.00000000000000000e+00,0.00000000000000000e+00,1.16484158010161001e-01,2.84080781869332943e-01,-2.32442099526928292e-01,5.65343762218246004e-01,2.03172723325411802e-09,3.38105517587858352e-11,1.59327899109650602e-09,3.00516901690272710e-11
7.20833333333333326e-01,2.05614595186248161e+00,9.39419904346843415e-01,2.81359195093392189e-01,2.39800747965828120e-01,0.00000000000000000e+00,0.00000000000000000e+00,0.00000000000000000e+00,0.00000000000000000e+00,0.00000000000000000e+00,0.00000000000000000e+00,0.00000000000000000e+00,-2.39859896275733758e-01,0.00000000000000000e+00,0.00000000000000000e+00,0.00000000000000000e+00,0.00000000000000000e+00,0.00000000000000000e+00,0.00000000000000000e+00,0.00000000000000000e+00,1.15037168566376372e-01,2.81359195556523722e-01,-2.27312428882511020e-01,5.62539391286677737e-01,2.08666470202313877e-09,3.37114409001745679e-11,1.64605081489432760e-09,2.99731612889311863e-11
7.24999999999999978e-01,2.06473109996648629e+00,9.46845327349493893e-01,2.78645777589384691e-01,2.34922231310118163e-01,0.00000000000000000e+00,0.00000000000000000e+00,0.00000000000000000e+00,0.00000000000000000e+00,0.00000000000000000e+00,0.00000000000000000e+00,0.00000000000000000e+00,-2.41701673867626504e-01,0.00000000000000000e+00,0.00000000000000000e+00,0.00000000000000000e+00,0.00000000000000000e+00,0.00000000000000000e+00,0.00000000000000000e+00,0.00000000000000000e+00,1.13608153914137144e-01,2.78645778063057070e-01,-2.22161340020108233e-01,5.59733165489389894e-01,2.14221751822635001e-09,3.36092093708532216e-11,1.69990868833651221e-09,2.98915669160280875e-11
7.29166666666666630e-01,2.07335209414839294e+00,9.54308083401328222e-01,2.75940723100622620e-01,2.29998894436685503e-01,0.00000000000000000e+00,0.00000000000000000e+00,0.00000000000000000e+00,0.00000000000000000e+00,0.00000000000000000e+00,0.00000000000000000e+00,0.00000000000000000e+00,-2.43510573332891778e-01,0.00000000000000000e+00,0.00000000000000000e+00,0.00000000000000000e+00,0.00000000000000000e+00,0.00000000000000000e+00,0.00000000000000000e+00,0.00000000000000000e+00,1.12196890767011268e-01,2.75940723584891245e-01,-2.16988743510964199e-01,5.56925169971951961e-01,2.19852379577567954e-09,3.35043541232993226e-11,1.75497338308412094e-09,2.98073492484254146e-11
7.33333333333333282e-01,2.08200908407845553e+00,9.61808573114460108e-01,2.73244224196891372e-01,2.25030220854105650e-01,0.00000000000000000e+00,0.00000000000000000e+00,0.00000000000000000e+00,0.00000000000000000e+00,0.00000000000000000e+00,0.00000000000000000e+00,0.00000000000000000e+00,-2.45284647533400763e-01,0.00000000000000000e+00,0.00000000000000000e+00,0.00000000000000000e+00,0.00000000000000000e+00,0.00000000000000000e+00,0.00000000000000000e+00,0.00000000000000000e+00,1.10803158613232200e-01,2.73244224693694526e-01,-2.11794549552926648e-01,5.54115490884701467e-01,2.26436043850008841e-09,3.33839845101404926e-11,1.81816525025438810e-09,2.97090372205068607e-11
7.37500000000000044e-01,2.09070222005185569e+00,9.69347202380509976e-01,2.70556471785233843e-01,2.20015732783457707e-01,0.00000000000000000e+00,0.00000000000000000e+00,0.00000000000000000e+00,0.00000000000000000e+00,0.00000000000000000e+00,0.00000000000000000e+00,0.00000000000000000e+00,-2.47021895803741065e-01,0.00000000000000000e+00,0.00000000000000000e+00,0.00000000000000000e+00,0.00000000000000000e+00,0.00000000000000000e+00,0.00000000000000000e+00,0.00000000000000000e+00,1.09426739678716162e-01,2.70556472295388539e-01,-2.06578667968886576e-01,5.51304215368302875e-01,2.33459640379469382e-09,3.32578833184422110e-11,1.88557565057228436e-09,2.96053299595375821e-11
7.41666666666666696e-01,2.09943165299131129e+00,9.76924382448347894e-01,2.67877655073714249e-01,2.14954993818367052e-01,0.00000000000000000e+00,0.00000000000000000e+00,0.00000000000000000e+00,0.00000000000000000e+00,0.00000000000000000e+00,0.00000000000000000e+00,0.00000000000000000e+00,-2.48720263604530895e-01,0.00000000000000000e+00,0.00000000000000000e+00,0.00000000000000000e+00,0.00000000000000000e+00,0.00000000000000000e+00,0.00000000000000000e+00,0.00000000000000000e+00,1.08067418894961548e-01,2.67877655597575592e-01,-2.01341008205213279e-01,5.48491431539217644e-01,2.40712967880824528e-09,3.31242091729375239e-11,1.95559925304284749e-09,2.94945865109649134e-11
7.45833333333333348e-01,2.10819753444969704e+00,9.84540530003148340e-01,2.65207961535520398e-01,2.09847611678907503e-01,0.00000000000000000e+00,0.00000000000000000e+00,0.00000000000000000e+00,0.00000000000000000e+00,0.00000000000000000e+00,0.00000000000000000e+00,0.00000000000000000e+00,-2.50377642248560794e-01,0.00000000000000000e+00,0.00000000000000000e+00,0.00000000000000000e+00,0.00000000000000000e+00,0.00000000000000000e+00,0.00000000000000000e+00,0.00000000000000000e+00,1.06724983865289863e-01,2.65207962073368886e-01,-1.96081479330181829e-01,5.45677228475056841e-01,2.48164622718299296e-09,3.29837693498652650e-11,2.02802541735317170e-09,2.93775233985385509e-11
7.50000000000000000e-01,2.11700001661267478e+00,9.92196067246836844e-01,2.62547576873435162e-01,2.04693241063622078e-01,0.00000000000000000e+00,0.00000000000000000e+00,0.00000000000000000e+00,0.00000000000000000e+00,0.00000000000000000e+00,0.00000000000000000e+00,0.00000000000000000e+00,-2.51991868707032107e-01,0.00000000000000000e+00,0.00000000000000000e+00,0.00000000000000000e+00,0.00000000000000000e+00,0.00000000000000000e+00,0.00000000000000000e+00,0.00000000000000000e+00,1.05399224831592211e-01,2.62547577425747636e-01,-1.90799990032395117e-01,5.42861696199830379e-01,2.55910686290364005e-09,3.28369831733235576e-11,2.10366623432374543e-09,2.92543241867623937e-11
7.54166666666666652e-01,2.12583925230133630e+00,9.99891421979947737e-01,2.59896684984684989e-01,1.99491586599702009e-01,0.00000000000000000e+00,0.00000000000000000e+00,0.00000000000000000e+00,0.00000000000000000e+00,0.00000000000000000e+00,0.00000000000000000e+00,0.00000000000000000e+00,-2.53560725502332884e-01,0.00000000000000000e+00,0.00000000000000000e+00,0.00000000000000000e+00,0.00000000000000000e+00,0.00000000000000000e+00,0.00000000000000000e+00,0.00000000000000000e+00,1.04089934641335813e-01,2.59896685551975593e-01,-1.85496448619198229e-01,5.40044925669090681e-01,2.63972849464754781e-09,3.26862114712852066e-11,2.18275428244395617e-09,2.91276566581456385e-11
7.58333333333333304e-01,2.13471539497485718e+00,1.00762702768491375e+00,2.57255467926179537e-01,1.94242405891951214e-01,0.00000000000000000e+00,0.00000000000000000e+00,0.00000000000000000e+00,0.00000000000000000e+00,0.00000000000000000e+00,0.00000000000000000e+00,0.00000000000000000e+00,-2.55081940694505516e-01,0.00000000000000000e+00,0.00000000000000000e+00,0.00000000000000000e+00,0.00000000000000000e+00,0.00000000000000000e+00,0.00000000000000000e+00,0.00000000000000000e+00,1.02796908715168750e-01,2.57255468508775009e-01,-1.80170763015085722e-01,5.37227008754970203e-01,2.72267286696345909e-09,3.25311089232218550e-11,2.26465728889009116e-09,2.89966485869285051e-11
7.62499999999999956e-01,2.14362859873315914e+00,1.01540332361081509e+00,2.54624105880153939e-01,1.88945512670590565e-01,0.00000000000000000e+00,0.00000000000000000e+00,0.00000000000000000e+00,0.00000000000000000e+00,0.00000000000000000e+00,0.00000000000000000e+00,0.00000000000000000e+00,-2.56553187968302843e-01,0.00000000000000000e+00,0.00000000000000000e+00,0.00000000000000000e+00,0.00000000000000000e+00,0.00000000000000000e+00,0.00000000000000000e+00,0.00000000000000000e+00,1.01519945015051627e-01,2.54624106478163248e-01,-1.74822840760104570e-01,5.34408038231113158e-01,2.80694145403950951e-09,3.23724075786882093e-11,2.34859659209075302e-09,2.88621415858127698e-11
7.66666666666666718e-01,2.15257901831958742e+00,1.02322075485961572e+00,2.52002777120227006e-01,1.83600780037572076e-01,0.00000000000000000e+00,0.00000000000000000e+00,0.00000000000000000e+00,0.00000000000000000e+00,0.00000000000000000e+00,0.00000000000000000e+00,0.00000000000000000e+00,-2.57972086827843727e-01,0.00000000000000000e+00,0.00000000000000000e+00,0.00000000000000000e+00,0.00000000000000000e+00,0.00000000000000000e+00,0.00000000000000000e+00,0.00000000000000000e+00,1.00258844012717480e-01,2.52002777733568384e-01,-1.69452589008247556e-01,5.31588107757502537e-01,2.89165287348652720e-09,3.22130744554099489e-11,2.43386752798017751e-09,2.87267827370769246e-11
7.70833333333333370e-01,2.16156680912359489e+00,1.03107977247392602e+00,2.49391657977892256e-01,1.78208143811806163e-01,0.00000000000000000e+00,0.00000000000000000e+00,0.00000000000000000e+00,0.00000000000000000e+00,0.00000000000000000e+00,0.00000000000000000e+00,0.00000000000000000e+00,-2.59336202907544389e-01,0.00000000000000000e+00,0.00000000000000000e+00,0.00000000000000000e+00,0.00000000000000000e+00,0.00000000000000000e+00,0.00000000000000000e+00,0.00000000000000000e+00,9.90134086593524310e-02,2.49391658608124039e-01,-1.64059914525843120e-01,5.28767311865185885e-01,2.98470819485668398e-09,3.20395084384980784e-11,2.52707643449113572e-09,2.85784432580089899e-11
7.75000000000000022e-01,2.17059212718344252e+00,1.03898083352626913e+00,2.46790922809437735e-01,1.72767605969049720e-01,0.00000000000000000e+00,0.00000000000000000e+00,0.00000000000000000e+00,0.00000000000000000e+00,0.00000000000000000e+00,0.00000000000000000e+00,0.00000000000000000e+00,-2.60643048403026545e-01,0.00000000000000000e+00,0.00000000000000000e+00,0.00000000000000000e+00,0.00000000000000000e+00,0.00000000000000000e+00,0.00000000000000000e+00,0.00000000000000000e+00,9.77834443530992692e-02,2.46790923458049760e-01,-1.58644723689934541e-01,5.25945745940885945e-01,3.08589276802636372e-09,3.18517066653737978e-11,2.62818427887009440e-09,2.84171157308279514e-11
7.79166666666666674e-01,2.17965512918890658e+00,1.04692440120994723e+00,2.44200743963329192e-01,1.67279238180318035e-01,0.00000000000000000e+00,0.00000000000000000e+00,0.00000000000000000e+00,0.00000000000000000e+00,0.00000000000000000e+00,0.00000000000000000e+00,0.00000000000000000e+00,-2.61890082635805654e-01,0.00000000000000000e+00,0.00000000000000000e+00,0.00000000000000000e+00,0.00000000000000000e+00,0.00000000000000000e+00,0.00000000000000000e+00,0.00000000000000000e+00,9.65687589091766829e-02,2.44200744631083488e-01,-1.53206922486656016e-01,5.23123506211516043e-01,3.19179685405010738e-09,3.16564900905148074e-11,2.73444823974889963e-09,2.82488825611083205e-11
7.83333333333333326e-01,2.18875597248399956e+00,1.05491094493151061e+00,2.41621291748059158e-01,1.61743185444890303e-01,0.00000000000000000e+00,0.00000000000000000e+00,0.00000000000000000e+00,0.00000000000000000e+00,0.00000000000000000e+00,0.00000000000000000e+00,0.00000000000000000e+00,-2.63074712757859597e-01,0.00000000000000000e+00,0.00000000000000000e+00,0.00000000000000000e+00,0.00000000000000000e+00,0.00000000000000000e+00,0.00000000000000000e+00,0.00000000000000000e+00,9.53691625304905199e-02,2.41621292435684448e-01,-1.47746416509600298e-01,5.20300689728593335e-01,3.30233483623709063e-09,3.14538534147665699e-11,2.84588035727115065e-09,2.80737389421118454e-11
7.87499999999999978e-01,2.19789481506970175e+00,1.06294094040483733e+00,2.39052734400469369e-01,1.56159669815018248e-01,0.00000000000000000e+00,0.00000000000000000e+00,0.00000000000000000e+00,0.00000000000000000e+00,0.00000000000000000e+00,0.00000000000000000e+00,0.00000000000000000e+00,-2.64194294603233570e-01,0.00000000000000000e+00,0.00000000000000000e+00,0.00000000000000000e+00,0.00000000000000000e+00,0.00000000000000000e+00,0.00000000000000000e+00,0.00000000000000000e+00,9.41844677776356859e-02,2.39052735108641640e-01,-1.42263110958179007e-01,5.17477394352544917e-01,3.41732566400361447e-09,3.12435617321431832e-11,2.96241024183557762e-09,2.78914753586960112e-11
7.91666666666666630e-01,2.20707181560670440e+00,1.07101486974687687e+00,2.36495238054564211e-01,1.50528994211257205e-01,0.00000000000000000e+00,0.00000000000000000e+00,0.00000000000000000e+00,0.00000000000000000e+00,0.00000000000000000e+00,0.00000000000000000e+00,0.00000000000000000e+00,-2.65246133697260911e-01,0.00000000000000000e+00,0.00000000000000000e+00,0.00000000000000000e+00,0.00000000000000000e+00,0.00000000000000000e+00,0.00000000000000000e+00,0.00000000000000000e+00,9.30144895395979138e-02,2.36495238783863859e-01,-1.36756910635977391e-01,5.14653718736911903e-01,3.53637830147638176e-09,3.10279548554294476e-11,3.08378152642779888e-09,2.77041813175370000e-11
7.95833333333333282e-01,2.21628713341816352e+00,1.07913322157507841e+00,2.33948966710826101e-01,1.44851546325240083e-01,0.00000000000000000e+00,0.00000000000000000e+00,0.00000000000000000e+00,0.00000000000000000e+00,0.00000000000000000e+00,0.00000000000000000e+00,0.00000000000000000e+00,-2.66227486432210614e-01,0.00000000000000000e+00,0.00000000000000000e+00,0.00000000000000000e+00,0.00000000000000000e+00,0.00000000000000000e+00,0.00000000000000000e+00,0.00000000000000000e+00,9.18590450048260565e-02,2.33948967461685919e-01,-1.31227719949101873e-01,5.11829762312453362e-01,3.65883537726142859e-09,3.08072233735171095e-11,3.20950259756336428e-09,2.75119228145576346e-11
8.00000000000000044e-01,2.22554092849246787e+00,1.08729649110654059e+00,2.31414082206043620e-01,1.39127802606542228e-01,0.00000000000000000e+00,0.00000000000000000e+00,0.00000000000000000e+00,0.00000000000000000e+00,0.00000000000000000e+00,0.00000000000000000e+00,0.00000000000000000e+00,-2.67135561418808176e-01,0.00000000000000000e+00,0.00000000000000000e+00,0.00000000000000000e+00,0.00000000000000000e+00,0.00000000000000000e+00,0.00000000000000000e+00,0.00000000000000000e+00,9.07179536326668257e-02,2.31414082978691621e-01,-1.25675442904519263e-01,5.09005625271148121e-01,3.78375330404341693e-09,3.05832478237486140e-11,3.33881149837416124e-09,2.73166993927821482e-11
8.04166666666666696e-01,2.23483336148601319e+00,1.09550518025890820e+00,2.28890744183665645e-01,1.33358332329749529e-01,0.00000000000000000e+00,0.00000000000000000e+00,0.00000000000000000e+00,0.00000000000000000e+00,0.00000000000000000e+00,0.00000000000000000e+00,0.00000000000000000e+00,-2.67967521023312338e-01,0.00000000000000000e+00,0.00000000000000000e+00,0.00000000000000000e+00,0.00000000000000000e+00,0.00000000000000000e+00,0.00000000000000000e+00,0.00000000000000000e+00,8.95910371251512627e-02,2.28890744978060140e-01,-1.20099983108392094e-01,5.06181408550096856e-01,3.90983968943027716e-09,3.03594492560361528e-11,3.47062741530225779e-09,2.71212523758874153e-11
8.08333333333333348e-01,2.24416459372599553e+00,1.10375979775305910e+00,2.26379110064692385e-01,1.27543801737757034e-01,0.00000000000000000e+00,0.00000000000000000e+00,0.00000000000000000e+00,0.00000000000000000e+00,0.00000000000000000e+00,0.00000000000000000e+00,0.00000000000000000e+00,-2.68720483101032082e-01,0.00000000000000000e+00,0.00000000000000000e+00,0.00000000000000000e+00,0.00000000000000000e+00,0.00000000000000000e+00,0.00000000000000000e+00,0.00000000000000000e+00,8.84781193997723481e-02,2.26379110881894358e-01,-1.14501243764402738e-01,5.03357213815325277e-01,4.04263831828075842e-09,3.01304521862042038e-11,3.60988242057584961e-09,2.69209989373202476e-11
8.12500000000000000e-01,2.25353478721320855e+00,1.11206085921760378e+00,2.23879335019116110e-01,1.21684978254961829e-01,0.00000000000000000e+00,0.00000000000000000e+00,0.00000000000000000e+00,0.00000000000000000e+00,0.00000000000000000e+00,0.00000000000000000e+00,0.00000000000000000e+00,-2.69391522934726901e-01,0.00000000000000000e+00,0.00000000000000000e+00,0.00000000000000000e+00,0.00000000000000000e+00,0.00000000000000000e+00,0.00000000000000000e+00,0.00000000000000000e+00,8.73790265620020129e-02,2.23879335862783135e-01,-1.08879127672074860e-01,5.00533143445490714e-01,4.19530454992360241e-09,2.98773765302719335e-11,3.76840060686545073e-09,2.66987413674779913e-11
8.16666666666666652e-01,2.26294410462485818e+00,1.12040888729519339e+00,2.21391571937906956e-01,1.15782734763808112e-01,0.00000000000000000e+00,0.00000000000000000e+00,0.00000000000000000e+00,0.00000000000000000e+00,0.00000000000000000e+00,0.00000000000000000e+00,0.00000000000000000e+00,-2.69977675383659965e-01,0.00000000000000000e+00,0.00000000000000000e+00,0.00000000000000000e+00,0.00000000000000000e+00,0.00000000000000000e+00,0.00000000000000000e+00,0.00000000000000000e+00,8.62935868749512142e-02,2.21391572808565473e-01,-1.03233537225085104e-01,4.97709300515475794e-01,4.35235959633710810e-09,2.96133428142076662e-11,3.93266331892993874e-09,2.64665300189338834e-11
8.20833333333333304e-01,2.27239270931738524e+00,1.12880441175077961e+00,2.18915971405591464e-01,1.09838053944651667e-01,0.00000000000000000e+00,0.00000000000000000e+00,0.00000000000000000e+00,0.00000000000000000e+00,0.00000000000000000e+00,0.00000000000000000e+00,0.00000000000000000e+00,-2.70475937269813338e-01,0.00000000000000000e+00,0.00000000000000000e+00,0.00000000000000000e+00,0.00000000000000000e+00,0.00000000000000000e+00,0.00000000000000000e+00,0.00000000000000000e+00,8.52216307363322101e-02,2.18915972303476203e-01,-9.75643744095688881e-02,4.94885788779908520e-01,4.51241512358458201e-09,2.93397757475624865e-11,4.10150401240358650e-09,2.62255299002081433e-11
8.24999999999999956e-01,2.28188076532930362e+00,1.13724796958174346e+00,2.16452681673397540e-01,1.03852032663897295e-01,0.00000000000000000e+00,0.00000000000000000e+00,0.00000000000000000e+00,0.00000000000000000e+00,0.00000000000000000e+00,0.00000000000000000e+00,0.00000000000000000e+00,-2.70883269993977993e-01,0.00000000000000000e+00,0.00000000000000000e+00,0.00000000000000000e+00,0.00000000000000000e+00,0.00000000000000000e+00,0.00000000000000000e+00,0.00000000000000000e+00,8.41629906510535652e-02,2.16452682599293678e-01,-9.18715408024178837e-02,4.92062712656571144e-01,4.67834094143126839e-09,2.90565026709045762e-11,4.27759141822268875e-09,2.59755886328807557e-11
8.29166666666666718e-01,2.29140843738404598e+00,1.14574010512998958e+00,2.14001848632995317e-01,9.78258864057334754e-02,0.00000000000000000e+00,0.00000000000000000e+00,0.00000000000000000e+00,0.00000000000000000e+00,0.00000000000000000e+00,0.00000000000000000e+00,0.00000000000000000e+00,-2.71196602400304743e-01,0.00000000000000000e+00,0.00000000000000000e+00,0.00000000000000000e+00,0.00000000000000000e+00,0.00000000000000000e+00,0.00000000000000000e+00,0.00000000000000000e+00,8.31175012045364536e-02,2.14001849587907966e-01,-8.61549375695723763e-02,4.89240177209718241e-01,4.85137219560529637e-09,2.87681462140449490e-11,4.46217007372922117e-09,2.57208414745723780e-11
8.33333333333333370e-01,2.30097589089282506e+00,1.15428137019602728e+00,2.11563615790840681e-01,9.17609537393810626e-02,0.00000000000000000e+00,0.00000000000000000e+00,0.00000000000000000e+00,0.00000000000000000e+00,0.00000000000000000e+00,0.00000000000000000e+00,0.00000000000000000e+00,-2.71412833899968509e-01,0.00000000000000000e+00,0.00000000000000000e+00,0.00000000000000000e+00,0.00000000000000000e+00,0.00000000000000000e+00,0.00000000000000000e+00,0.00000000000000000e+00,8.20849990367727295e-02,2.11563616775423236e-01,-8.04144654643049739e-02,4.86418288133301069e-01,5.02983415253800298e-09,2.84732494076218244e-11,4.65383684294083151e-09,2.54599896737114269e-11
8.37500000000000022e-01,2.31058329195750423e+00,1.16287232415507491e+00,2.09138124243130274e-01,8.56587008123278898e-02,0.00000000000000000e+00,0.00000000000000000e+00,0.00000000000000000e+00,0.00000000000000000e+00,0.00000000000000000e+00,0.00000000000000000e+00,0.00000000000000000e+00,-2.71528837864724482e-01,0.00000000000000000e+00,0.00000000000000000e+00,0.00000000000000000e+00,0.00000000000000000e+00,0.00000000000000000e+00,0.00000000000000000e+00,0.00000000000000000e+00,8.10653228170237494e-02,2.09138125257627622e-01,-7.46500248254974297e-02,4.83597151734097785e-01,5.21172928591056680e-09,2.81752010751600299e-11,4.85084843325738999e-09,2.51960675501782484e-11
8.41666666666666674e-01,2.32023080737348186e+00,1.17151353407522474e+00,2.06725512651380339e-01,7.95207258586739379e-02,0.00000000000000000e+00,0.00000000000000000e+00,0.00000000000000000e+00,0.00000000000000000e+00,0.00000000000000000e+00,0.00000000000000000e+00,0.00000000000000000e+00,-2.71541465300610629e-01,0.00000000000000000e+00,0.00000000000000000e+00,0.00000000000000000e+00,0.00000000000000000e+00,0.00000000000000000e+00,0.00000000000000000e+00,0.00000000000000000e+00,8.00583132186930974e-02,2.06725513695766500e-01,-6.88615155759109143e-02,4.80776874914753127e-01,5.39572394061339147e-09,2.78772832736043375e-11,5.05204288631564998e-09,2.49320153374459380e-11
8.45833333333333326e-01,2.32991860463258815e+00,1.18020557483770716e+00,2.04325917218638381e-01,7.33487637112771734e-02,0.00000000000000000e+00,0.00000000000000000e+00,0.00000000000000000e+00,0.00000000000000000e+00,0.00000000000000000e+00,0.00000000000000000e+00,0.00000000000000000e+00,-2.71447548812599748e-01,0.00000000000000000e+00,0.00000000000000000e+00,0.00000000000000000e+00,0.00000000000000000e+00,0.00000000000000000e+00,0.00000000000000000e+00,0.00000000000000000e+00,7.90638128943415008e-02,2.04325918292539571e-01,-6.30488372204470737e-02,4.77957565156726993e-01,5.58006048593132498e-09,2.75811686579279552e-11,5.25582461182720911e-09,2.46693349119229598e-11
8.49999999999999978e-01,2.33964685192599076e+00,1.18894902925916246e+00,2.01939471666297499e-01,6.71446903070175294e-02,0.00000000000000000e+00,0.00000000000000000e+00,0.00000000000000000e+00,0.00000000000000000e+00,0.00000000000000000e+00,0.00000000000000000e+00,0.00000000000000000e+00,-2.71243906852970840e-01,0.00000000000000000e+00,0.00000000000000000e+00,0.00000000000000000e+00,0.00000000000000000e+00,0.00000000000000000e+00,0.00000000000000000e+00,0.00000000000000000e+00,7.80816664412884165e-02,2.01939472745028381e-01,-5.72118888444055340e-02,4.75139330503112134e-01,5.63685779560434199e-09,2.74905167795952101e-11,5.34185252508740538e-09,2.45902054273352834e-11
8.54166666666666630e-01,2.34941571814711647e+00,1.19774448821658552e+00,1.99566307211713811e-01,6.09105271671389475e-02,0.00000000000000000e+00,0.00000000000000000e+00,0.00000000000000000e+00,0.00000000000000000e+00,0.00000000000000000e+00,0.00000000000000000e+00,0.00000000000000000e+00,-2.70927348351407915e-01,0.00000000000000000e+00,0.00000000000000000e+00,0.00000000000000000e+00,0.00000000000000000e+00,0.00000000000000000e+00,0.00000000000000000e+00,0.00000000000000000e+00,7.71117204045038973e-02,1.99566308288085942e-01,-5.13505691117300822e-02,4.72322279541522172e-01,5.65656146398658584e-09,2.74624924513022640e-11,5.39355635502110151e-09,2.45668971750348307e-11
8.58333333333333282e-01,2.35922537289458178e+00,1.20659255077388483e+00,1.97206552546301789e-01,5.46484458440809201e-02,0.00000000000000000e+00,0.00000000000000000e+00,0.00000000000000000e+00,0.00000000000000000e+00,0.00000000000000000e+00,0.00000000000000000e+00,0.00000000000000000e+00,-2.70494677584178111e-01,0.00000000000000000e+00,0.00000000000000000e+00,0.00000000000000000e+00,0.00000000000000000e+00,0.00000000000000000e+00,0.00000000000000000e+00,0.00000000000000000e+00,7.61538232345419092e-02,1.97206553629253850e-01,-4.54647762632509611e-02,4.69506521386701070e-01,5.72435550472510431e-09,2.73615562915590321e-11,5.49146081319241803e-09,2.44781661930421448e-11
8.62500000000000044e-01,2.36907598647513984e+00,1.21549382431078823e+00,1.94860333814328990e-01,4.83607723208242871e-02,0.00000000000000000e+00,0.00000000000000000e+00,0.00000000000000000e+00,0.00000000000000000e+00,0.00000000000000000e+00,0.00000000000000000e+00,0.00000000000000000e+00,-2.69942699389612017e-01,0.00000000000000000e+00,0.00000000000000000e+00,0.00000000000000000e+00,0.00000000000000000e+00,0.00000000000000000e+00,0.00000000000000000e+00,0.00000000000000000e+00,7.52078252532170366e-02,1.94860334901048066e-01,-3.95544081149160620e-02,4.66692165663075975e-01,5.77818415943839102e-09,2.72816358269642972e-11,5.57691269693112059e-09,2.44081630678118391e-11
8.66666666666666696e-01,2.37896772990663452e+00,1.22444892465442234e+00,1.92527774592502893e-01,4.20499913379617993e-02,0.00000000000000000e+00,0.00000000000000000e+00,0.00000000000000000e+00,0.00000000000000000e+00,0.00000000000000000e+00,0.00000000000000000e+00,0.00000000000000000e+00,-2.69268224779093179e-01,0.00000000000000000e+00,0.00000000000000000e+00,0.00000000000000000e+00,0.00000000000000000e+00,0.00000000000000000e+00,0.00000000000000000e+00,0.00000000000000000e+00,7.42735786472069059e-02,1.92527775682087315e-01,-3.36193620560193418e-02,4.63879322487346091e-01,5.82808906606012889e-09,2.72099473406685295e-11,5.65936223397587959e-09,2.43450720287186063e-11
8.70833333333333348e-01,2.38890077492097141e+00,1.23345847621293658e+00,1.90208995870156328e-01,3.57187506395077251e-02,0.00000000000000000e+00,0.00000000000000000e+00,0.00000000000000000e+00,0.00000000000000000e+00,0.00000000000000000e+00,0.00000000000000000e+00,0.00000000000000000e+00,-2.68468076858161431e-01,0.00000000000000000e+00,0.00000000000000000e+00,0.00000000000000000e+00,0.00000000000000000e+00,0.00000000000000000e+00,0.00000000000000000e+00,0.00000000000000000e+00,7.33509374391669994e-02,1.90208996963167204e-01,-2.76595350474171386e-02,4.61068102450893691e-01,5.88192712384025689e-09,2.71323456341767743e-11,5.74636790952409350e-09,2.42766209734964871e-11
8.75000000000000000e-01,2.39887529396709809e+00,1.24252311211158140e+00,1.87904116030149421e-01,2.93698651129445862e-02,0.00000000000000000e+00,0.00000000000000000e+00,0.00000000000000000e+00,0.00000000000000000e+00,0.00000000000000000e+00,0.00000000000000000e+00,0.00000000000000000e+00,-2.67539097120712277e-01,0.00000000000000000e+00,0.00000000000000000e+00,0.00000000000000000e+00,0.00000000000000000e+00,0.00000000000000000e+00,0.00000000000000000e+00,0.00000000000000000e+00,7.24397574649184861e-02,1.87904117128140119e-01,-2.16748236197411570e-02,4.58258616602136737e-01,5.94517496258784843e-09,2.70413739708867541e-11,5.84335625607059333e-09,2.41960107218217891e-11
8.79166666666666652e-01,2.40889146021399814e+00,1.25164347433119660e+00,1.85613250830473836e-01,2.30063208098315944e-02,0.00000000000000000e+00,0.00000000000000000e+00,0.00000000000000000e+00,0.00000000000000000e+00,0.00000000000000000e+00,0.00000000000000000e+00,0.00000000000000000e+00,-2.66478152110597999e-01,0.00000000000000000e+00,0.00000000000000000e+00,0.00000000000000000e+00,0.00000000000000000e+00,0.00000000000000000e+00,0.00000000000000000e+00,0.00000000000000000e+00,7.15398963494838919e-02,1.85613251931832673e-01,-1.56651238716011276e-02,4.55450976428798338e-01,6.00066117136295405e-09,2.69622578429957700e-11,5.93362179693707818e-09,2.41258131327443242e-11
8.83333333333333304e-01,2.41894944755369856e+00,1.26082021384924658e+00,1.83336513386588962e-01,1.66312788176923229e-02,0.00000000000000000e+00,0.00000000000000000e+00,0.00000000000000000e+00,0.00000000000000000e+00,0.00000000000000000e+00,0.00000000000000000e+00,0.00000000000000000e+00,-2.65282140472762495e-01,0.00000000000000000e+00,0.00000000000000000e+00,0.00000000000000000e+00,0.00000000000000000e+00,0.00000000000000000e+00,0.00000000000000000e+00,0.00000000000000000e+00,7.06512134889223237e-02,1.83336514492725533e-01,-9.63033146778091709e-03,4.52645293840120977e-01,6.06490262304045299e-09,2.68721289404521930e-11,6.03336751703740418e-09,2.40455670865058024e-11
8.87499999999999956e-01,2.42904943060428780e+00,1.27005399078323289e+00,1.81074014154439522e-01,1.02480789731967288e-02,0.00000000000000000e+00,0.00000000000000000e+00,0.00000000000000000e+00,0.00000000000000000e+00,0.00000000000000000e+00,0.00000000000000000e+00,0.00000000000000000e+00,-2.63948000369424063e-01,0.00000000000000000e+00,0.00000000000000000e+00,0.00000000000000000e+00,0.00000000000000000e+00,0.00000000000000000e+00,0.00000000000000000e+00,0.00000000000000000e+00,6.97735700216583626e-02,1.81074015258860715e-01,-3.57034163742731003e-03,4.49841681148961281e-01,6.09420872754290023e-09,2.68312767053807061e-11,6.09928040646047805e-09,2.40092216162978712e-11
8.91666666666666718e-01,2.43919158471294795e+00,1.27934547453686487e+00,1.78825860914254869e-01,3.86024337371756142e-03,0.00000000000000000e+00,0.00000000000000000e+00,0.00000000000000000e+00,0.00000000000000000e+00,0.00000000000000000e+00,0.00000000000000000e+00,0.00000000000000000e+00,-2.62472717317701720e-01,0.00000000000000000e+00,0.00000000000000000e+00,0.00000000000000000e+00,0.00000000000000000e+00,0.00000000000000000e+00,0.00000000000000000e+00,0.00000000000000000e+00,6.89068288150424813e-02,1.78825862012757963e-01,2.51495082776875822e-03,4.47040251053870852e-01,6.10070054170377551e-09,2.68218533800769813e-11,6.14286480534459085e-09,2.40008074084294280e-11
8.95833333333333370e-01,2.44937608595899725e+00,1.28869534394870056e+00,1.76592158755044998e-01,-2.52852031666248251e-03,0.00000000000000000e+00,0.00000000000000000e+00,0.00000000000000000e+00,0.00000000000000000e+00,0.00000000000000000e+00,0.00000000000000000e+00,0.00000000000000000e+00,-2.60853332404123617e-01,0.00000000000000000e+00,0.00000000000000000e+00,0.00000000000000000e+00,0.00000000000000000e+00,0.00000000000000000e+00,0.00000000000000000e+00,0.00000000000000000e+00,6.80508544413279820e-02,1.76592159849441988e-01,8.62565157539829652e-03,4.44241116621063081e-01,6.11774520342905863e-09,2.67982079797658633e-11,6.19731357627206924e-09,2.39794746829918916e-11
9.00000000000000022e-01,2.45960311115694985e+00,1.29810428744341899e+00,1.74373010059828942e-01,-8.91431579878790813e-03,0.00000000000000000e+00,0.00000000000000000e+00,0.00000000000000000e+00,0.00000000000000000e+00,0.00000000000000000e+00,0.00000000000000000e+00,0.00000000000000000e+00,-2.59086950897784996e-01,0.00000000000000000e+00,0.00000000000000000e+00,0.00000000000000000e+00,0.00000000000000000e+00,0.00000000000000000e+00,0.00000000000000000e+00,0.00000000000000000e+00,6.72055131516717669e-02,1.74373011149058954e-01,1.47618666941699006e-02,4.41444391266298530e-01,6.12928900617972670e-09,2.67822275947812207e-11,6.24655159972230037e-09,2.39648080195329658e-11
9.04166666666666674e-01,2.46987283785958311e+00,1.30757300318592762e+00,1.72168514491648883e-01,-1.52930553470638428e-02,0.00000000000000000e+00,0.00000000000000000e+00,0.00000000000000000e+00,0.00000000000000000e+00,0.00000000000000000e+00,0.00000000000000000e+00,0.00000000000000000e+00,-2.57170751288914257e-01,0.00000000000000000e+00,0.00000000000000000e+00,0.00000000000000000e+00,0.00000000000000000e+00,0.00000000000000000e+00,0.00000000000000000e+00,0.00000000000000000e+00,6.63706728603529472e-02,1.72168515576155923e-01,2.09237027157498368e-02,4.38650188736743885e-01,6.14378810093809618e-09,2.67625899303157677e-11,6.29910199375769486e-09,2.39466755939701140e-11
9.08333333333333326e-01,2.48018544436102095e+00,1.31710219923812910e+00,1.69978768980310863e-01,-2.16604573075509892e-02,0.00000000000000000e+00,0.00000000000000000e+00,0.00000000000000000e+00,0.00000000000000000e+00,0.00000000000000000e+00,0.00000000000000000e+00,0.00000000000000000e+00,-2.55101994721466163e-01,0.00000000000000000e+00,0.00000000000000000e+00,0.00000000000000000e+00,0.00000000000000000e+00,0.00000000000000000e+00,0.00000000000000000e+00,0.00000000000000000e+00,6.55462031216431928e-02,1.69978770059925038e-01,2.71112666166125615e-02,4.35858623092733100e-01,6.15777640533057965e-09,2.67440411751373317e-11,6.35146480619685187e-09,2.39293238213577023e-11
9.12499999999999978e-01,2.49054110969983089e+00,1.32669259371854276e+00,1.67803867709899301e-01,-2.80120439252130420e-02,0.00000000000000000e+00,0.00000000000000000e+00,0.00000000000000000e+00,0.00000000000000000e+00,0.00000000000000000e+00,0.00000000000000000e+00,0.00000000000000000e+00,-2.52878034842215271e-01,0.00000000000000000e+00,0.00000000000000000e+00,0.00000000000000000e+00,0.00000000000000000e+00,0.00000000000000000e+00,0.00000000000000000e+00,0.00000000000000000e+00,6.47319751105287083e-02,1.67803868784610982e-01,3.33246658198985690e-02,4.33069808689479196e-01,6.17216075895544334e-09,2.67246289902314195e-11,6.40457033883498208e-09,2.39110052721772502e-11
9.16666666666666630e-01,2.50094001366212870e+00,1.33634491496476437e+00,1.65643902107053070e-01,-3.43431395270172163e-02,0.00000000000000000e+00,0.00000000000000000e+00,0.00000000000000000e+00,0.00000000000000000e+00,0.00000000000000000e+00,0.00000000000000000e+00,0.00000000000000000e+00,-2.50496328056226847e-01,0.00000000000000000e+00,0.00000000000000000e+00,0.00000000000000000e+00,0.00000000000000000e+00,0.00000000000000000e+00,0.00000000000000000e+00,0.00000000000000000e+00,6.39278616022249946e-02,1.65643903176850626e-01,3.95640081972772339e-02,4.30283860158718334e-01,6.18693347316299991e-09,2.67048125297885460e-11,6.45841794101382900e-09,2.38921302692907159e-11
9.20833333333333282e-01,2.51138233678470302e+00,1.34605990169884304e+00,1.63498960830014362e-01,-4.06488690946643291e-02,0.00000000000000000e+00,0.00000000000000000e+00,0.00000000000000000e+00,0.00000000000000000e+00,0.00000000000000000e+00,0.00000000000000000e+00,0.00000000000000000e+00,-2.47954444190189277e-01,0.00000000000000000e+00,0.00000000000000000e+00,0.00000000000000000e+00,0.00000000000000000e+00,0.00000000000000000e+00,0.00000000000000000e+00,0.00000000000000000e+00,6.31337369523408409e-02,1.63498961894834677e-01,4.58294020708217564e-02,4.27500892390294429e-01,6.20179413876797298e-09,2.66845667321413739e-11,6.51270382952121334e-09,2.38726758521047829e-11
9.25000000000000044e-01,2.52186826035814793e+00,1.35583830319562249e+00,1.61369129758455132e-01,-4.69241572602072041e-02,0.00000000000000000e+00,0.00000000000000000e+00,0.00000000000000000e+00,0.00000000000000000e+00,0.00000000000000000e+00,0.00000000000000000e+00,0.00000000000000000e+00,-2.45250077559153123e-01,0.00000000000000000e+00,0.00000000000000000e+00,0.00000000000000000e+00,0.00000000000000000e+00,0.00000000000000000e+00,0.00000000000000000e+00,0.00000000000000000e+00,6.23494770773512785e-02,1.61369130818418471e-01,5.21209562148887695e-02,4.24721020513687153e-01,6.21782084623109361e-09,2.66645539435853745e-11,6.56856323106435979e-09,2.38532339782262633e-11
9.29166666666666696e-01,2.53239796643001158e+00,1.36568087945409489e+00,1.59254491984084395e-01,-5.31637277584625714e-02,0.00000000000000000e+00,0.00000000000000000e+00,0.00000000000000000e+00,0.00000000000000000e+00,0.00000000000000000e+00,0.00000000000000000e+00,0.00000000000000000e+00,-2.42381058430381990e-01,0.00000000000000000e+00,0.00000000000000000e+00,0.00000000000000000e+00,0.00000000000000000e+00,0.00000000000000000e+00,0.00000000000000000e+00,0.00000000000000000e+00,6.15749594350081669e-02,1.59254493039185735e-01,5.84387798580069395e-02,4.21944359879482978e-01,6.23428687105439462e-09,2.66423353254320317e-11,6.62525320005459334e-09,2.38316223971813396e-11
9.33333333333333348e-01,2.54297163780795454e+00,1.37558840137183469e+00,1.57155127802042521e-01,-5.93621033730692346e-02,0.00000000000000000e+00,0.00000000000000000e+00,0.00000000000000000e+00,0.00000000000000000e+00,0.00000000000000000e+00,0.00000000000000000e+00,0.00000000000000000e+00,-2.39345364877784544e-01,0.00000000000000000e+00,0.00000000000000000e+00,0.00000000000000000e+00,0.00000000000000000e+00,0.00000000000000000e+00,0.00000000000000000e+00,0.00000000000000000e+00,6.08100630053547836e-02,1.57155128852280168e-01,6.47829826847726720e-02,4.19171026040793593e-01,6.25121558023740291e-09,2.66208170929183105e-11,6.68280860140598491e-09,2.38104402909662687e-11
9.37500000000000000e-01,2.55358945806292681e+00,1.38556165092255323e+00,1.55071114703085711e-01,-6.55136064116341732e-02,0.00000000000000000e+00,0.00000000000000000e+00,0.00000000000000000e+00,0.00000000000000000e+00,0.00000000000000000e+00,0.00000000000000000e+00,0.00000000000000000e+00,-2.36141135016134707e-01,0.00000000000000000e+00,0.00000000000000000e+00,0.00000000000000000e+00,0.00000000000000000e+00,0.00000000000000000e+00,0.00000000000000000e+00,0.00000000000000000e+00,6.00546682717668714e-02,1.55071115748456889e-01,7.11536748377560313e-02,4.16401134734623035e-01,6.26860391915437381e-09,2.65989468409438539e-11,6.74123722824939512e-09,2.37887455810525095e-11
9.41666666666666652e-01,2.56425161153235237e+00,1.39560142133684328e+00,1.53002527366564917e-01,-7.16123597483344504e-02,0.00000000000000000e+00,0.00000000000000000e+00,0.00000000000000000e+00,0.00000000000000000e+00,0.00000000000000000e+00,0.00000000000000000e+00,0.00000000000000000e+00,-2.32766679603319510e-01,0.00000000000000000e+00,0.00000000000000000e+00,0.00000000000000000e+00,0.00000000000000000e+00,0.00000000000000000e+00,0.00000000000000000e+00,0.00000000000000000e+00,5.93086572022792705e-02,1.53002528407064770e-01,7.75509669194114348e-02,4.13634801863186297e-01,6.28644400382312631e-09,2.65763409841645751e-11,6.80054025104905759e-09,2.37661945868035801e-11
9.45833333333333304e-01,2.57495828332332932e+00,1.40570851728616164e+00,1.50949437654202434e-01,-7.76522884720923789e-02,0.00000000000000000e+00,0.00000000000000000e+00,0.00000000000000000e+00,0.00000000000000000e+00,0.00000000000000000e+00,0.00000000000000000e+00,0.00000000000000000e+00,-2.29220494995954094e-01,0.00000000000000000e+00,0.00000000000000000e+00,0.00000000000000000e+00,0.00000000000000000e+00,0.00000000000000000e+00,0.00000000000000000e+00,0.00000000000000000e+00,5.85719132311432675e-02,1.50949438689823717e-01,8.39749699939975613e-02,4.10872143475181695e-01,6.30472389732523345e-09,2.65540668101523107e-11,6.86071635749616045e-09,2.37437410712374839e-11
9.49999999999999956e-01,2.58570965931584595e+00,1.41588375507011555e+00,1.48911914604669543e-01,-8.36271221796004299e-02,0.00000000000000000e+00,0.00000000000000000e+00,0.00000000000000000e+00,0.00000000000000000e+00,0.00000000000000000e+00,0.00000000000000000e+00,0.00000000000000000e+00,-2.25501276441111620e-01,0.00000000000000000e+00,0.00000000000000000e+00,0.00000000000000000e+00,0.00000000000000000e+00,0.00000000000000000e+00,0.00000000000000000e+00,0.00000000000000000e+00,5.78443212406124577e-02,1.48911915635400821e-01,9.04257955895075849e-02,4.08113275747018944e-01,6.32342065872022970e-09,2.65308279669082397e-11,6.92175151806028189e-09,2.37202251084472110e-11
9.54166666666666718e-01,2.59650592616600573e+00,1.42612796280710707e+00,1.46890024428968174e-01,-8.95303979530282096e-02,0.00000000000000000e+00,0.00000000000000000e+00,0.00000000000000000e+00,0.00000000000000000e+00,0.00000000000000000e+00,0.00000000000000000e+00,0.00000000000000000e+00,-2.21607931684153214e-01,0.00000000000000000e+00,0.00000000000000000e+00,0.00000000000000000e+00,0.00000000000000000e+00,0.00000000000000000e+00,0.00000000000000000e+00,0.00000000000000000e+00,5.71257675429559172e-02,1.46890025454793210e-01,9.69035556996034053e-02,4.05358314964006594e-01,6.34250830280132462e-09,2.65067687065138823e-11,6.98362623909433071e-09,2.36957751220624549e-11
9.58333333333333370e-01,2.60734727130926736e+00,1.43644198062839767e+00,1.44883830506619016e-01,-9.53554640627000127e-02,0.00000000000000000e+00,0.00000000000000000e+00,0.00000000000000000e+00,0.00000000000000000e+00,0.00000000000000000e+00,0.00000000000000000e+00,0.00000000000000000e+00,-2.17539594869718023e-01,0.00000000000000000e+00,0.00000000000000000e+00,0.00000000000000000e+00,0.00000000000000000e+00,0.00000000000000000e+00,0.00000000000000000e+00,0.00000000000000000e+00,5.64161398626939203e-02,1.44883831527515355e-01,1.03408362785560426e-01,4.02607377501500663e-01,6.36194842881201538e-09,2.64830003124693135e-11,7.04630964631482034e-09,2.36713838357905103e-11
9.62500000000000022e-01,2.61823388296370085e+00,1.44682666087565814e+00,1.42893393382658052e-01,-1.01095484435432412e-01,0.00000000000000000e+00,0.00000000000000000e+00,0.00000000000000000e+00,0.00000000000000000e+00,0.00000000000000000e+00,0.00000000000000000e+00,0.00000000000000000e+00,-2.13295640709837142e-01,0.00000000000000000e+00,0.00000000000000000e+00,0.00000000000000000e+00,0.00000000000000000e+00,0.00000000000000000e+00,0.00000000000000000e+00,0.00000000000000000e+00,5.57153273190546944e-02,1.42893394398595802e-01,1.09940329778220436e-01,3.99860579806016803e-01,6.38169633851068429e-09,2.64593374176233127e-11,7.10976007581273358e-09,2.36468845825758040e-11
9.66666666666666674e-01,2.62916595013325471e+00,1.45728286830205600e+00,1.40918770765443679e-01,-1.06743443929347773e-01,0.00000000000000000e+00,0.00000000000000000e+00,0.00000000000000000e+00,0.00000000000000000e+00,0.00000000000000000e+00,0.00000000000000000e+00,0.00000000000000000e+00,-2.08875698889900679e-01,0.00000000000000000e+00,0.00000000000000000e+00,0.00000000000000000e+00,0.00000000000000000e+00,0.00000000000000000e+00,0.00000000000000000e+00,0.00000000000000000e+00,5.50232204086422705e-02,1.40918771776364887e-01,1.16499570079952819e-01,3.97118038376309157e-01,6.40157081656779787e-09,2.64349937580568215e-11,7.17378667946411807e-09,2.36215737946899291e-11
9.70833333333333326e-01,2.64014366261103595e+00,1.46781148027695596e+00,1.38960017525275953e-01,-1.12292154456089685e-01,0.00000000000000000e+00,0.00000000000000000e+00,0.00000000000000000e+00,0.00000000000000000e+00,0.00000000000000000e+00,0.00000000000000000e+00,0.00000000000000000e+00,-2.04279668679823140e-01,0.00000000000000000e+00,0.00000000000000000e+00,0.00000000000000000e+00,0.00000000000000000e+00,0.00000000000000000e+00,0.00000000000000000e+00,0.00000000000000000e+00,5.43397109883286128e-02,1.38960018531078922e-01,1.23086197566621536e-01,3.94379869744419076e-01,6.42129184752241915e-09,2.64107371472033635e-11,7.23807451468462949e-09,2.35961367636530803e-11
9.74999999999999978e-01,2.65116721098260655e+00,1.47841338699428926e+00,1.37017185693828702e-01,-1.17734261991306460e-01,0.00000000000000000e+00,0.00000000000000000e+00,0.00000000000000000e+00,0.00000000000000000e+00,0.00000000000000000e+00,0.00000000000000000e+00,0.00000000000000000e+00,-1.99507733714261920e-01,0.00000000000000000e+00,0.00000000000000000e+00,0.00000000000000000e+00,0.00000000000000000e+00,0.00000000000000000e+00,0.00000000000000000e+00,0.00000000000000000e+00,5.36646922584384373e-02,1.37017186694591619e-01,1.29700326589563875e-01,3.91646190456694632e-01,6.44200665169334329e-09,2.63849491661156231e-11,7.30392253061851359e-09,2.35693076883538173e-11
9.79166666666666630e-01,2.66223678662929153e+00,1.48908949168465754e+00,1.35090324464395645e-01,-1.23062254512520550e-01,0.00000000000000000e+00,0.00000000000000000e+00,0.00000000000000000e+00,0.00000000000000000e+00,0.00000000000000000e+00,0.00000000000000000e+00,0.00000000000000000e+00,-1.94560376901826121e-01,0.00000000000000000e+00,0.00000000000000000e+00,0.00000000000000000e+00,0.00000000000000000e+00,0.00000000000000000e+00,0.00000000000000000e+00,0.00000000000000000e+00,5.29980587458850211e-02,1.35090325460092031e-01,1.36342071977574864e-01,3.88917117054786043e-01,6.46305224350524648e-09,2.63592069384372261e-11,7.37059728785895909e-09,2.35419519451763522e-11
9.83333333333333282e-01,2.67335258173150159e+00,1.49984071083124459e+00,1.33179480192951144e-01,-1.28268470905938736e-01,0.00000000000000000e+00,0.00000000000000000e+00,0.00000000000000000e+00,0.00000000000000000e+00,0.00000000000000000e+00,0.00000000000000000e+00,0.00000000000000000e+00,-1.89438395419925520e-01,0.00000000000000000e+00,0.00000000000000000e+00,0.00000000000000000e+00,0.00000000000000000e+00,0.00000000000000000e+00,0.00000000000000000e+00,0.00000000000000000e+00,5.23397062878237090e-02,1.33179481183549553e-01,1.43011549038901009e-01,3.86192766056618397e-01,6.48439446947987549e-09,2.63330957303919773e-11,7.43807079028381864e-09,2.35142409623160072e-11
9.87500000000000044e-01,2.68451478927207043e+00,1.51066797438959299e+00,1.31284696400025241e-01,-1.33345110879245166e-01,0.00000000000000000e+00,0.00000000000000000e+00,0.00000000000000000e+00,0.00000000000000000e+00,0.00000000000000000e+00,0.00000000000000000e+00,0.00000000000000000e+00,-1.84142915747375818e-01,0.00000000000000000e+00,0.00000000000000000e+00,0.00000000000000000e+00,0.00000000000000000e+00,0.00000000000000000e+00,0.00000000000000000e+00,0.00000000000000000e+00,5.16895320153433410e-02,1.31284697385494586e-01,1.49708873563242140e-01,3.83473253937344438e-01,6.50603634648229500e-09,2.63059660212609604e-11,7.50635347943515644e-09,2.34854129924927280e-11
9.91666666666666696e-01,2.69572360303960235e+00,1.52157222601132092e+00,1.29406013773393058e-01,-1.38284245918568638e-01,0.00000000000000000e+00,0.00000000000000000e+00,0.00000000000000000e+00,0.00000000000000000e+00,0.00000000000000000e+00,0.00000000000000000e+00,0.00000000000000000e+00,-1.78675408683233838e-01,0.00000000000000000e+00,0.00000000000000000e+00,0.00000000000000000e+00,0.00000000000000000e+00,0.00000000000000000e+00,0.00000000000000000e+00,0.00000000000000000e+00,5.10474343373878009e-02,1.29406014753693566e-01,1.56434161823761464e-01,3.80758697110281985e-01,6.52791688059485380e-09,2.62797052706586369e-11,7.57538596101497670e-09,2.34571521874498281e-11
9.95833333333333348e-01,2.70697921763184146e+00,1.53255442327184666e+00,1.27543470171577772e-01,-1.43077831325601118e-01,0.00000000000000000e+00,0.00000000000000000e+00,0.00000000000000000e+00,0.00000000000000000e+00,0.00000000000000000e+00,0.00000000000000000e+00,0.00000000000000000e+00,-1.73037704296057721e-01,0.00000000000000000e+00,0.00000000000000000e+00,0.00000000000000000e+00,0.00000000000000000e+00,0.00000000000000000e+00,0.00000000000000000e+00,0.00000000000000000e+00,5.04133129248870784e-02,1.27543471146665810e-01,1.63187530579104845e-01,3.78049211907836191e-01,6.55000999666152863e-09,2.62523954803392187e-11,7.64514270565607156e-09,2.34277452519290004e-11
1.00000000000000000e+00,2.71828182845904509e+00,1.54361553790218342e+00,1.25697100628165054e-01,-1.47717719367555261e-01,0.00000000000000000e+00,0.00000000000000000e+00,0.00000000000000000e+00,0.00000000000000000e+00,0.00000000000000000e+00,0.00000000000000000e+00,0.00000000000000000e+00,-1.67232006743893297e-01,0.00000000000000000e+00,0.00000000000000000e+00,0.00000000000000000e+00,0.00000000000000000e+00,0.00000000000000000e+00,0.00000000000000000e+00,0.00000000000000000e+00,4.97870686947413862e-02,1.25697101596997624e-01,1.69969097075427067e-01,3.75344914562410870e-01,6.56550892624613526e-09,2.62337090072021404e-11,7.70767629019542454e-09,2.34058212976449535e-11
